{
"type": "FeatureCollection",
"name": "IMPD_bus",
"crs": { "type": "name", "properties": { "name": "urn:ogc:def:crs:OGC:1.3:CRS84" } },
"features": [
{ "type": "Feature", "properties": { "CODI_PARADA": 2, "NOM_PARADA": "Av Icària - Àlaba", "MARQUESINA": 1.0, "PAL": null, "PAL SOLAR": null, "PIU": 1.0, "GEOMETRY": "POINT (2.1989850510752147 41.39310425052752)", "Type": "Bus Stop", "Evaluation": "Has PID" }, "geometry": { "type": "Point", "coordinates": [ 2.198985051075215, 41.393104250527522 ] } },
{ "type": "Feature", "properties": { "CODI_PARADA": 3, "NOM_PARADA": "València - Muntaner", "MARQUESINA": 1.0, "PAL": null, "PAL SOLAR": null, "PIU": 1.0, "GEOMETRY": "POINT (2.157891256250179 41.38854563338069)", "Type": "Bus Stop", "Evaluation": "Has PID" }, "geometry": { "type": "Point", "coordinates": [ 2.157891256250179, 41.388545633380687 ] } },
{ "type": "Feature", "properties": { "CODI_PARADA": 4, "NOM_PARADA": "Mallorca - Balmes", "MARQUESINA": 1.0, "PAL": null, "PAL SOLAR": null, "PIU": 1.0, "GEOMETRY": "POINT (2.1587318610871247 41.391021357114504)", "Type": "Bus Stop", "Evaluation": "Has PID" }, "geometry": { "type": "Point", "coordinates": [ 2.158731861087125, 41.391021357114504 ] } },
{ "type": "Feature", "properties": { "CODI_PARADA": 7, "NOM_PARADA": "Pl Universitat", "MARQUESINA": 1.0, "PAL": null, "PAL SOLAR": null, "PIU": 1.0, "GEOMETRY": "POINT (2.163309821110431 41.38590662761268)", "Type": "Bus Stop", "Evaluation": "Has PID" }, "geometry": { "type": "Point", "coordinates": [ 2.163309821110431, 41.385906627612677 ] } },
{ "type": "Feature", "properties": { "CODI_PARADA": 8, "NOM_PARADA": "Pl de Carles Buïgas", "MARQUESINA": 1.0, "PAL": null, "PAL SOLAR": null, "PIU": null, "GEOMETRY": "POINT (2.1501182497304105 41.371045269524885)", "Type": "Bus Stop", "Evaluation": "No PID" }, "geometry": { "type": "Point", "coordinates": [ 2.150118249730411, 41.371045269524885 ] } },
{ "type": "Feature", "properties": { "CODI_PARADA": 12, "NOM_PARADA": "Llinars - Santander", "MARQUESINA": null, "PAL": 1.0, "PAL SOLAR": null, "PIU": null, "GEOMETRY": "POINT (2.207305118073329 41.43475457314541)", "Type": "Bus Stop", "Evaluation": "No PID" }, "geometry": { "type": "Point", "coordinates": [ 2.207305118073329, 41.434754573145412 ] } },
{ "type": "Feature", "properties": { "CODI_PARADA": 15, "NOM_PARADA": "Via Favència - Almagro", "MARQUESINA": 1.0, "PAL": null, "PAL SOLAR": null, "PIU": 1.0, "GEOMETRY": "POINT (2.1720545079345395 41.44391007228348)", "Type": "Bus Stop", "Evaluation": "Has PID" }, "geometry": { "type": "Point", "coordinates": [ 2.172054507934539, 41.443910072283479 ] } },
{ "type": "Feature", "properties": { "CODI_PARADA": 16, "NOM_PARADA": "Via Favència - Castor", "MARQUESINA": 1.0, "PAL": null, "PAL SOLAR": null, "PIU": 1.0, "GEOMETRY": "POINT (2.170198177056857 41.442690395643076)", "Type": "Bus Stop", "Evaluation": "Has PID" }, "geometry": { "type": "Point", "coordinates": [ 2.170198177056857, 41.442690395643076 ] } },
{ "type": "Feature", "properties": { "CODI_PARADA": 17, "NOM_PARADA": "Les Torres - Mina de la Ciutat", "MARQUESINA": null, "PAL": 1.0, "PAL SOLAR": null, "PIU": null, "GEOMETRY": "POINT (2.171609650166558 41.44665153645408)", "Type": "Bus Stop", "Evaluation": "No PID" }, "geometry": { "type": "Point", "coordinates": [ 2.171609650166558, 41.446651536454077 ] } },
{ "type": "Feature", "properties": { "CODI_PARADA": 18, "NOM_PARADA": "Antonio Machado - E M de Natació", "MARQUESINA": 1.0, "PAL": null, "PAL SOLAR": null, "PIU": null, "GEOMETRY": "POINT (2.170504715994722 41.44429481138409)", "Type": "Bus Stop", "Evaluation": "No PID" }, "geometry": { "type": "Point", "coordinates": [ 2.170504715994722, 41.44429481138409 ] } },
{ "type": "Feature", "properties": { "CODI_PARADA": 20, "NOM_PARADA": "Antonio Machado - Artesania", "MARQUESINA": null, "PAL": 1.0, "PAL SOLAR": null, "PIU": null, "GEOMETRY": "POINT (2.1708213862666947 41.44438503212881)", "Type": "Bus Stop", "Evaluation": "No PID" }, "geometry": { "type": "Point", "coordinates": [ 2.170821386266695, 41.444385032128807 ] } },
{ "type": "Feature", "properties": { "CODI_PARADA": 21, "NOM_PARADA": "Palau Reial", "MARQUESINA": 1.0, "PAL": null, "PAL SOLAR": null, "PIU": null, "GEOMETRY": "POINT (2.116136628335877 41.3855931238466)", "Type": "Bus Stop", "Evaluation": "No PID" }, "geometry": { "type": "Point", "coordinates": [ 2.116136628335877, 41.385593123846597 ] } },
{ "type": "Feature", "properties": { "CODI_PARADA": 22, "NOM_PARADA": "Av República Argentina - Vallcarca", "MARQUESINA": 1.0, "PAL": null, "PAL SOLAR": null, "PIU": 1.0, "GEOMETRY": "POINT (2.1439734013239478 41.411364980366116)", "Type": "Bus Stop", "Evaluation": "Has PID" }, "geometry": { "type": "Point", "coordinates": [ 2.143973401323948, 41.411364980366116 ] } },
{ "type": "Feature", "properties": { "CODI_PARADA": 24, "NOM_PARADA": "Ronda Guineueta Vella - Barri Canyelles", "MARQUESINA": 1.0, "PAL": null, "PAL SOLAR": null, "PIU": null, "GEOMETRY": "POINT (2.1652189855300423 41.44432545936974)", "Type": "Bus Stop", "Evaluation": "No PID" }, "geometry": { "type": "Point", "coordinates": [ 2.165218985530042, 41.444325459369743 ] } },
{ "type": "Feature", "properties": { "CODI_PARADA": 25, "NOM_PARADA": "Ronda Guineueta Vella - Escola Deià", "MARQUESINA": 1.0, "PAL": null, "PAL SOLAR": null, "PIU": null, "GEOMETRY": "POINT (2.1677873525065485 41.444835445214544)", "Type": "Bus Stop", "Evaluation": "No PID" }, "geometry": { "type": "Point", "coordinates": [ 2.167787352506549, 41.444835445214544 ] } },
{ "type": "Feature", "properties": { "CODI_PARADA": 27, "NOM_PARADA": "Metro Marina", "MARQUESINA": 1.0, "PAL": null, "PAL SOLAR": null, "PIU": 1.0, "GEOMETRY": "POINT (2.187548624816929 41.39443652060837)", "Type": "Bus Stop", "Evaluation": "Has PID" }, "geometry": { "type": "Point", "coordinates": [ 2.187548624816929, 41.394436520608373 ] } },
{ "type": "Feature", "properties": { "CODI_PARADA": 28, "NOM_PARADA": "Hospital Vall d'Hebron", "MARQUESINA": 1.0, "PAL": null, "PAL SOLAR": null, "PIU": 1.0, "GEOMETRY": "POINT (2.1429924537910474 41.426892430914)", "Type": "Bus Stop", "Evaluation": "Has PID" }, "geometry": { "type": "Point", "coordinates": [ 2.142992453791047, 41.426892430914002 ] } },
{ "type": "Feature", "properties": { "CODI_PARADA": 29, "NOM_PARADA": "Sant Genís dels Agudells - Natzaret", "MARQUESINA": null, "PAL": 1.0, "PAL SOLAR": null, "PIU": null, "GEOMETRY": "POINT (2.1380498089055813 41.42919681833726)", "Type": "Bus Stop", "Evaluation": "No PID" }, "geometry": { "type": "Point", "coordinates": [ 2.138049808905581, 41.42919681833726 ] } },
{ "type": "Feature", "properties": { "CODI_PARADA": 30, "NOM_PARADA": "Sant Genís dels Agudells", "MARQUESINA": 1.0, "PAL": null, "PAL SOLAR": null, "PIU": null, "GEOMETRY": "POINT (2.138144783311567 41.429429957540655)", "Type": "Bus Stop", "Evaluation": "No PID" }, "geometry": { "type": "Point", "coordinates": [ 2.138144783311567, 41.429429957540655 ] } },
{ "type": "Feature", "properties": { "CODI_PARADA": 31, "NOM_PARADA": "Llull - Àlaba", "MARQUESINA": 1.0, "PAL": null, "PAL SOLAR": null, "PIU": null, "GEOMETRY": "POINT (2.1955195568296935 41.3960201273447)", "Type": "Bus Stop", "Evaluation": "No PID" }, "geometry": { "type": "Point", "coordinates": [ 2.195519556829693, 41.396020127344698 ] } },
{ "type": "Feature", "properties": { "CODI_PARADA": 32, "NOM_PARADA": "Metro Glòries", "MARQUESINA": 1.0, "PAL": null, "PAL SOLAR": null, "PIU": null, "GEOMETRY": "POINT (2.1880842852153264 41.40302046434473)", "Type": "Bus Stop", "Evaluation": "No PID" }, "geometry": { "type": "Point", "coordinates": [ 2.188084285215326, 41.403020464344728 ] } },
{ "type": "Feature", "properties": { "CODI_PARADA": 34, "NOM_PARADA": "Av Icària - Av Bogatell", "MARQUESINA": 1.0, "PAL": null, "PAL SOLAR": null, "PIU": 1.0, "GEOMETRY": "POINT (2.1993183139738863 41.39302513799257)", "Type": "Bus Stop", "Evaluation": "Has PID" }, "geometry": { "type": "Point", "coordinates": [ 2.199318313973886, 41.393025137992574 ] } },
{ "type": "Feature", "properties": { "CODI_PARADA": 36, "NOM_PARADA": "Metro Marina", "MARQUESINA": 1.0, "PAL": null, "PAL SOLAR": null, "PIU": 1.0, "GEOMETRY": "POINT (2.187544654419209 41.39415329734852)", "Type": "Bus Stop", "Evaluation": "Has PID" }, "geometry": { "type": "Point", "coordinates": [ 2.187544654419209, 41.394153297348517 ] } },
{ "type": "Feature", "properties": { "CODI_PARADA": 38, "NOM_PARADA": "Marina - Ribes", "MARQUESINA": 1.0, "PAL": null, "PAL SOLAR": null, "PIU": null, "GEOMETRY": "POINT (2.1829317394136964 41.397709087479946)", "Type": "Bus Stop", "Evaluation": "No PID" }, "geometry": { "type": "Point", "coordinates": [ 2.182931739413696, 41.397709087479946 ] } },
{ "type": "Feature", "properties": { "CODI_PARADA": 39, "NOM_PARADA": "Pg de Sant Joan - Alí-Bei", "MARQUESINA": 1.0, "PAL": null, "PAL SOLAR": null, "PIU": 1.0, "GEOMETRY": "POINT (2.178786632215774 41.392553322031745)", "Type": "Bus Stop", "Evaluation": "Has PID" }, "geometry": { "type": "Point", "coordinates": [ 2.178786632215774, 41.392553322031745 ] } },
{ "type": "Feature", "properties": { "CODI_PARADA": 41, "NOM_PARADA": "Diagonal - Doctor Fleming", "MARQUESINA": 1.0, "PAL": null, "PAL SOLAR": null, "PIU": 1.0, "GEOMETRY": "POINT (2.136321962467283 41.39071004982654)", "Type": "Bus Stop", "Evaluation": "Has PID" }, "geometry": { "type": "Point", "coordinates": [ 2.136321962467283, 41.390710049826538 ] } },
{ "type": "Feature", "properties": { "CODI_PARADA": 42, "NOM_PARADA": "Diagonal - L'Illa Diagonal", "MARQUESINA": 1.0, "PAL": null, "PAL SOLAR": null, "PIU": 1.0, "GEOMETRY": "POINT (2.1335897951886795 41.38962300011276)", "Type": "Bus Stop", "Evaluation": "Has PID" }, "geometry": { "type": "Point", "coordinates": [ 2.13358979518868, 41.389623000112763 ] } },
{ "type": "Feature", "properties": { "CODI_PARADA": 43, "NOM_PARADA": "Pg Zona Franca - Foneria", "MARQUESINA": 1.0, "PAL": null, "PAL SOLAR": null, "PIU": 1.0, "GEOMETRY": "POINT (2.139079492271442 41.35982611940885)", "Type": "Bus Stop", "Evaluation": "Has PID" }, "geometry": { "type": "Point", "coordinates": [ 2.139079492271442, 41.359826119408851 ] } },
{ "type": "Feature", "properties": { "CODI_PARADA": 44, "NOM_PARADA": "Pg Zona Franca - Foc", "MARQUESINA": 1.0, "PAL": null, "PAL SOLAR": null, "PIU": 1.0, "GEOMETRY": "POINT (2.1415389465293435 41.35686272891957)", "Type": "Bus Stop", "Evaluation": "Has PID" }, "geometry": { "type": "Point", "coordinates": [ 2.141538946529344, 41.356862728919573 ] } },
{ "type": "Feature", "properties": { "CODI_PARADA": 47, "NOM_PARADA": "Parc Sanitari Pere Virgili", "MARQUESINA": 1.0, "PAL": null, "PAL SOLAR": null, "PIU": 1.0, "GEOMETRY": "POINT (2.1419292118493005 41.416266549436905)", "Type": "Bus Stop", "Evaluation": "Has PID" }, "geometry": { "type": "Point", "coordinates": [ 2.141929211849301, 41.416266549436905 ] } },
{ "type": "Feature", "properties": { "CODI_PARADA": 48, "NOM_PARADA": "Palau d'Esports Vall d'Hebron", "MARQUESINA": 1.0, "PAL": null, "PAL SOLAR": null, "PIU": 1.0, "GEOMETRY": "POINT (2.1441653264898766 41.42791991234202)", "Type": "Bus Stop", "Evaluation": "Has PID" }, "geometry": { "type": "Point", "coordinates": [ 2.144165326489877, 41.42791991234202 ] } },
{ "type": "Feature", "properties": { "CODI_PARADA": 51, "NOM_PARADA": "Hospital Vall d'Hebron - Natzaret", "MARQUESINA": null, "PAL": 1.0, "PAL SOLAR": null, "PIU": null, "GEOMETRY": "POINT (2.1382663104658888 41.42938365016152)", "Type": "Bus Stop", "Evaluation": "No PID" }, "geometry": { "type": "Point", "coordinates": [ 2.138266310465889, 41.429383650161519 ] } },
{ "type": "Feature", "properties": { "CODI_PARADA": 52, "NOM_PARADA": "Metro Montbau - Hospital Vall d'Hebron", "MARQUESINA": 1.0, "PAL": null, "PAL SOLAR": null, "PIU": 1.0, "GEOMETRY": "POINT (2.144496729721298 41.430145243075344)", "Type": "Bus Stop", "Evaluation": "Has PID" }, "geometry": { "type": "Point", "coordinates": [ 2.144496729721298, 41.430145243075344 ] } },
{ "type": "Feature", "properties": { "CODI_PARADA": 54, "NOM_PARADA": "Comte d'Urgell - Aragó", "MARQUESINA": 1.0, "PAL": null, "PAL SOLAR": null, "PIU": 1.0, "GEOMETRY": "POINT (2.1554670442815 41.38457422747997)", "Type": "Bus Stop", "Evaluation": "Has PID" }, "geometry": { "type": "Point", "coordinates": [ 2.1554670442815, 41.384574227479973 ] } },
{ "type": "Feature", "properties": { "CODI_PARADA": 55, "NOM_PARADA": "Pg de Gràcia - Aragó", "MARQUESINA": 1.0, "PAL": null, "PAL SOLAR": null, "PIU": 1.0, "GEOMETRY": "POINT (2.1655030482429694 41.39179965756838)", "Type": "Bus Stop", "Evaluation": "Has PID" }, "geometry": { "type": "Point", "coordinates": [ 2.165503048242969, 41.391799657568377 ] } },
{ "type": "Feature", "properties": { "CODI_PARADA": 56, "NOM_PARADA": "Casanova - Aragó", "MARQUESINA": 1.0, "PAL": null, "PAL SOLAR": null, "PIU": null, "GEOMETRY": "POINT (2.1580170453470986 41.38603896800173)", "Type": "Bus Stop", "Evaluation": "No PID" }, "geometry": { "type": "Point", "coordinates": [ 2.158017045347099, 41.386038968001728 ] } },
{ "type": "Feature", "properties": { "CODI_PARADA": 58, "NOM_PARADA": "Aribau - Aragó", "MARQUESINA": 1.0, "PAL": null, "PAL SOLAR": null, "PIU": 1.0, "GEOMETRY": "POINT (2.1600794243256995 41.38789868801672)", "Type": "Bus Stop", "Evaluation": "Has PID" }, "geometry": { "type": "Point", "coordinates": [ 2.1600794243257, 41.387898688016719 ] } },
{ "type": "Feature", "properties": { "CODI_PARADA": 59, "NOM_PARADA": "Entença - Consell de Cent", "MARQUESINA": 1.0, "PAL": null, "PAL SOLAR": null, "PIU": 1.0, "GEOMETRY": "POINT (2.150088317149935 41.38008334392784)", "Type": "Bus Stop", "Evaluation": "Has PID" }, "geometry": { "type": "Point", "coordinates": [ 2.150088317149935, 41.380083343927843 ] } },
{ "type": "Feature", "properties": { "CODI_PARADA": 60, "NOM_PARADA": "Llúria - Aragó", "MARQUESINA": 1.0, "PAL": null, "PAL SOLAR": null, "PIU": 1.0, "GEOMETRY": "POINT (2.167924800121421 41.393897604496196)", "Type": "Bus Stop", "Evaluation": "Has PID" }, "geometry": { "type": "Point", "coordinates": [ 2.167924800121421, 41.393897604496196 ] } },
{ "type": "Feature", "properties": { "CODI_PARADA": 61, "NOM_PARADA": "Independència - Consell de Cent", "MARQUESINA": 1.0, "PAL": null, "PAL SOLAR": null, "PIU": 1.0, "GEOMETRY": "POINT (2.185030300125279 41.40660998338062)", "Type": "Bus Stop", "Evaluation": "Has PID" }, "geometry": { "type": "Point", "coordinates": [ 2.185030300125279, 41.406609983380619 ] } },
{ "type": "Feature", "properties": { "CODI_PARADA": 63, "NOM_PARADA": "Pg de Sant Joan - Aragó", "MARQUESINA": 1.0, "PAL": null, "PAL SOLAR": null, "PIU": 1.0, "GEOMETRY": "POINT (2.17239072613645 41.397386323366476)", "Type": "Bus Stop", "Evaluation": "Has PID" }, "geometry": { "type": "Point", "coordinates": [ 2.17239072613645, 41.397386323366476 ] } },
{ "type": "Feature", "properties": { "CODI_PARADA": 64, "NOM_PARADA": "Montserrat Roig - Lleó Fontova", "MARQUESINA": 1.0, "PAL": null, "PAL SOLAR": null, "PIU": null, "GEOMETRY": "POINT (2.0617715611475007 41.36275493012816)", "Type": "Bus Stop", "Evaluation": "No PID" }, "geometry": { "type": "Point", "coordinates": [ 2.061771561147501, 41.362754930128162 ] } },
{ "type": "Feature", "properties": { "CODI_PARADA": 65, "NOM_PARADA": "Josep Tarradellas - Francesc Macià", "MARQUESINA": 1.0, "PAL": null, "PAL SOLAR": null, "PIU": 1.0, "GEOMETRY": "POINT (2.1437488586846305 41.391602782379884)", "Type": "Bus Stop", "Evaluation": "Has PID" }, "geometry": { "type": "Point", "coordinates": [ 2.14374885868463, 41.391602782379884 ] } },
{ "type": "Feature", "properties": { "CODI_PARADA": 69, "NOM_PARADA": "Pg Sant Gervasi - Mas Yebra", "MARQUESINA": 1.0, "PAL": null, "PAL SOLAR": null, "PIU": 1.0, "GEOMETRY": "POINT (2.1381901848073546 41.41210058517856)", "Type": "Bus Stop", "Evaluation": "Has PID" }, "geometry": { "type": "Point", "coordinates": [ 2.138190184807355, 41.412100585178557 ] } },
{ "type": "Feature", "properties": { "CODI_PARADA": 70, "NOM_PARADA": "Terré - Pl de Benet XV", "MARQUESINA": null, "PAL": 1.0, "PAL SOLAR": null, "PIU": null, "GEOMETRY": "POINT (2.120595640754426 41.40600178384615)", "Type": "Bus Stop", "Evaluation": "No PID" }, "geometry": { "type": "Point", "coordinates": [ 2.120595640754426, 41.40600178384615 ] } },
{ "type": "Feature", "properties": { "CODI_PARADA": 71, "NOM_PARADA": "Ronda de Dalt - Bellesguard", "MARQUESINA": 1.0, "PAL": null, "PAL SOLAR": null, "PIU": null, "GEOMETRY": "POINT (2.126513244073167 41.410478660021866)", "Type": "Bus Stop", "Evaluation": "No PID" }, "geometry": { "type": "Point", "coordinates": [ 2.126513244073167, 41.410478660021866 ] } },
{ "type": "Feature", "properties": { "CODI_PARADA": 73, "NOM_PARADA": "Josep Garí - Collserola", "MARQUESINA": 1.0, "PAL": null, "PAL SOLAR": null, "PIU": 1.0, "GEOMETRY": "POINT (2.135586402040773 41.41572550311381)", "Type": "Bus Stop", "Evaluation": "Has PID" }, "geometry": { "type": "Point", "coordinates": [ 2.135586402040773, 41.415725503113812 ] } },
{ "type": "Feature", "properties": { "CODI_PARADA": 74, "NOM_PARADA": "Benedetti - Ronda de Dalt", "MARQUESINA": null, "PAL": 1.0, "PAL SOLAR": null, "PIU": null, "GEOMETRY": "POINT (2.124256353415615 41.40884445852506)", "Type": "Bus Stop", "Evaluation": "No PID" }, "geometry": { "type": "Point", "coordinates": [ 2.124256353415615, 41.40884445852506 ] } },
{ "type": "Feature", "properties": { "CODI_PARADA": 79, "NOM_PARADA": "Aeroport T2B - Sortides", "MARQUESINA": null, "PAL": 1.0, "PAL SOLAR": null, "PIU": null, "GEOMETRY": "POINT (2.075946311066171 41.30293025429886)", "Type": "Bus Stop", "Evaluation": "No PID" }, "geometry": { "type": "Point", "coordinates": [ 2.075946311066171, 41.302930254298857 ] } },
{ "type": "Feature", "properties": { "CODI_PARADA": 81, "NOM_PARADA": "Aeroport T2C", "MARQUESINA": null, "PAL": 1.0, "PAL SOLAR": null, "PIU": null, "GEOMETRY": "POINT (2.08187459777348 41.30503253374092)", "Type": "Bus Stop", "Evaluation": "No PID" }, "geometry": { "type": "Point", "coordinates": [ 2.08187459777348, 41.305032533740921 ] } },
{ "type": "Feature", "properties": { "CODI_PARADA": 82, "NOM_PARADA": "Tamariu - Palamós", "MARQUESINA": 1.0, "PAL": null, "PAL SOLAR": null, "PIU": 1.0, "GEOMETRY": "POINT (2.185429966979869 41.449496023470374)", "Type": "Bus Stop", "Evaluation": "Has PID" }, "geometry": { "type": "Point", "coordinates": [ 2.185429966979869, 41.449496023470374 ] } },
{ "type": "Feature", "properties": { "CODI_PARADA": 83, "NOM_PARADA": "Via Favència - Aiguablava", "MARQUESINA": 1.0, "PAL": null, "PAL SOLAR": null, "PIU": 1.0, "GEOMETRY": "POINT (2.1805601465574496 41.446460954918344)", "Type": "Bus Stop", "Evaluation": "Has PID" }, "geometry": { "type": "Point", "coordinates": [ 2.18056014655745, 41.446460954918344 ] } },
{ "type": "Feature", "properties": { "CODI_PARADA": 84, "NOM_PARADA": "Av Santa Coloma", "MARQUESINA": 1.0, "PAL": null, "PAL SOLAR": null, "PIU": null, "GEOMETRY": "POINT (2.207881754521349 41.44818490253078)", "Type": "Bus Stop", "Evaluation": "No PID" }, "geometry": { "type": "Point", "coordinates": [ 2.207881754521349, 41.448184902530777 ] } },
{ "type": "Feature", "properties": { "CODI_PARADA": 85, "NOM_PARADA": "Metro Can Peixauet", "MARQUESINA": null, "PAL": null, "PAL SOLAR": 1.0, "PIU": 1.0, "GEOMETRY": "POINT (2.209515248549062 41.445019025643134)", "Type": "Bus Stop", "Evaluation": "Has PID" }, "geometry": { "type": "Point", "coordinates": [ 2.209515248549062, 41.445019025643134 ] } },
{ "type": "Feature", "properties": { "CODI_PARADA": 88, "NOM_PARADA": "Torreblanca - Av Generalitat", "MARQUESINA": null, "PAL": null, "PAL SOLAR": 1.0, "PIU": 1.0, "GEOMETRY": "POINT (2.0561323859457072 41.37607041912963)", "Type": "Bus Stop", "Evaluation": "Has PID" }, "geometry": { "type": "Point", "coordinates": [ 2.056132385945707, 41.376070419129633 ] } },
{ "type": "Feature", "properties": { "CODI_PARADA": 89, "NOM_PARADA": "Torreblanca - Pla del Vent", "MARQUESINA": 1.0, "PAL": null, "PAL SOLAR": null, "PIU": null, "GEOMETRY": "POINT (2.061322951561969 41.37919827006525)", "Type": "Bus Stop", "Evaluation": "No PID" }, "geometry": { "type": "Point", "coordinates": [ 2.061322951561969, 41.379198270065253 ] } },
{ "type": "Feature", "properties": { "CODI_PARADA": 90, "NOM_PARADA": "Torreblanca - Rubió i Tudurí", "MARQUESINA": 1.0, "PAL": null, "PAL SOLAR": null, "PIU": null, "GEOMETRY": "POINT (2.0589475028268067 41.377765153674545)", "Type": "Bus Stop", "Evaluation": "No PID" }, "geometry": { "type": "Point", "coordinates": [ 2.058947502826807, 41.377765153674545 ] } },
{ "type": "Feature", "properties": { "CODI_PARADA": 91, "NOM_PARADA": "Av Granvia - Miguel Hernández", "MARQUESINA": 1.0, "PAL": null, "PAL SOLAR": null, "PIU": null, "GEOMETRY": "POINT (2.120214007348505 41.35276297902497)", "Type": "Bus Stop", "Evaluation": "No PID" }, "geometry": { "type": "Point", "coordinates": [ 2.120214007348505, 41.352762979024973 ] } },
{ "type": "Feature", "properties": { "CODI_PARADA": 92, "NOM_PARADA": "Pl Europa", "MARQUESINA": 1.0, "PAL": null, "PAL SOLAR": null, "PIU": null, "GEOMETRY": "POINT (2.126576673159588 41.35835312968156)", "Type": "Bus Stop", "Evaluation": "No PID" }, "geometry": { "type": "Point", "coordinates": [ 2.126576673159588, 41.358353129681561 ] } },
{ "type": "Feature", "properties": { "CODI_PARADA": 94, "NOM_PARADA": "Diagonal - Balmes", "MARQUESINA": 1.0, "PAL": null, "PAL SOLAR": null, "PIU": 1.0, "GEOMETRY": "POINT (2.155381779112274 41.395404055420975)", "Type": "Bus Stop", "Evaluation": "Has PID" }, "geometry": { "type": "Point", "coordinates": [ 2.155381779112274, 41.395404055420975 ] } },
{ "type": "Feature", "properties": { "CODI_PARADA": 95, "NOM_PARADA": "Gran Via - Balmes", "MARQUESINA": null, "PAL": null, "PAL SOLAR": 1.0, "PIU": 1.0, "GEOMETRY": "POINT (2.165804450110879 41.387853637984)", "Type": "Bus Stop", "Evaluation": "Has PID" }, "geometry": { "type": "Point", "coordinates": [ 2.165804450110879, 41.387853637984001 ] } },
{ "type": "Feature", "properties": { "CODI_PARADA": 96, "NOM_PARADA": "Mitre - Muntaner", "MARQUESINA": 1.0, "PAL": null, "PAL SOLAR": null, "PIU": 1.0, "GEOMETRY": "POINT (2.138465148520255 41.4030953745085)", "Type": "Bus Stop", "Evaluation": "Has PID" }, "geometry": { "type": "Point", "coordinates": [ 2.138465148520255, 41.403095374508503 ] } },
{ "type": "Feature", "properties": { "CODI_PARADA": 97, "NOM_PARADA": "Pg Sant Gervasi - Folgueroles", "MARQUESINA": null, "PAL": 1.0, "PAL SOLAR": null, "PIU": null, "GEOMETRY": "POINT (2.135210326944611 41.40937986850908)", "Type": "Bus Stop", "Evaluation": "No PID" }, "geometry": { "type": "Point", "coordinates": [ 2.135210326944611, 41.409379868509077 ] } },
{ "type": "Feature", "properties": { "CODI_PARADA": 98, "NOM_PARADA": "València - Balmes", "MARQUESINA": 1.0, "PAL": null, "PAL SOLAR": null, "PIU": 1.0, "GEOMETRY": "POINT (2.160080878305513 41.390198101499976)", "Type": "Bus Stop", "Evaluation": "Has PID" }, "geometry": { "type": "Point", "coordinates": [ 2.160080878305513, 41.390198101499976 ] } },
{ "type": "Feature", "properties": { "CODI_PARADA": 99, "NOM_PARADA": "Mitre - Saragossa", "MARQUESINA": null, "PAL": 1.0, "PAL SOLAR": null, "PIU": null, "GEOMETRY": "POINT (2.1434703607390344 41.405398218998364)", "Type": "Bus Stop", "Evaluation": "No PID" }, "geometry": { "type": "Point", "coordinates": [ 2.143470360739034, 41.405398218998364 ] } },
{ "type": "Feature", "properties": { "CODI_PARADA": 100, "NOM_PARADA": "París - Enric Granados", "MARQUESINA": 1.0, "PAL": null, "PAL SOLAR": null, "PIU": null, "GEOMETRY": "POINT (2.1533924891889287 41.39367856753074)", "Type": "Bus Stop", "Evaluation": "No PID" }, "geometry": { "type": "Point", "coordinates": [ 2.153392489188929, 41.393678567530742 ] } },
{ "type": "Feature", "properties": { "CODI_PARADA": 103, "NOM_PARADA": "Bisbe Català - Pl Pedralbes", "MARQUESINA": 1.0, "PAL": null, "PAL SOLAR": null, "PIU": null, "GEOMETRY": "POINT (2.114508529593381 41.39605845515232)", "Type": "Bus Stop", "Evaluation": "No PID" }, "geometry": { "type": "Point", "coordinates": [ 2.114508529593381, 41.396058455152321 ] } },
{ "type": "Feature", "properties": { "CODI_PARADA": 105, "NOM_PARADA": "Guipúscoa - Bac de Roda", "MARQUESINA": null, "PAL": null, "PAL SOLAR": 1.0, "PIU": 1.0, "GEOMETRY": "POINT (2.1955473075831717 41.41497005378726)", "Type": "Bus Stop", "Evaluation": "Has PID" }, "geometry": { "type": "Point", "coordinates": [ 2.195547307583172, 41.414970053787258 ] } },
{ "type": "Feature", "properties": { "CODI_PARADA": 106, "NOM_PARADA": "Guipúscoa - Bac de Roda", "MARQUESINA": null, "PAL": null, "PAL SOLAR": 1.0, "PIU": 1.0, "GEOMETRY": "POINT (2.195057152546777 41.41504736912713)", "Type": "Bus Stop", "Evaluation": "Has PID" }, "geometry": { "type": "Point", "coordinates": [ 2.195057152546777, 41.41504736912713 ] } },
{ "type": "Feature", "properties": { "CODI_PARADA": 108, "NOM_PARADA": "Pl Espanya - FGC", "MARQUESINA": 1.0, "PAL": null, "PAL SOLAR": null, "PIU": 1.0, "GEOMETRY": "POINT (2.147176196108483 41.37376222990743)", "Type": "Bus Stop", "Evaluation": "Has PID" }, "geometry": { "type": "Point", "coordinates": [ 2.147176196108483, 41.373762229907427 ] } },
{ "type": "Feature", "properties": { "CODI_PARADA": 109, "NOM_PARADA": "Numància - Marquès de Sentmenat", "MARQUESINA": 1.0, "PAL": null, "PAL SOLAR": null, "PIU": 1.0, "GEOMETRY": "POINT (2.1374561597196347 41.384606611860974)", "Type": "Bus Stop", "Evaluation": "Has PID" }, "geometry": { "type": "Point", "coordinates": [ 2.137456159719635, 41.384606611860974 ] } },
{ "type": "Feature", "properties": { "CODI_PARADA": 110, "NOM_PARADA": "Nicaragua - Josep Tarradellas", "MARQUESINA": 1.0, "PAL": null, "PAL SOLAR": null, "PIU": 1.0, "GEOMETRY": "POINT (2.141836480030419 41.38290253133384)", "Type": "Bus Stop", "Evaluation": "Has PID" }, "geometry": { "type": "Point", "coordinates": [ 2.141836480030419, 41.382902531333841 ] } },
{ "type": "Feature", "properties": { "CODI_PARADA": 111, "NOM_PARADA": "Pl del Bosc", "MARQUESINA": 1.0, "PAL": null, "PAL SOLAR": null, "PIU": null, "GEOMETRY": "POINT (2.1839057358146063 41.46958875017331)", "Type": "Bus Stop", "Evaluation": "No PID" }, "geometry": { "type": "Point", "coordinates": [ 2.183905735814606, 41.469588750173308 ] } },
{ "type": "Feature", "properties": { "CODI_PARADA": 112, "NOM_PARADA": "Bifurcació - del Molí", "MARQUESINA": 1.0, "PAL": null, "PAL SOLAR": null, "PIU": null, "GEOMETRY": "POINT (2.1834159202990375 41.47180540674941)", "Type": "Bus Stop", "Evaluation": "No PID" }, "geometry": { "type": "Point", "coordinates": [ 2.183415920299038, 41.471805406749411 ] } },
{ "type": "Feature", "properties": { "CODI_PARADA": 113, "NOM_PARADA": "Bifurcació - Pl Sant Joan", "MARQUESINA": 1.0, "PAL": null, "PAL SOLAR": null, "PIU": null, "GEOMETRY": "POINT (2.180865779749882 41.46962178003317)", "Type": "Bus Stop", "Evaluation": "No PID" }, "geometry": { "type": "Point", "coordinates": [ 2.180865779749882, 41.469621780033172 ] } },
{ "type": "Feature", "properties": { "CODI_PARADA": 114, "NOM_PARADA": "Bifurcació - Ctra C-17", "MARQUESINA": null, "PAL": 1.0, "PAL SOLAR": null, "PIU": null, "GEOMETRY": "POINT (2.1788839287913513 41.4669403383655)", "Type": "Bus Stop", "Evaluation": "No PID" }, "geometry": { "type": "Point", "coordinates": [ 2.178883928791351, 41.466940338365497 ] } },
{ "type": "Feature", "properties": { "CODI_PARADA": 115, "NOM_PARADA": "Ctra C-17 - Bifurcació", "MARQUESINA": null, "PAL": 1.0, "PAL SOLAR": null, "PIU": null, "GEOMETRY": "POINT (2.178990801394018 41.4670713688247)", "Type": "Bus Stop", "Evaluation": "No PID" }, "geometry": { "type": "Point", "coordinates": [ 2.178990801394018, 41.467071368824698 ] } },
{ "type": "Feature", "properties": { "CODI_PARADA": 116, "NOM_PARADA": "Vinyes - Pont", "MARQUESINA": null, "PAL": 1.0, "PAL SOLAR": null, "PIU": null, "GEOMETRY": "POINT (2.180794470885138 41.469156697957715)", "Type": "Bus Stop", "Evaluation": "No PID" }, "geometry": { "type": "Point", "coordinates": [ 2.180794470885138, 41.469156697957715 ] } },
{ "type": "Feature", "properties": { "CODI_PARADA": 117, "NOM_PARADA": "Av de la Ribera - Pl de la Ribera", "MARQUESINA": null, "PAL": null, "PAL SOLAR": 1.0, "PIU": 1.0, "GEOMETRY": "POINT (2.189000106969179 41.47679523472511)", "Type": "Bus Stop", "Evaluation": "Has PID" }, "geometry": { "type": "Point", "coordinates": [ 2.189000106969179, 41.47679523472511 ] } },
{ "type": "Feature", "properties": { "CODI_PARADA": 118, "NOM_PARADA": "Bolívar - Ballester", "MARQUESINA": 1.0, "PAL": null, "PAL SOLAR": null, "PIU": 1.0, "GEOMETRY": "POINT (2.1477119860036873 41.40925437505612)", "Type": "Bus Stop", "Evaluation": "Has PID" }, "geometry": { "type": "Point", "coordinates": [ 2.147711986003687, 41.409254375056122 ] } },
{ "type": "Feature", "properties": { "CODI_PARADA": 119, "NOM_PARADA": "Av de Vallcarca - Pl Lesseps", "MARQUESINA": 1.0, "PAL": null, "PAL SOLAR": null, "PIU": null, "GEOMETRY": "POINT (2.148950590702681 41.408598137731104)", "Type": "Bus Stop", "Evaluation": "No PID" }, "geometry": { "type": "Point", "coordinates": [ 2.148950590702681, 41.408598137731104 ] } },
{ "type": "Feature", "properties": { "CODI_PARADA": 120, "NOM_PARADA": "Av Riera de Cassoles - Rambla de Prat", "MARQUESINA": 1.0, "PAL": null, "PAL SOLAR": null, "PIU": 1.0, "GEOMETRY": "POINT (2.151229551911657 41.40152554010779)", "Type": "Bus Stop", "Evaluation": "Has PID" }, "geometry": { "type": "Point", "coordinates": [ 2.151229551911657, 41.401525540107791 ] } },
{ "type": "Feature", "properties": { "CODI_PARADA": 123, "NOM_PARADA": "Arc de Triomf", "MARQUESINA": 1.0, "PAL": null, "PAL SOLAR": null, "PIU": 1.0, "GEOMETRY": "POINT (2.178718374798961 41.39127422464899)", "Type": "Bus Stop", "Evaluation": "Has PID" }, "geometry": { "type": "Point", "coordinates": [ 2.178718374798961, 41.391274224648988 ] } },
{ "type": "Feature", "properties": { "CODI_PARADA": 125, "NOM_PARADA": "Metro Tetuan", "MARQUESINA": 1.0, "PAL": null, "PAL SOLAR": null, "PIU": 1.0, "GEOMETRY": "POINT (2.1742188443601735 41.393789594993514)", "Type": "Bus Stop", "Evaluation": "Has PID" }, "geometry": { "type": "Point", "coordinates": [ 2.174218844360174, 41.393789594993514 ] } },
{ "type": "Feature", "properties": { "CODI_PARADA": 126, "NOM_PARADA": "Mercat de la Concepció", "MARQUESINA": 1.0, "PAL": null, "PAL SOLAR": null, "PIU": 1.0, "GEOMETRY": "POINT (2.1691093559853383 41.39698770791255)", "Type": "Bus Stop", "Evaluation": "Has PID" }, "geometry": { "type": "Point", "coordinates": [ 2.169109355985338, 41.396987707912551 ] } },
{ "type": "Feature", "properties": { "CODI_PARADA": 127, "NOM_PARADA": "Segre - Pl de Can Fabra", "MARQUESINA": 1.0, "PAL": null, "PAL SOLAR": null, "PIU": 1.0, "GEOMETRY": "POINT (2.1918617726162415 41.43513812081408)", "Type": "Bus Stop", "Evaluation": "Has PID" }, "geometry": { "type": "Point", "coordinates": [ 2.191861772616241, 41.435138120814081 ] } },
{ "type": "Feature", "properties": { "CODI_PARADA": 128, "NOM_PARADA": "Segre - Pl Orfila", "MARQUESINA": 1.0, "PAL": null, "PAL SOLAR": null, "PIU": null, "GEOMETRY": "POINT (2.1914679018148697 41.43574998725545)", "Type": "Bus Stop", "Evaluation": "No PID" }, "geometry": { "type": "Point", "coordinates": [ 2.19146790181487, 41.435749987255448 ] } },
{ "type": "Feature", "properties": { "CODI_PARADA": 129, "NOM_PARADA": "Av de Vallcarca - Ballester", "MARQUESINA": null, "PAL": 1.0, "PAL SOLAR": null, "PIU": null, "GEOMETRY": "POINT (2.1475859832006816 41.409657812495695)", "Type": "Bus Stop", "Evaluation": "No PID" }, "geometry": { "type": "Point", "coordinates": [ 2.147585983200682, 41.409657812495695 ] } },
{ "type": "Feature", "properties": { "CODI_PARADA": 130, "NOM_PARADA": "Pg Lluís Companys - Parc de la Ciutadella", "MARQUESINA": 1.0, "PAL": null, "PAL SOLAR": null, "PIU": 1.0, "GEOMETRY": "POINT (2.1835283350133055 41.389501481336666)", "Type": "Bus Stop", "Evaluation": "Has PID" }, "geometry": { "type": "Point", "coordinates": [ 2.183528335013305, 41.389501481336666 ] } },
{ "type": "Feature", "properties": { "CODI_PARADA": 133, "NOM_PARADA": "Via Augusta - Pau Alcover", "MARQUESINA": null, "PAL": 1.0, "PAL SOLAR": null, "PIU": null, "GEOMETRY": "POINT (2.1259335170955915 41.398431345892206)", "Type": "Bus Stop", "Evaluation": "No PID" }, "geometry": { "type": "Point", "coordinates": [ 2.125933517095592, 41.398431345892206 ] } },
{ "type": "Feature", "properties": { "CODI_PARADA": 134, "NOM_PARADA": "Pg Bonanova", "MARQUESINA": 1.0, "PAL": null, "PAL SOLAR": null, "PIU": 1.0, "GEOMETRY": "POINT (2.124037680841094 41.39994326730356)", "Type": "Bus Stop", "Evaluation": "Has PID" }, "geometry": { "type": "Point", "coordinates": [ 2.124037680841094, 41.399943267303563 ] } },
{ "type": "Feature", "properties": { "CODI_PARADA": 136, "NOM_PARADA": "Josep Tarradellas - Av de Sarrià", "MARQUESINA": 1.0, "PAL": null, "PAL SOLAR": null, "PIU": null, "GEOMETRY": "POINT (2.1440526199555814 41.390958182961526)", "Type": "Bus Stop", "Evaluation": "No PID" }, "geometry": { "type": "Point", "coordinates": [ 2.144052619955581, 41.390958182961526 ] } },
{ "type": "Feature", "properties": { "CODI_PARADA": 137, "NOM_PARADA": "Floridablanca - Viladomat", "MARQUESINA": 1.0, "PAL": null, "PAL SOLAR": null, "PIU": 1.0, "GEOMETRY": "POINT (2.158158403744033 41.378171055929236)", "Type": "Bus Stop", "Evaluation": "Has PID" }, "geometry": { "type": "Point", "coordinates": [ 2.158158403744033, 41.378171055929236 ] } },
{ "type": "Feature", "properties": { "CODI_PARADA": 138, "NOM_PARADA": "València - Comte d'Urgell", "MARQUESINA": 1.0, "PAL": null, "PAL SOLAR": null, "PIU": 1.0, "GEOMETRY": "POINT (2.1545372876502054 41.38602007806764)", "Type": "Bus Stop", "Evaluation": "Has PID" }, "geometry": { "type": "Point", "coordinates": [ 2.154537287650205, 41.386020078067638 ] } },
{ "type": "Feature", "properties": { "CODI_PARADA": 139, "NOM_PARADA": "Mallorca - Comte d'Urgell", "MARQUESINA": 1.0, "PAL": null, "PAL SOLAR": null, "PIU": 1.0, "GEOMETRY": "POINT (2.1531194246954355 41.386791456092546)", "Type": "Bus Stop", "Evaluation": "Has PID" }, "geometry": { "type": "Point", "coordinates": [ 2.153119424695435, 41.386791456092546 ] } },
{ "type": "Feature", "properties": { "CODI_PARADA": 140, "NOM_PARADA": "Paral·lel - Ronda Sant Pau", "MARQUESINA": 1.0, "PAL": null, "PAL SOLAR": null, "PIU": 1.0, "GEOMETRY": "POINT (2.167171023936409 41.375061537430504)", "Type": "Bus Stop", "Evaluation": "Has PID" }, "geometry": { "type": "Point", "coordinates": [ 2.167171023936409, 41.375061537430504 ] } },
{ "type": "Feature", "properties": { "CODI_PARADA": 146, "NOM_PARADA": "Rosselló - Bruc", "MARQUESINA": 1.0, "PAL": null, "PAL SOLAR": null, "PIU": 1.0, "GEOMETRY": "POINT (2.1637444727531334 41.39807508027192)", "Type": "Bus Stop", "Evaluation": "Has PID" }, "geometry": { "type": "Point", "coordinates": [ 2.163744472753133, 41.398075080271923 ] } },
{ "type": "Feature", "properties": { "CODI_PARADA": 148, "NOM_PARADA": "Ronda Sant Pere - Girona", "MARQUESINA": 1.0, "PAL": null, "PAL SOLAR": null, "PIU": 1.0, "GEOMETRY": "POINT (2.175962376494219 41.390248726563414)", "Type": "Bus Stop", "Evaluation": "Has PID" }, "geometry": { "type": "Point", "coordinates": [ 2.175962376494219, 41.390248726563414 ] } },
{ "type": "Feature", "properties": { "CODI_PARADA": 149, "NOM_PARADA": "Gran Via - Llúria", "MARQUESINA": 1.0, "PAL": null, "PAL SOLAR": null, "PIU": 1.0, "GEOMETRY": "POINT (2.171675464781671 41.39187016602525)", "Type": "Bus Stop", "Evaluation": "Has PID" }, "geometry": { "type": "Point", "coordinates": [ 2.171675464781671, 41.391870166025249 ] } },
{ "type": "Feature", "properties": { "CODI_PARADA": 151, "NOM_PARADA": "Av de Cornellà - Montesa", "MARQUESINA": 1.0, "PAL": null, "PAL SOLAR": null, "PIU": null, "GEOMETRY": "POINT (2.0811090743342495 41.369641076953606)", "Type": "Bus Stop", "Evaluation": "No PID" }, "geometry": { "type": "Point", "coordinates": [ 2.08110907433425, 41.369641076953606 ] } },
{ "type": "Feature", "properties": { "CODI_PARADA": 152, "NOM_PARADA": "Rambla dels Països Catalans - Ptge Formentera", "MARQUESINA": null, "PAL": 1.0, "PAL SOLAR": null, "PIU": null, "GEOMETRY": "POINT (2.185055566622681 41.491375496905185)", "Type": "Bus Stop", "Evaluation": "No PID" }, "geometry": { "type": "Point", "coordinates": [ 2.185055566622681, 41.491375496905185 ] } },
{ "type": "Feature", "properties": { "CODI_PARADA": 154, "NOM_PARADA": "Pg Valldaura - Pg Andreu Nin", "MARQUESINA": 1.0, "PAL": null, "PAL SOLAR": null, "PIU": 1.0, "GEOMETRY": "POINT (2.1825025380125562 41.439280451817474)", "Type": "Bus Stop", "Evaluation": "Has PID" }, "geometry": { "type": "Point", "coordinates": [ 2.182502538012556, 41.439280451817474 ] } },
{ "type": "Feature", "properties": { "CODI_PARADA": 156, "NOM_PARADA": "Espronceda - Pl Islàndia", "MARQUESINA": 1.0, "PAL": null, "PAL SOLAR": null, "PIU": 1.0, "GEOMETRY": "POINT (2.18824418582476 41.41760570278609)", "Type": "Bus Stop", "Evaluation": "Has PID" }, "geometry": { "type": "Point", "coordinates": [ 2.18824418582476, 41.417605702786091 ] } },
{ "type": "Feature", "properties": { "CODI_PARADA": 159, "NOM_PARADA": "Caracas - Potosí", "MARQUESINA": 1.0, "PAL": null, "PAL SOLAR": null, "PIU": null, "GEOMETRY": "POINT (2.2026927937669605 41.44405989011592)", "Type": "Bus Stop", "Evaluation": "No PID" }, "geometry": { "type": "Point", "coordinates": [ 2.20269279376696, 41.444059890115923 ] } },
{ "type": "Feature", "properties": { "CODI_PARADA": 160, "NOM_PARADA": "Badal - Canalejas", "MARQUESINA": 1.0, "PAL": null, "PAL SOLAR": null, "PIU": null, "GEOMETRY": "POINT (2.1310357888053146 41.37348903225844)", "Type": "Bus Stop", "Evaluation": "No PID" }, "geometry": { "type": "Point", "coordinates": [ 2.131035788805315, 41.373489032258441 ] } },
{ "type": "Feature", "properties": { "CODI_PARADA": 161, "NOM_PARADA": "Badal - Casteràs", "MARQUESINA": null, "PAL": 1.0, "PAL SOLAR": null, "PIU": null, "GEOMETRY": "POINT (2.1304562362195405 41.37504928369003)", "Type": "Bus Stop", "Evaluation": "No PID" }, "geometry": { "type": "Point", "coordinates": [ 2.130456236219541, 41.375049283690032 ] } },
{ "type": "Feature", "properties": { "CODI_PARADA": 162, "NOM_PARADA": "Sagrera - Múrcia", "MARQUESINA": null, "PAL": 1.0, "PAL SOLAR": null, "PIU": null, "GEOMETRY": "POINT (2.191488105216723 41.417651621553645)", "Type": "Bus Stop", "Evaluation": "No PID" }, "geometry": { "type": "Point", "coordinates": [ 2.191488105216723, 41.417651621553645 ] } },
{ "type": "Feature", "properties": { "CODI_PARADA": 164, "NOM_PARADA": "Santa Rosalia - Besòs", "MARQUESINA": null, "PAL": 1.0, "PAL SOLAR": null, "PIU": null, "GEOMETRY": "POINT (2.146678885938338 41.42168981635833)", "Type": "Bus Stop", "Evaluation": "No PID" }, "geometry": { "type": "Point", "coordinates": [ 2.146678885938338, 41.421689816358331 ] } },
{ "type": "Feature", "properties": { "CODI_PARADA": 165, "NOM_PARADA": "València - Villarroel", "MARQUESINA": 1.0, "PAL": null, "PAL SOLAR": null, "PIU": 1.0, "GEOMETRY": "POINT (2.1556080688367265 41.386831294276554)", "Type": "Bus Stop", "Evaluation": "Has PID" }, "geometry": { "type": "Point", "coordinates": [ 2.155608068836727, 41.386831294276554 ] } },
{ "type": "Feature", "properties": { "CODI_PARADA": 166, "NOM_PARADA": "Mallorca - Muntaner", "MARQUESINA": 1.0, "PAL": null, "PAL SOLAR": null, "PIU": 1.0, "GEOMETRY": "POINT (2.1567207392689567 41.38951230567803)", "Type": "Bus Stop", "Evaluation": "Has PID" }, "geometry": { "type": "Point", "coordinates": [ 2.156720739268957, 41.389512305678032 ] } },
{ "type": "Feature", "properties": { "CODI_PARADA": 167, "NOM_PARADA": "Gran Via - Casanova", "MARQUESINA": null, "PAL": null, "PAL SOLAR": 1.0, "PIU": 1.0, "GEOMETRY": "POINT (2.160998552904154 41.38425014553903)", "Type": "Bus Stop", "Evaluation": "Has PID" }, "geometry": { "type": "Point", "coordinates": [ 2.160998552904154, 41.384250145539028 ] } },
{ "type": "Feature", "properties": { "CODI_PARADA": 168, "NOM_PARADA": "Diagonal - Francesc Macià", "MARQUESINA": 1.0, "PAL": null, "PAL SOLAR": null, "PIU": 1.0, "GEOMETRY": "POINT (2.146354704374655 41.393118404480056)", "Type": "Bus Stop", "Evaluation": "Has PID" }, "geometry": { "type": "Point", "coordinates": [ 2.146354704374655, 41.393118404480056 ] } },
{ "type": "Feature", "properties": { "CODI_PARADA": 171, "NOM_PARADA": "París - Casanova", "MARQUESINA": 1.0, "PAL": null, "PAL SOLAR": null, "PIU": null, "GEOMETRY": "POINT (2.149974091818243 41.39110071446782)", "Type": "Bus Stop", "Evaluation": "No PID" }, "geometry": { "type": "Point", "coordinates": [ 2.149974091818243, 41.391100714467818 ] } },
{ "type": "Feature", "properties": { "CODI_PARADA": 172, "NOM_PARADA": "Av Pedralbes - Cavallers", "MARQUESINA": 1.0, "PAL": null, "PAL SOLAR": null, "PIU": 1.0, "GEOMETRY": "POINT (2.115241014620418 41.393053746962806)", "Type": "Bus Stop", "Evaluation": "Has PID" }, "geometry": { "type": "Point", "coordinates": [ 2.115241014620418, 41.393053746962806 ] } },
{ "type": "Feature", "properties": { "CODI_PARADA": 173, "NOM_PARADA": "Villarroel - Aragó", "MARQUESINA": 1.0, "PAL": null, "PAL SOLAR": null, "PIU": null, "GEOMETRY": "POINT (2.1565514911672334 41.385291472817606)", "Type": "Bus Stop", "Evaluation": "No PID" }, "geometry": { "type": "Point", "coordinates": [ 2.156551491167233, 41.385291472817606 ] } },
{ "type": "Feature", "properties": { "CODI_PARADA": 174, "NOM_PARADA": "Pau Claris - Aragó", "MARQUESINA": 1.0, "PAL": null, "PAL SOLAR": null, "PIU": 1.0, "GEOMETRY": "POINT (2.1669888016324546 41.39275108915127)", "Type": "Bus Stop", "Evaluation": "Has PID" }, "geometry": { "type": "Point", "coordinates": [ 2.166988801632455, 41.392751089151268 ] } },
{ "type": "Feature", "properties": { "CODI_PARADA": 175, "NOM_PARADA": "Balmes - Aragó", "MARQUESINA": 1.0, "PAL": null, "PAL SOLAR": null, "PIU": 1.0, "GEOMETRY": "POINT (2.1623995664182973 41.389379604639174)", "Type": "Bus Stop", "Evaluation": "Has PID" }, "geometry": { "type": "Point", "coordinates": [ 2.162399566418297, 41.389379604639174 ] } },
{ "type": "Feature", "properties": { "CODI_PARADA": 179, "NOM_PARADA": "Sants - Gayarre", "MARQUESINA": 1.0, "PAL": null, "PAL SOLAR": null, "PIU": 1.0, "GEOMETRY": "POINT (2.139662114552808 41.375256936771905)", "Type": "Bus Stop", "Evaluation": "Has PID" }, "geometry": { "type": "Point", "coordinates": [ 2.139662114552808, 41.375256936771905 ] } },
{ "type": "Feature", "properties": { "CODI_PARADA": 180, "NOM_PARADA": "Creu Coberta - Pl Espanya", "MARQUESINA": 1.0, "PAL": null, "PAL SOLAR": null, "PIU": 1.0, "GEOMETRY": "POINT (2.147537069648354 41.375222290137025)", "Type": "Bus Stop", "Evaluation": "Has PID" }, "geometry": { "type": "Point", "coordinates": [ 2.147537069648354, 41.375222290137025 ] } },
{ "type": "Feature", "properties": { "CODI_PARADA": 181, "NOM_PARADA": "Metro Hostafrancs", "MARQUESINA": 1.0, "PAL": null, "PAL SOLAR": null, "PIU": 1.0, "GEOMETRY": "POINT (2.144563239484807 41.37528131260204)", "Type": "Bus Stop", "Evaluation": "Has PID" }, "geometry": { "type": "Point", "coordinates": [ 2.144563239484807, 41.375281312602041 ] } },
{ "type": "Feature", "properties": { "CODI_PARADA": 182, "NOM_PARADA": "Pg de Gràcia - Consell de Cent", "MARQUESINA": 1.0, "PAL": null, "PAL SOLAR": null, "PIU": 1.0, "GEOMETRY": "POINT (2.165430072256951 41.39161482811348)", "Type": "Bus Stop", "Evaluation": "Has PID" }, "geometry": { "type": "Point", "coordinates": [ 2.165430072256951, 41.391614828113482 ] } },
{ "type": "Feature", "properties": { "CODI_PARADA": 183, "NOM_PARADA": "Gran Via - Ildefons Cerdà", "MARQUESINA": 1.0, "PAL": null, "PAL SOLAR": null, "PIU": 1.0, "GEOMETRY": "POINT (2.1365596202150825 41.365825981577444)", "Type": "Bus Stop", "Evaluation": "Has PID" }, "geometry": { "type": "Point", "coordinates": [ 2.136559620215083, 41.365825981577444 ] } },
{ "type": "Feature", "properties": { "CODI_PARADA": 185, "NOM_PARADA": "Av Granvia - Bloc I. Cerdà", "MARQUESINA": null, "PAL": null, "PAL SOLAR": 1.0, "PIU": 1.0, "GEOMETRY": "POINT (2.131960361018733 41.36178161785347)", "Type": "Bus Stop", "Evaluation": "Has PID" }, "geometry": { "type": "Point", "coordinates": [ 2.131960361018733, 41.361781617853467 ] } },
{ "type": "Feature", "properties": { "CODI_PARADA": 187, "NOM_PARADA": "Escorial - Clínica Nostra Senyora del Remei", "MARQUESINA": 1.0, "PAL": null, "PAL SOLAR": null, "PIU": null, "GEOMETRY": "POINT (2.159030980339344 41.40980414353249)", "Type": "Bus Stop", "Evaluation": "No PID" }, "geometry": { "type": "Point", "coordinates": [ 2.159030980339344, 41.40980414353249 ] } },
{ "type": "Feature", "properties": { "CODI_PARADA": 189, "NOM_PARADA": "Via Favència - Trinitat Nova", "MARQUESINA": 1.0, "PAL": null, "PAL SOLAR": null, "PIU": null, "GEOMETRY": "POINT (2.184214129078352 41.44682485896654)", "Type": "Bus Stop", "Evaluation": "No PID" }, "geometry": { "type": "Point", "coordinates": [ 2.184214129078352, 41.446824858966536 ] } },
{ "type": "Feature", "properties": { "CODI_PARADA": 191, "NOM_PARADA": "Bac de Roda - Cristóbal de Moura", "MARQUESINA": 1.0, "PAL": null, "PAL SOLAR": null, "PIU": 1.0, "GEOMETRY": "POINT (2.20326919564353 41.40815239969967)", "Type": "Bus Stop", "Evaluation": "Has PID" }, "geometry": { "type": "Point", "coordinates": [ 2.20326919564353, 41.408152399699667 ] } },
{ "type": "Feature", "properties": { "CODI_PARADA": 193, "NOM_PARADA": "Rambla Prim - Cristóbal de Moura", "MARQUESINA": 1.0, "PAL": null, "PAL SOLAR": null, "PIU": 1.0, "GEOMETRY": "POINT (2.2124403264720995 41.41615625505865)", "Type": "Bus Stop", "Evaluation": "Has PID" }, "geometry": { "type": "Point", "coordinates": [ 2.2124403264721, 41.416156255058652 ] } },
{ "type": "Feature", "properties": { "CODI_PARADA": 195, "NOM_PARADA": "Can Caralleu", "MARQUESINA": 1.0, "PAL": null, "PAL SOLAR": null, "PIU": null, "GEOMETRY": "POINT (2.111630496891969 41.40196948613026)", "Type": "Bus Stop", "Evaluation": "No PID" }, "geometry": { "type": "Point", "coordinates": [ 2.111630496891969, 41.401969486130263 ] } },
{ "type": "Feature", "properties": { "CODI_PARADA": 198, "NOM_PARADA": "Camí de Can Caralleu - Ronda de Dalt", "MARQUESINA": null, "PAL": 1.0, "PAL SOLAR": null, "PIU": null, "GEOMETRY": "POINT (2.114362878824921 41.401836827411266)", "Type": "Bus Stop", "Evaluation": "No PID" }, "geometry": { "type": "Point", "coordinates": [ 2.114362878824921, 41.401836827411266 ] } },
{ "type": "Feature", "properties": { "CODI_PARADA": 199, "NOM_PARADA": "Pg Zona Franca - Cisell", "MARQUESINA": 1.0, "PAL": null, "PAL SOLAR": null, "PIU": null, "GEOMETRY": "POINT (2.142976231673067 41.35439569172771)", "Type": "Bus Stop", "Evaluation": "No PID" }, "geometry": { "type": "Point", "coordinates": [ 2.142976231673067, 41.35439569172771 ] } },
{ "type": "Feature", "properties": { "CODI_PARADA": 200, "NOM_PARADA": "Pg Zona Franca - Motors", "MARQUESINA": 1.0, "PAL": null, "PAL SOLAR": null, "PIU": 1.0, "GEOMETRY": "POINT (2.1453392573161976 41.35169467065605)", "Type": "Bus Stop", "Evaluation": "Has PID" }, "geometry": { "type": "Point", "coordinates": [ 2.145339257316198, 41.351694670656052 ] } },
{ "type": "Feature", "properties": { "CODI_PARADA": 202, "NOM_PARADA": "Via Augusta - Calvet", "MARQUESINA": 1.0, "PAL": null, "PAL SOLAR": null, "PIU": 1.0, "GEOMETRY": "POINT (2.1390946399139517 41.39772022036104)", "Type": "Bus Stop", "Evaluation": "Has PID" }, "geometry": { "type": "Point", "coordinates": [ 2.139094639913952, 41.397720220361037 ] } },
{ "type": "Feature", "properties": { "CODI_PARADA": 203, "NOM_PARADA": "Jutjats de Pau", "MARQUESINA": 1.0, "PAL": null, "PAL SOLAR": null, "PIU": 1.0, "GEOMETRY": "POINT (2.0730062240054457 41.38509234435473)", "Type": "Bus Stop", "Evaluation": "Has PID" }, "geometry": { "type": "Point", "coordinates": [ 2.073006224005446, 41.385092344354732 ] } },
{ "type": "Feature", "properties": { "CODI_PARADA": 204, "NOM_PARADA": "Floridablanca - Av Mistral", "MARQUESINA": 1.0, "PAL": null, "PAL SOLAR": null, "PIU": 1.0, "GEOMETRY": "POINT (2.1560563570690774 41.37657697252634)", "Type": "Bus Stop", "Evaluation": "Has PID" }, "geometry": { "type": "Point", "coordinates": [ 2.156056357069077, 41.376576972526337 ] } },
{ "type": "Feature", "properties": { "CODI_PARADA": 205, "NOM_PARADA": "Calàbria - Floridablanca", "MARQUESINA": 1.0, "PAL": null, "PAL SOLAR": null, "PIU": null, "GEOMETRY": "POINT (2.1570879348578322 41.37821148372946)", "Type": "Bus Stop", "Evaluation": "No PID" }, "geometry": { "type": "Point", "coordinates": [ 2.157087934857832, 41.378211483729459 ] } },
{ "type": "Feature", "properties": { "CODI_PARADA": 206, "NOM_PARADA": "Gran Via - Calàbria", "MARQUESINA": null, "PAL": null, "PAL SOLAR": 1.0, "PIU": 1.0, "GEOMETRY": "POINT (2.155512400459925 41.380119777428426)", "Type": "Bus Stop", "Evaluation": "Has PID" }, "geometry": { "type": "Point", "coordinates": [ 2.155512400459925, 41.380119777428426 ] } },
{ "type": "Feature", "properties": { "CODI_PARADA": 207, "NOM_PARADA": "Mallorca - Viladomat", "MARQUESINA": 1.0, "PAL": null, "PAL SOLAR": null, "PIU": 1.0, "GEOMETRY": "POINT (2.150058386664805 41.38449691799975)", "Type": "Bus Stop", "Evaluation": "Has PID" }, "geometry": { "type": "Point", "coordinates": [ 2.150058386664805, 41.384496917999748 ] } },
{ "type": "Feature", "properties": { "CODI_PARADA": 208, "NOM_PARADA": "París - Viladomat", "MARQUESINA": 1.0, "PAL": null, "PAL SOLAR": null, "PIU": 1.0, "GEOMETRY": "POINT (2.1454934439318882 41.387722238414725)", "Type": "Bus Stop", "Evaluation": "Has PID" }, "geometry": { "type": "Point", "coordinates": [ 2.145493443931888, 41.387722238414725 ] } },
{ "type": "Feature", "properties": { "CODI_PARADA": 209, "NOM_PARADA": "Paral·lel - Marquès de Campo Sagrado", "MARQUESINA": 1.0, "PAL": null, "PAL SOLAR": null, "PIU": 1.0, "GEOMETRY": "POINT (2.1637202285090296 41.37509638641384)", "Type": "Bus Stop", "Evaluation": "Has PID" }, "geometry": { "type": "Point", "coordinates": [ 2.16372022850903, 41.375096386413837 ] } },
{ "type": "Feature", "properties": { "CODI_PARADA": 211, "NOM_PARADA": "Via Laietana - Comtal", "MARQUESINA": 1.0, "PAL": null, "PAL SOLAR": null, "PIU": 1.0, "GEOMETRY": "POINT (2.174463453303189 41.38709220740043)", "Type": "Bus Stop", "Evaluation": "Has PID" }, "geometry": { "type": "Point", "coordinates": [ 2.174463453303189, 41.387092207400428 ] } },
{ "type": "Feature", "properties": { "CODI_PARADA": 212, "NOM_PARADA": "Indústria - Independència", "MARQUESINA": null, "PAL": null, "PAL SOLAR": 1.0, "PIU": 1.0, "GEOMETRY": "POINT (2.1784752452910014 41.41260736864383)", "Type": "Bus Stop", "Evaluation": "Has PID" }, "geometry": { "type": "Point", "coordinates": [ 2.178475245291001, 41.412607368643833 ] } },
{ "type": "Feature", "properties": { "CODI_PARADA": 213, "NOM_PARADA": "Pg de Sant Joan - Còrsega", "MARQUESINA": null, "PAL": null, "PAL SOLAR": 1.0, "PIU": 1.0, "GEOMETRY": "POINT (2.165947625845086 41.40242803670846)", "Type": "Bus Stop", "Evaluation": "Has PID" }, "geometry": { "type": "Point", "coordinates": [ 2.165947625845086, 41.402428036708457 ] } },
{ "type": "Feature", "properties": { "CODI_PARADA": 214, "NOM_PARADA": "Casanova - Hospital Clínic", "MARQUESINA": 1.0, "PAL": null, "PAL SOLAR": null, "PIU": 1.0, "GEOMETRY": "POINT (2.1525714050345073 41.39043940340295)", "Type": "Bus Stop", "Evaluation": "Has PID" }, "geometry": { "type": "Point", "coordinates": [ 2.152571405034507, 41.390439403402951 ] } },
{ "type": "Feature", "properties": { "CODI_PARADA": 216, "NOM_PARADA": "Padilla - Provença", "MARQUESINA": 1.0, "PAL": null, "PAL SOLAR": null, "PIU": 1.0, "GEOMETRY": "POINT (2.1762244052396373 41.40649655036632)", "Type": "Bus Stop", "Evaluation": "Has PID" }, "geometry": { "type": "Point", "coordinates": [ 2.176224405239637, 41.40649655036632 ] } },
{ "type": "Feature", "properties": { "CODI_PARADA": 217, "NOM_PARADA": "Josep Tarradellas - Rosselló", "MARQUESINA": 1.0, "PAL": null, "PAL SOLAR": null, "PIU": 1.0, "GEOMETRY": "POINT (2.1427012629548194 41.382888214720005)", "Type": "Bus Stop", "Evaluation": "Has PID" }, "geometry": { "type": "Point", "coordinates": [ 2.142701262954819, 41.382888214720005 ] } },
{ "type": "Feature", "properties": { "CODI_PARADA": 218, "NOM_PARADA": "Torrent de l'Olla - Penedès", "MARQUESINA": null, "PAL": 1.0, "PAL SOLAR": null, "PIU": null, "GEOMETRY": "POINT (2.158727323046332 41.40091508021654)", "Type": "Bus Stop", "Evaluation": "No PID" }, "geometry": { "type": "Point", "coordinates": [ 2.158727323046332, 41.400915080216542 ] } },
{ "type": "Feature", "properties": { "CODI_PARADA": 219, "NOM_PARADA": "Torrent de l'Olla - Còrsega", "MARQUESINA": null, "PAL": 1.0, "PAL SOLAR": null, "PIU": null, "GEOMETRY": "POINT (2.1609954116516312 41.398688013184874)", "Type": "Bus Stop", "Evaluation": "No PID" }, "geometry": { "type": "Point", "coordinates": [ 2.160995411651631, 41.398688013184874 ] } },
{ "type": "Feature", "properties": { "CODI_PARADA": 220, "NOM_PARADA": "Independència - Freser", "MARQUESINA": 1.0, "PAL": null, "PAL SOLAR": null, "PIU": 1.0, "GEOMETRY": "POINT (2.179503223674564 41.410808806938846)", "Type": "Bus Stop", "Evaluation": "Has PID" }, "geometry": { "type": "Point", "coordinates": [ 2.179503223674564, 41.410808806938846 ] } },
{ "type": "Feature", "properties": { "CODI_PARADA": 221, "NOM_PARADA": "Balmes - Rosselló", "MARQUESINA": 1.0, "PAL": null, "PAL SOLAR": null, "PIU": 1.0, "GEOMETRY": "POINT (2.156883123055178 41.393560219599635)", "Type": "Bus Stop", "Evaluation": "Has PID" }, "geometry": { "type": "Point", "coordinates": [ 2.156883123055178, 41.393560219599635 ] } },
{ "type": "Feature", "properties": { "CODI_PARADA": 222, "NOM_PARADA": "Aribau - Còrsega", "MARQUESINA": 1.0, "PAL": null, "PAL SOLAR": null, "PIU": 1.0, "GEOMETRY": "POINT (2.1543190714919183 41.39224908602644)", "Type": "Bus Stop", "Evaluation": "Has PID" }, "geometry": { "type": "Point", "coordinates": [ 2.154319071491918, 41.392249086026439 ] } },
{ "type": "Feature", "properties": { "CODI_PARADA": 224, "NOM_PARADA": "Dos de Maig - Indústria", "MARQUESINA": 1.0, "PAL": null, "PAL SOLAR": null, "PIU": null, "GEOMETRY": "POINT (2.176938922779015 41.41083032401366)", "Type": "Bus Stop", "Evaluation": "No PID" }, "geometry": { "type": "Point", "coordinates": [ 2.176938922779015, 41.410830324013659 ] } },
{ "type": "Feature", "properties": { "CODI_PARADA": 226, "NOM_PARADA": "Pau Claris - Gran Via", "MARQUESINA": null, "PAL": null, "PAL SOLAR": 1.0, "PIU": 1.0, "GEOMETRY": "POINT (2.1693742011485817 41.39094627035072)", "Type": "Bus Stop", "Evaluation": "Has PID" }, "geometry": { "type": "Point", "coordinates": [ 2.169374201148582, 41.390946270350717 ] } },
{ "type": "Feature", "properties": { "CODI_PARADA": 227, "NOM_PARADA": "Marina - Ausiàs Marc", "MARQUESINA": 1.0, "PAL": null, "PAL SOLAR": null, "PIU": 1.0, "GEOMETRY": "POINT (2.1833245530986236 41.397651786890115)", "Type": "Bus Stop", "Evaluation": "Has PID" }, "geometry": { "type": "Point", "coordinates": [ 2.183324553098624, 41.397651786890115 ] } },
{ "type": "Feature", "properties": { "CODI_PARADA": 230, "NOM_PARADA": "Llúria - Urquinaona", "MARQUESINA": 1.0, "PAL": null, "PAL SOLAR": null, "PIU": 1.0, "GEOMETRY": "POINT (2.1728372814754957 41.39018667127584)", "Type": "Bus Stop", "Evaluation": "Has PID" }, "geometry": { "type": "Point", "coordinates": [ 2.172837281475496, 41.390186671275842 ] } },
{ "type": "Feature", "properties": { "CODI_PARADA": 231, "NOM_PARADA": "Ronda Guineueta Vella - Antonio Machado", "MARQUESINA": null, "PAL": 1.0, "PAL SOLAR": null, "PIU": null, "GEOMETRY": "POINT (2.1620560642655713 41.44153677602143)", "Type": "Bus Stop", "Evaluation": "No PID" }, "geometry": { "type": "Point", "coordinates": [ 2.162056064265571, 41.441536776021429 ] } },
{ "type": "Feature", "properties": { "CODI_PARADA": 232, "NOM_PARADA": "Pl Karl Marx - Pg Vall d'Hebron", "MARQUESINA": 1.0, "PAL": null, "PAL SOLAR": null, "PIU": 1.0, "GEOMETRY": "POINT (2.1617206930546065 41.440677123792)", "Type": "Bus Stop", "Evaluation": "Has PID" }, "geometry": { "type": "Point", "coordinates": [ 2.161720693054606, 41.440677123792 ] } },
{ "type": "Feature", "properties": { "CODI_PARADA": 233, "NOM_PARADA": "Sant Antoni Maria Claret - Independència", "MARQUESINA": 1.0, "PAL": null, "PAL SOLAR": null, "PIU": 1.0, "GEOMETRY": "POINT (2.17698222701601 41.413256705008955)", "Type": "Bus Stop", "Evaluation": "Has PID" }, "geometry": { "type": "Point", "coordinates": [ 2.17698222701601, 41.413256705008955 ] } },
{ "type": "Feature", "properties": { "CODI_PARADA": 234, "NOM_PARADA": "Mallorca - Dos de Maig", "MARQUESINA": 1.0, "PAL": null, "PAL SOLAR": null, "PIU": 1.0, "GEOMETRY": "POINT (2.180416895405847 41.407311309349694)", "Type": "Bus Stop", "Evaluation": "Has PID" }, "geometry": { "type": "Point", "coordinates": [ 2.180416895405847, 41.407311309349694 ] } },
{ "type": "Feature", "properties": { "CODI_PARADA": 236, "NOM_PARADA": "Aragó - Enamorats", "MARQUESINA": 1.0, "PAL": null, "PAL SOLAR": null, "PIU": null, "GEOMETRY": "POINT (2.182954598438707 41.40583443597114)", "Type": "Bus Stop", "Evaluation": "No PID" }, "geometry": { "type": "Point", "coordinates": [ 2.182954598438707, 41.405834435971137 ] } },
{ "type": "Feature", "properties": { "CODI_PARADA": 237, "NOM_PARADA": "Diagonal - Pl Reina Maria Cristina", "MARQUESINA": 1.0, "PAL": null, "PAL SOLAR": null, "PIU": 1.0, "GEOMETRY": "POINT (2.127385634211721 41.3884442961452)", "Type": "Bus Stop", "Evaluation": "Has PID" }, "geometry": { "type": "Point", "coordinates": [ 2.127385634211721, 41.388444296145202 ] } },
{ "type": "Feature", "properties": { "CODI_PARADA": 238, "NOM_PARADA": "Sinaí", "MARQUESINA": null, "PAL": 1.0, "PAL SOLAR": null, "PIU": null, "GEOMETRY": "POINT (2.1383590825114958 41.42484758752506)", "Type": "Bus Stop", "Evaluation": "No PID" }, "geometry": { "type": "Point", "coordinates": [ 2.138359082511496, 41.424847587525058 ] } },
{ "type": "Feature", "properties": { "CODI_PARADA": 239, "NOM_PARADA": "Manuel Girona - Carles III", "MARQUESINA": 1.0, "PAL": null, "PAL SOLAR": null, "PIU": 1.0, "GEOMETRY": "POINT (2.128122829147893 41.39212705866383)", "Type": "Bus Stop", "Evaluation": "Has PID" }, "geometry": { "type": "Point", "coordinates": [ 2.128122829147893, 41.392127058663831 ] } },
{ "type": "Feature", "properties": { "CODI_PARADA": 241, "NOM_PARADA": "Arquitectura - Àngel Marquès", "MARQUESINA": null, "PAL": 1.0, "PAL SOLAR": null, "PIU": null, "GEOMETRY": "POINT (2.14118551680058 41.42931528693798)", "Type": "Bus Stop", "Evaluation": "No PID" }, "geometry": { "type": "Point", "coordinates": [ 2.14118551680058, 41.429315286937978 ] } },
{ "type": "Feature", "properties": { "CODI_PARADA": 243, "NOM_PARADA": "Av Gaudí - Castillejos", "MARQUESINA": 1.0, "PAL": null, "PAL SOLAR": null, "PIU": 1.0, "GEOMETRY": "POINT (2.1734797106473014 41.410620022470006)", "Type": "Bus Stop", "Evaluation": "Has PID" }, "geometry": { "type": "Point", "coordinates": [ 2.173479710647301, 41.410620022470006 ] } },
{ "type": "Feature", "properties": { "CODI_PARADA": 244, "NOM_PARADA": "València - Padilla", "MARQUESINA": 1.0, "PAL": null, "PAL SOLAR": null, "PIU": 1.0, "GEOMETRY": "POINT (2.179402818280248 41.40468793175022)", "Type": "Bus Stop", "Evaluation": "Has PID" }, "geometry": { "type": "Point", "coordinates": [ 2.179402818280248, 41.404687931750217 ] } },
{ "type": "Feature", "properties": { "CODI_PARADA": 245, "NOM_PARADA": "Pl de la Font Castellana", "MARQUESINA": 1.0, "PAL": null, "PAL SOLAR": null, "PIU": 1.0, "GEOMETRY": "POINT (2.1668817752671594 41.41516440643161)", "Type": "Bus Stop", "Evaluation": "Has PID" }, "geometry": { "type": "Point", "coordinates": [ 2.166881775267159, 41.415164406431607 ] } },
{ "type": "Feature", "properties": { "CODI_PARADA": 246, "NOM_PARADA": "Camèlies - Abd el-Kader", "MARQUESINA": null, "PAL": 1.0, "PAL SOLAR": null, "PIU": null, "GEOMETRY": "POINT (2.164367796643058 41.413864203113775)", "Type": "Bus Stop", "Evaluation": "No PID" }, "geometry": { "type": "Point", "coordinates": [ 2.164367796643058, 41.413864203113775 ] } },
{ "type": "Feature", "properties": { "CODI_PARADA": 247, "NOM_PARADA": "Metro Glòries", "MARQUESINA": null, "PAL": null, "PAL SOLAR": 1.0, "PIU": null, "GEOMETRY": "POINT (2.187092563141652 41.402431092745275)", "Type": "Bus Stop", "Evaluation": "No PID" }, "geometry": { "type": "Point", "coordinates": [ 2.187092563141652, 41.402431092745275 ] } },
{ "type": "Feature", "properties": { "CODI_PARADA": 250, "NOM_PARADA": "Diagonal - Manuel Ballbé", "MARQUESINA": 1.0, "PAL": null, "PAL SOLAR": null, "PIU": null, "GEOMETRY": "POINT (2.11001658665582 41.38404369520258)", "Type": "Bus Stop", "Evaluation": "No PID" }, "geometry": { "type": "Point", "coordinates": [ 2.11001658665582, 41.384043695202578 ] } },
{ "type": "Feature", "properties": { "CODI_PARADA": 251, "NOM_PARADA": "Diagonal - Parc de Cervantes", "MARQUESINA": 1.0, "PAL": null, "PAL SOLAR": null, "PIU": null, "GEOMETRY": "POINT (2.10838578727475 41.383630569552686)", "Type": "Bus Stop", "Evaluation": "No PID" }, "geometry": { "type": "Point", "coordinates": [ 2.10838578727475, 41.383630569552686 ] } },
{ "type": "Feature", "properties": { "CODI_PARADA": 252, "NOM_PARADA": "Portal de la Pau", "MARQUESINA": 1.0, "PAL": null, "PAL SOLAR": null, "PIU": 1.0, "GEOMETRY": "POINT (2.178541261260127 41.376695172643245)", "Type": "Bus Stop", "Evaluation": "Has PID" }, "geometry": { "type": "Point", "coordinates": [ 2.178541261260127, 41.376695172643245 ] } },
{ "type": "Feature", "properties": { "CODI_PARADA": 253, "NOM_PARADA": "Moll de la Fusta", "MARQUESINA": 1.0, "PAL": null, "PAL SOLAR": null, "PIU": 1.0, "GEOMETRY": "POINT (2.1802776137911715 41.3788454755641)", "Type": "Bus Stop", "Evaluation": "Has PID" }, "geometry": { "type": "Point", "coordinates": [ 2.180277613791171, 41.378845475564098 ] } },
{ "type": "Feature", "properties": { "CODI_PARADA": 254, "NOM_PARADA": "Pg Colom - Via Laietana", "MARQUESINA": 1.0, "PAL": null, "PAL SOLAR": null, "PIU": 1.0, "GEOMETRY": "POINT (2.1819211238458625 41.38088678860194)", "Type": "Bus Stop", "Evaluation": "Has PID" }, "geometry": { "type": "Point", "coordinates": [ 2.181921123845862, 41.380886788601941 ] } },
{ "type": "Feature", "properties": { "CODI_PARADA": 255, "NOM_PARADA": "Pg Colom - Via Laietana", "MARQUESINA": 1.0, "PAL": null, "PAL SOLAR": null, "PIU": 1.0, "GEOMETRY": "POINT (2.1817146895551125 41.38074582603575)", "Type": "Bus Stop", "Evaluation": "Has PID" }, "geometry": { "type": "Point", "coordinates": [ 2.181714689555112, 41.380745826035749 ] } },
{ "type": "Feature", "properties": { "CODI_PARADA": 256, "NOM_PARADA": "Moll de la Fusta", "MARQUESINA": 1.0, "PAL": null, "PAL SOLAR": null, "PIU": 1.0, "GEOMETRY": "POINT (2.180378609374653 41.379097937082996)", "Type": "Bus Stop", "Evaluation": "Has PID" }, "geometry": { "type": "Point", "coordinates": [ 2.180378609374653, 41.379097937082996 ] } },
{ "type": "Feature", "properties": { "CODI_PARADA": 257, "NOM_PARADA": "Portal de la Pau", "MARQUESINA": 1.0, "PAL": null, "PAL SOLAR": null, "PIU": 1.0, "GEOMETRY": "POINT (2.1784422836455692 41.37669963692269)", "Type": "Bus Stop", "Evaluation": "Has PID" }, "geometry": { "type": "Point", "coordinates": [ 2.178442283645569, 41.376699636922687 ] } },
{ "type": "Feature", "properties": { "CODI_PARADA": 258, "NOM_PARADA": "Pg Santa Coloma - Pg Torras i Bages", "MARQUESINA": 1.0, "PAL": null, "PAL SOLAR": null, "PIU": 1.0, "GEOMETRY": "POINT (2.1891607333944743 41.44468611037508)", "Type": "Bus Stop", "Evaluation": "Has PID" }, "geometry": { "type": "Point", "coordinates": [ 2.189160733394474, 41.444686110375081 ] } },
{ "type": "Feature", "properties": { "CODI_PARADA": 259, "NOM_PARADA": "Ctra C-17 - Av l'Alzinar", "MARQUESINA": 1.0, "PAL": null, "PAL SOLAR": null, "PIU": null, "GEOMETRY": "POINT (2.183156645662981 41.46091007039131)", "Type": "Bus Stop", "Evaluation": "No PID" }, "geometry": { "type": "Point", "coordinates": [ 2.183156645662981, 41.460910070391307 ] } },
{ "type": "Feature", "properties": { "CODI_PARADA": 261, "NOM_PARADA": "Pg Sant Gervasi - Pl Kennedy", "MARQUESINA": null, "PAL": null, "PAL SOLAR": 1.0, "PIU": 1.0, "GEOMETRY": "POINT (2.1376594041560275 41.410353092427066)", "Type": "Bus Stop", "Evaluation": "Has PID" }, "geometry": { "type": "Point", "coordinates": [ 2.137659404156028, 41.410353092427066 ] } },
{ "type": "Feature", "properties": { "CODI_PARADA": 262, "NOM_PARADA": "Av República Argentina - Baixada Gomis", "MARQUESINA": 1.0, "PAL": null, "PAL SOLAR": null, "PIU": 1.0, "GEOMETRY": "POINT (2.142435665897322 41.41160912674851)", "Type": "Bus Stop", "Evaluation": "Has PID" }, "geometry": { "type": "Point", "coordinates": [ 2.142435665897322, 41.411609126748509 ] } },
{ "type": "Feature", "properties": { "CODI_PARADA": 263, "NOM_PARADA": "Av Madrid - Arizala", "MARQUESINA": 1.0, "PAL": null, "PAL SOLAR": null, "PIU": 1.0, "GEOMETRY": "POINT (2.1251514446372415 41.377041679295715)", "Type": "Bus Stop", "Evaluation": "Has PID" }, "geometry": { "type": "Point", "coordinates": [ 2.125151444637241, 41.377041679295715 ] } },
{ "type": "Feature", "properties": { "CODI_PARADA": 264, "NOM_PARADA": "Av Ferrer i Guàrdia - Mèxic", "MARQUESINA": 1.0, "PAL": null, "PAL SOLAR": null, "PIU": null, "GEOMETRY": "POINT (2.1498752855210226 41.37116834777214)", "Type": "Bus Stop", "Evaluation": "No PID" }, "geometry": { "type": "Point", "coordinates": [ 2.149875285521023, 41.371168347772141 ] } },
{ "type": "Feature", "properties": { "CODI_PARADA": 265, "NOM_PARADA": "Poble Espanyol", "MARQUESINA": null, "PAL": 1.0, "PAL SOLAR": null, "PIU": null, "GEOMETRY": "POINT (2.1462832002458985 41.369413464240246)", "Type": "Bus Stop", "Evaluation": "No PID" }, "geometry": { "type": "Point", "coordinates": [ 2.146283200245898, 41.369413464240246 ] } },
{ "type": "Feature", "properties": { "CODI_PARADA": 266, "NOM_PARADA": "Gran Vista - Doctor Bové", "MARQUESINA": 1.0, "PAL": null, "PAL SOLAR": null, "PIU": null, "GEOMETRY": "POINT (2.158197890841306 41.419147619242494)", "Type": "Bus Stop", "Evaluation": "No PID" }, "geometry": { "type": "Point", "coordinates": [ 2.158197890841306, 41.419147619242494 ] } },
{ "type": "Feature", "properties": { "CODI_PARADA": 267, "NOM_PARADA": "Doctor Bové - Penyal", "MARQUESINA": null, "PAL": 1.0, "PAL SOLAR": null, "PIU": null, "GEOMETRY": "POINT (2.1627043707657703 41.42106271117878)", "Type": "Bus Stop", "Evaluation": "No PID" }, "geometry": { "type": "Point", "coordinates": [ 2.16270437076577, 41.421062711178777 ] } },
{ "type": "Feature", "properties": { "CODI_PARADA": 268, "NOM_PARADA": "Doctor Bové - Gran Vista", "MARQUESINA": null, "PAL": 1.0, "PAL SOLAR": null, "PIU": null, "GEOMETRY": "POINT (2.158382352994321 41.419352572579044)", "Type": "Bus Stop", "Evaluation": "No PID" }, "geometry": { "type": "Point", "coordinates": [ 2.158382352994321, 41.419352572579044 ] } },
{ "type": "Feature", "properties": { "CODI_PARADA": 269, "NOM_PARADA": "Doctor Bové - Ptge de la Cadernera", "MARQUESINA": null, "PAL": 1.0, "PAL SOLAR": null, "PIU": null, "GEOMETRY": "POINT (2.1604188081629845 41.42065183349941)", "Type": "Bus Stop", "Evaluation": "No PID" }, "geometry": { "type": "Point", "coordinates": [ 2.160418808162984, 41.420651833499413 ] } },
{ "type": "Feature", "properties": { "CODI_PARADA": 270, "NOM_PARADA": "Doctor Bové - Baixada Passerell", "MARQUESINA": null, "PAL": 1.0, "PAL SOLAR": null, "PIU": null, "GEOMETRY": "POINT (2.1601776128076686 41.420639370089845)", "Type": "Bus Stop", "Evaluation": "No PID" }, "geometry": { "type": "Point", "coordinates": [ 2.160177612807669, 41.420639370089845 ] } },
{ "type": "Feature", "properties": { "CODI_PARADA": 271, "NOM_PARADA": "Doctor Bové - Conca de Tremp", "MARQUESINA": 1.0, "PAL": null, "PAL SOLAR": null, "PIU": null, "GEOMETRY": "POINT (2.1578332500776494 41.419020739705935)", "Type": "Bus Stop", "Evaluation": "No PID" }, "geometry": { "type": "Point", "coordinates": [ 2.157833250077649, 41.419020739705935 ] } },
{ "type": "Feature", "properties": { "CODI_PARADA": 272, "NOM_PARADA": "Doctor Bové - Pg de la Font de la Mulassa", "MARQUESINA": null, "PAL": 1.0, "PAL SOLAR": null, "PIU": null, "GEOMETRY": "POINT (2.163092320829432 41.420911193058764)", "Type": "Bus Stop", "Evaluation": "No PID" }, "geometry": { "type": "Point", "coordinates": [ 2.163092320829432, 41.420911193058764 ] } },
{ "type": "Feature", "properties": { "CODI_PARADA": 273, "NOM_PARADA": "Hospital del Mar", "MARQUESINA": 1.0, "PAL": null, "PAL SOLAR": null, "PIU": null, "GEOMETRY": "POINT (2.195020553811086 41.38358010412331)", "Type": "Bus Stop", "Evaluation": "No PID" }, "geometry": { "type": "Point", "coordinates": [ 2.195020553811086, 41.383580104123311 ] } },
{ "type": "Feature", "properties": { "CODI_PARADA": 276, "NOM_PARADA": "Centre Miquel Martí i Pol", "MARQUESINA": null, "PAL": null, "PAL SOLAR": 1.0, "PIU": 1.0, "GEOMETRY": "POINT (2.071415850719882 41.36887599412622)", "Type": "Bus Stop", "Evaluation": "Has PID" }, "geometry": { "type": "Point", "coordinates": [ 2.071415850719882, 41.368875994126221 ] } },
{ "type": "Feature", "properties": { "CODI_PARADA": 278, "NOM_PARADA": "Poble Sec", "MARQUESINA": 1.0, "PAL": null, "PAL SOLAR": null, "PIU": null, "GEOMETRY": "POINT (2.16047357776078 41.37152594236007)", "Type": "Bus Stop", "Evaluation": "No PID" }, "geometry": { "type": "Point", "coordinates": [ 2.16047357776078, 41.371525942360073 ] } },
{ "type": "Feature", "properties": { "CODI_PARADA": 279, "NOM_PARADA": "França Xica - Concòrdia", "MARQUESINA": null, "PAL": 1.0, "PAL SOLAR": null, "PIU": null, "GEOMETRY": "POINT (2.15949684505721 41.37216346980393)", "Type": "Bus Stop", "Evaluation": "No PID" }, "geometry": { "type": "Point", "coordinates": [ 2.15949684505721, 41.37216346980393 ] } },
{ "type": "Feature", "properties": { "CODI_PARADA": 280, "NOM_PARADA": "França Xica - Grases", "MARQUESINA": null, "PAL": 1.0, "PAL SOLAR": null, "PIU": null, "GEOMETRY": "POINT (2.156342385655588 41.372081323651855)", "Type": "Bus Stop", "Evaluation": "No PID" }, "geometry": { "type": "Point", "coordinates": [ 2.156342385655588, 41.372081323651855 ] } },
{ "type": "Feature", "properties": { "CODI_PARADA": 281, "NOM_PARADA": "Pg de Gràcia - Diagonal", "MARQUESINA": 1.0, "PAL": null, "PAL SOLAR": null, "PIU": 1.0, "GEOMETRY": "POINT (2.160124920212736 41.396140312555424)", "Type": "Bus Stop", "Evaluation": "Has PID" }, "geometry": { "type": "Point", "coordinates": [ 2.160124920212736, 41.396140312555424 ] } },
{ "type": "Feature", "properties": { "CODI_PARADA": 282, "NOM_PARADA": "Casanova - Diagonal", "MARQUESINA": 1.0, "PAL": null, "PAL SOLAR": null, "PIU": 1.0, "GEOMETRY": "POINT (2.148577460193159 41.393181326959564)", "Type": "Bus Stop", "Evaluation": "Has PID" }, "geometry": { "type": "Point", "coordinates": [ 2.148577460193159, 41.393181326959564 ] } },
{ "type": "Feature", "properties": { "CODI_PARADA": 284, "NOM_PARADA": "Lepant - Diagonal", "MARQUESINA": 1.0, "PAL": null, "PAL SOLAR": null, "PIU": 1.0, "GEOMETRY": "POINT (2.1792608686008634 41.40242051592534)", "Type": "Bus Stop", "Evaluation": "Has PID" }, "geometry": { "type": "Point", "coordinates": [ 2.179260868600863, 41.402420515925343 ] } },
{ "type": "Feature", "properties": { "CODI_PARADA": 285, "NOM_PARADA": "Muntaner - Diagonal", "MARQUESINA": 1.0, "PAL": null, "PAL SOLAR": null, "PIU": 1.0, "GEOMETRY": "POINT (2.148915491391299 41.394474043479704)", "Type": "Bus Stop", "Evaluation": "Has PID" }, "geometry": { "type": "Point", "coordinates": [ 2.148915491391299, 41.394474043479704 ] } },
{ "type": "Feature", "properties": { "CODI_PARADA": 286, "NOM_PARADA": "Via Augusta - Diagonal", "MARQUESINA": null, "PAL": 1.0, "PAL SOLAR": null, "PIU": null, "GEOMETRY": "POINT (2.155036245532214 41.39642104092449)", "Type": "Bus Stop", "Evaluation": "No PID" }, "geometry": { "type": "Point", "coordinates": [ 2.155036245532214, 41.396421040924487 ] } },
{ "type": "Feature", "properties": { "CODI_PARADA": 287, "NOM_PARADA": "Calvet - Diagonal", "MARQUESINA": null, "PAL": null, "PAL SOLAR": 1.0, "PIU": 1.0, "GEOMETRY": "POINT (2.14498346458106 41.393459611112604)", "Type": "Bus Stop", "Evaluation": "Has PID" }, "geometry": { "type": "Point", "coordinates": [ 2.14498346458106, 41.393459611112604 ] } },
{ "type": "Feature", "properties": { "CODI_PARADA": 289, "NOM_PARADA": "Balmes - Diagonal", "MARQUESINA": 1.0, "PAL": null, "PAL SOLAR": null, "PIU": 1.0, "GEOMETRY": "POINT (2.1540221935225805 41.39577622405769)", "Type": "Bus Stop", "Evaluation": "Has PID" }, "geometry": { "type": "Point", "coordinates": [ 2.154022193522581, 41.395776224057691 ] } },
{ "type": "Feature", "properties": { "CODI_PARADA": 291, "NOM_PARADA": "Carles III - Mejía Lequerica", "MARQUESINA": 1.0, "PAL": null, "PAL SOLAR": null, "PIU": 1.0, "GEOMETRY": "POINT (2.1275194022250865 41.38524018408026)", "Type": "Bus Stop", "Evaluation": "Has PID" }, "geometry": { "type": "Point", "coordinates": [ 2.127519402225087, 41.38524018408026 ] } },
{ "type": "Feature", "properties": { "CODI_PARADA": 293, "NOM_PARADA": "Av Joan XXIII - Pl Pius XII", "MARQUESINA": 1.0, "PAL": null, "PAL SOLAR": null, "PIU": null, "GEOMETRY": "POINT (2.122613823135531 41.38564083002987)", "Type": "Bus Stop", "Evaluation": "No PID" }, "geometry": { "type": "Point", "coordinates": [ 2.122613823135531, 41.385640830029871 ] } },
{ "type": "Feature", "properties": { "CODI_PARADA": 295, "NOM_PARADA": "González Tablas - Sor Eulàlia d'Anzizu", "MARQUESINA": 1.0, "PAL": null, "PAL SOLAR": null, "PIU": 1.0, "GEOMETRY": "POINT (2.1088590973273735 41.385765331972756)", "Type": "Bus Stop", "Evaluation": "Has PID" }, "geometry": { "type": "Point", "coordinates": [ 2.108859097327374, 41.385765331972756 ] } },
{ "type": "Feature", "properties": { "CODI_PARADA": 296, "NOM_PARADA": "Av Doctor Marañón - Baldiri i Reixac", "MARQUESINA": 1.0, "PAL": null, "PAL SOLAR": null, "PIU": 1.0, "GEOMETRY": "POINT (2.113965286176475 41.382055319706915)", "Type": "Bus Stop", "Evaluation": "Has PID" }, "geometry": { "type": "Point", "coordinates": [ 2.113965286176475, 41.382055319706915 ] } },
{ "type": "Feature", "properties": { "CODI_PARADA": 297, "NOM_PARADA": "Av Pedralbes - Pg Manuel Girona", "MARQUESINA": 1.0, "PAL": null, "PAL SOLAR": null, "PIU": 1.0, "GEOMETRY": "POINT (2.118936206892937 41.3900023814718)", "Type": "Bus Stop", "Evaluation": "Has PID" }, "geometry": { "type": "Point", "coordinates": [ 2.118936206892937, 41.390002381471803 ] } },
{ "type": "Feature", "properties": { "CODI_PARADA": 300, "NOM_PARADA": "Pujades - Ciutat de Granada", "MARQUESINA": 1.0, "PAL": null, "PAL SOLAR": null, "PIU": null, "GEOMETRY": "POINT (2.196766926610461 41.39878026113596)", "Type": "Bus Stop", "Evaluation": "No PID" }, "geometry": { "type": "Point", "coordinates": [ 2.196766926610461, 41.398780261135961 ] } },
{ "type": "Feature", "properties": { "CODI_PARADA": 306, "NOM_PARADA": "Pg Verdum - Doctor Pi i Molist", "MARQUESINA": 1.0, "PAL": null, "PAL SOLAR": null, "PIU": 1.0, "GEOMETRY": "POINT (2.172374550610133 41.43586911463085)", "Type": "Bus Stop", "Evaluation": "Has PID" }, "geometry": { "type": "Point", "coordinates": [ 2.172374550610133, 41.435869114630847 ] } },
{ "type": "Feature", "properties": { "CODI_PARADA": 307, "NOM_PARADA": "Av Gaudí", "MARQUESINA": 1.0, "PAL": null, "PAL SOLAR": null, "PIU": 1.0, "GEOMETRY": "POINT (2.175154379334398 41.41003186224379)", "Type": "Bus Stop", "Evaluation": "Has PID" }, "geometry": { "type": "Point", "coordinates": [ 2.175154379334398, 41.410031862243791 ] } },
{ "type": "Feature", "properties": { "CODI_PARADA": 308, "NOM_PARADA": "València - Dos de Maig", "MARQUESINA": 1.0, "PAL": null, "PAL SOLAR": null, "PIU": 1.0, "GEOMETRY": "POINT (2.18180444703651 41.406488407057125)", "Type": "Bus Stop", "Evaluation": "Has PID" }, "geometry": { "type": "Point", "coordinates": [ 2.18180444703651, 41.406488407057125 ] } },
{ "type": "Feature", "properties": { "CODI_PARADA": 309, "NOM_PARADA": "Diagonal - Complex Esportiu Universitari", "MARQUESINA": 1.0, "PAL": null, "PAL SOLAR": null, "PIU": null, "GEOMETRY": "POINT (2.107874023218739 41.383268251059626)", "Type": "Bus Stop", "Evaluation": "No PID" }, "geometry": { "type": "Point", "coordinates": [ 2.107874023218739, 41.383268251059626 ] } },
{ "type": "Feature", "properties": { "CODI_PARADA": 310, "NOM_PARADA": "Diagonal - Av Doctor Marañón", "MARQUESINA": 1.0, "PAL": null, "PAL SOLAR": null, "PIU": 1.0, "GEOMETRY": "POINT (2.1116123869112986 41.38422160568104)", "Type": "Bus Stop", "Evaluation": "Has PID" }, "geometry": { "type": "Point", "coordinates": [ 2.111612386911299, 41.384221605681041 ] } },
{ "type": "Feature", "properties": { "CODI_PARADA": 312, "NOM_PARADA": "Comte d'Urgell - Gran Via", "MARQUESINA": 1.0, "PAL": null, "PAL SOLAR": null, "PIU": 1.0, "GEOMETRY": "POINT (2.157997621461306 41.38266808324354)", "Type": "Bus Stop", "Evaluation": "Has PID" }, "geometry": { "type": "Point", "coordinates": [ 2.157997621461306, 41.382668083243537 ] } },
{ "type": "Feature", "properties": { "CODI_PARADA": 313, "NOM_PARADA": "Pg de Gràcia - Gran Via", "MARQUESINA": 1.0, "PAL": null, "PAL SOLAR": null, "PIU": 1.0, "GEOMETRY": "POINT (2.1675597230080714 41.39013837146819)", "Type": "Bus Stop", "Evaluation": "Has PID" }, "geometry": { "type": "Point", "coordinates": [ 2.167559723008071, 41.39013837146819 ] } },
{ "type": "Feature", "properties": { "CODI_PARADA": 314, "NOM_PARADA": "Calàbria - Gran Via", "MARQUESINA": 1.0, "PAL": null, "PAL SOLAR": null, "PIU": null, "GEOMETRY": "POINT (2.154743633869562 41.3799794417631)", "Type": "Bus Stop", "Evaluation": "No PID" }, "geometry": { "type": "Point", "coordinates": [ 2.154743633869562, 41.379979441763098 ] } },
{ "type": "Feature", "properties": { "CODI_PARADA": 315, "NOM_PARADA": "Pg de Sant Joan - Diputació", "MARQUESINA": 1.0, "PAL": null, "PAL SOLAR": null, "PIU": 1.0, "GEOMETRY": "POINT (2.174670985042732 41.39541858952158)", "Type": "Bus Stop", "Evaluation": "Has PID" }, "geometry": { "type": "Point", "coordinates": [ 2.174670985042732, 41.395418589521583 ] } },
{ "type": "Feature", "properties": { "CODI_PARADA": 316, "NOM_PARADA": "Aribau - Gran Via", "MARQUESINA": 1.0, "PAL": null, "PAL SOLAR": null, "PIU": 1.0, "GEOMETRY": "POINT (2.1625333895593064 41.38604187818845)", "Type": "Bus Stop", "Evaluation": "Has PID" }, "geometry": { "type": "Point", "coordinates": [ 2.162533389559306, 41.38604187818845 ] } },
{ "type": "Feature", "properties": { "CODI_PARADA": 317, "NOM_PARADA": "Pl Tetuan - Pg de Sant Joan", "MARQUESINA": 1.0, "PAL": null, "PAL SOLAR": null, "PIU": 1.0, "GEOMETRY": "POINT (2.175272254367767 41.39547107432221)", "Type": "Bus Stop", "Evaluation": "Has PID" }, "geometry": { "type": "Point", "coordinates": [ 2.175272254367767, 41.395471074322209 ] } },
{ "type": "Feature", "properties": { "CODI_PARADA": 319, "NOM_PARADA": "Entença - Gran Via", "MARQUESINA": 1.0, "PAL": null, "PAL SOLAR": null, "PIU": 1.0, "GEOMETRY": "POINT (2.1523504362142756 41.37837449865167)", "Type": "Bus Stop", "Evaluation": "Has PID" }, "geometry": { "type": "Point", "coordinates": [ 2.152350436214276, 41.378374498651667 ] } },
{ "type": "Feature", "properties": { "CODI_PARADA": 320, "NOM_PARADA": "Tarragona - Parc de Joan Miró", "MARQUESINA": 1.0, "PAL": null, "PAL SOLAR": null, "PIU": null, "GEOMETRY": "POINT (2.1474194306798724 41.37670363586692)", "Type": "Bus Stop", "Evaluation": "No PID" }, "geometry": { "type": "Point", "coordinates": [ 2.147419430679872, 41.376703635866917 ] } },
{ "type": "Feature", "properties": { "CODI_PARADA": 321, "NOM_PARADA": "Llúria - Gran Via", "MARQUESINA": 1.0, "PAL": null, "PAL SOLAR": null, "PIU": 1.0, "GEOMETRY": "POINT (2.170422578715327 41.392008906298734)", "Type": "Bus Stop", "Evaluation": "Has PID" }, "geometry": { "type": "Point", "coordinates": [ 2.170422578715327, 41.392008906298734 ] } },
{ "type": "Feature", "properties": { "CODI_PARADA": 324, "NOM_PARADA": "Can Rigal", "MARQUESINA": null, "PAL": 1.0, "PAL SOLAR": null, "PIU": null, "GEOMETRY": "POINT (2.1059882586664886 41.37596606229543)", "Type": "Bus Stop", "Evaluation": "No PID" }, "geometry": { "type": "Point", "coordinates": [ 2.105988258666489, 41.375966062295433 ] } },
{ "type": "Feature", "properties": { "CODI_PARADA": 327, "NOM_PARADA": "Pare Manyanet - Virgili", "MARQUESINA": 1.0, "PAL": null, "PAL SOLAR": null, "PIU": 1.0, "GEOMETRY": "POINT (2.1942574495240863 41.42815350805647)", "Type": "Bus Stop", "Evaluation": "Has PID" }, "geometry": { "type": "Point", "coordinates": [ 2.194257449524086, 41.428153508056468 ] } },
{ "type": "Feature", "properties": { "CODI_PARADA": 329, "NOM_PARADA": "Sant Adrià Centre", "MARQUESINA": 1.0, "PAL": null, "PAL SOLAR": null, "PIU": null, "GEOMETRY": "POINT (2.215877404945517 41.43280263432887)", "Type": "Bus Stop", "Evaluation": "No PID" }, "geometry": { "type": "Point", "coordinates": [ 2.215877404945517, 41.432802634328873 ] } },
{ "type": "Feature", "properties": { "CODI_PARADA": 330, "NOM_PARADA": "Pg de Santa Eulàlia - Can Caralleu", "MARQUESINA": null, "PAL": 1.0, "PAL SOLAR": null, "PIU": null, "GEOMETRY": "POINT (2.115348556776733 41.403827450717856)", "Type": "Bus Stop", "Evaluation": "No PID" }, "geometry": { "type": "Point", "coordinates": [ 2.115348556776733, 41.403827450717856 ] } },
{ "type": "Feature", "properties": { "CODI_PARADA": 334, "NOM_PARADA": "Av Granvia - Ctra Antiga del Prat", "MARQUESINA": 1.0, "PAL": null, "PAL SOLAR": null, "PIU": null, "GEOMETRY": "POINT (2.113360458314216 41.34744805584784)", "Type": "Bus Stop", "Evaluation": "No PID" }, "geometry": { "type": "Point", "coordinates": [ 2.113360458314216, 41.347448055847842 ] } },
{ "type": "Feature", "properties": { "CODI_PARADA": 335, "NOM_PARADA": "Gran Capità - Av de l'Exèrcit", "MARQUESINA": 1.0, "PAL": null, "PAL SOLAR": null, "PIU": null, "GEOMETRY": "POINT (2.111588511477754 41.386981508109606)", "Type": "Bus Stop", "Evaluation": "No PID" }, "geometry": { "type": "Point", "coordinates": [ 2.111588511477754, 41.386981508109606 ] } },
{ "type": "Feature", "properties": { "CODI_PARADA": 336, "NOM_PARADA": "Balmes - Via Augusta", "MARQUESINA": 1.0, "PAL": null, "PAL SOLAR": null, "PIU": 1.0, "GEOMETRY": "POINT (2.1478879565483795 41.40085955394498)", "Type": "Bus Stop", "Evaluation": "Has PID" }, "geometry": { "type": "Point", "coordinates": [ 2.147887956548379, 41.400859553944983 ] } },
{ "type": "Feature", "properties": { "CODI_PARADA": 337, "NOM_PARADA": "València - Muntanya", "MARQUESINA": 1.0, "PAL": null, "PAL SOLAR": null, "PIU": 1.0, "GEOMETRY": "POINT (2.1880891817884955 41.411225751493646)", "Type": "Bus Stop", "Evaluation": "Has PID" }, "geometry": { "type": "Point", "coordinates": [ 2.188089181788496, 41.411225751493646 ] } },
{ "type": "Feature", "properties": { "CODI_PARADA": 342, "NOM_PARADA": "Cementiri de l'Est", "MARQUESINA": 1.0, "PAL": null, "PAL SOLAR": null, "PIU": 1.0, "GEOMETRY": "POINT (2.2023881169071475 41.39427505931349)", "Type": "Bus Stop", "Evaluation": "Has PID" }, "geometry": { "type": "Point", "coordinates": [ 2.202388116907148, 41.394275059313493 ] } },
{ "type": "Feature", "properties": { "CODI_PARADA": 343, "NOM_PARADA": "Pl de Sant Jordi", "MARQUESINA": 1.0, "PAL": null, "PAL SOLAR": null, "PIU": null, "GEOMETRY": "POINT (2.1447523078622135 41.36632819736415)", "Type": "Bus Stop", "Evaluation": "No PID" }, "geometry": { "type": "Point", "coordinates": [ 2.144752307862213, 41.366328197364147 ] } },
{ "type": "Feature", "properties": { "CODI_PARADA": 344, "NOM_PARADA": "Piscines Picornell - Museu Nacional", "MARQUESINA": null, "PAL": 1.0, "PAL SOLAR": null, "PIU": null, "GEOMETRY": "POINT (2.151358429021537 41.36647227685463)", "Type": "Bus Stop", "Evaluation": "No PID" }, "geometry": { "type": "Point", "coordinates": [ 2.151358429021537, 41.36647227685463 ] } },
{ "type": "Feature", "properties": { "CODI_PARADA": 345, "NOM_PARADA": "Av de l'Estadi - Estadi Olímpic", "MARQUESINA": null, "PAL": 1.0, "PAL SOLAR": null, "PIU": null, "GEOMETRY": "POINT (2.154544078115825 41.366001877659464)", "Type": "Bus Stop", "Evaluation": "No PID" }, "geometry": { "type": "Point", "coordinates": [ 2.154544078115825, 41.366001877659464 ] } },
{ "type": "Feature", "properties": { "CODI_PARADA": 346, "NOM_PARADA": "Estadi Olímpic", "MARQUESINA": 1.0, "PAL": null, "PAL SOLAR": null, "PIU": null, "GEOMETRY": "POINT (2.155317209376438 41.3661644082844)", "Type": "Bus Stop", "Evaluation": "No PID" }, "geometry": { "type": "Point", "coordinates": [ 2.155317209376438, 41.366164408284398 ] } },
{ "type": "Feature", "properties": { "CODI_PARADA": 347, "NOM_PARADA": "Piscines Picornell - Museu Nacional", "MARQUESINA": 1.0, "PAL": null, "PAL SOLAR": null, "PIU": null, "GEOMETRY": "POINT (2.1517179791373753 41.3665395369425)", "Type": "Bus Stop", "Evaluation": "No PID" }, "geometry": { "type": "Point", "coordinates": [ 2.151717979137375, 41.366539536942497 ] } },
{ "type": "Feature", "properties": { "CODI_PARADA": 348, "NOM_PARADA": "Av Estadi - INEFC", "MARQUESINA": null, "PAL": 1.0, "PAL SOLAR": null, "PIU": null, "GEOMETRY": "POINT (2.1473729789724305 41.3654771850764)", "Type": "Bus Stop", "Evaluation": "No PID" }, "geometry": { "type": "Point", "coordinates": [ 2.147372978972431, 41.365477185076401 ] } },
{ "type": "Feature", "properties": { "CODI_PARADA": 349, "NOM_PARADA": "Av Estadi - INEFC", "MARQUESINA": 1.0, "PAL": null, "PAL SOLAR": null, "PIU": null, "GEOMETRY": "POINT (2.1468070800381804 41.36553004784397)", "Type": "Bus Stop", "Evaluation": "No PID" }, "geometry": { "type": "Point", "coordinates": [ 2.14680708003818, 41.365530047843968 ] } },
{ "type": "Feature", "properties": { "CODI_PARADA": 350, "NOM_PARADA": "Av de Vallcarca - Baixada de la Glòria", "MARQUESINA": 1.0, "PAL": null, "PAL SOLAR": null, "PIU": null, "GEOMETRY": "POINT (2.147010046897523 41.410384849841854)", "Type": "Bus Stop", "Evaluation": "No PID" }, "geometry": { "type": "Point", "coordinates": [ 2.147010046897523, 41.410384849841854 ] } },
{ "type": "Feature", "properties": { "CODI_PARADA": 352, "NOM_PARADA": "Av de Sant Ildefons - Cirerer", "MARQUESINA": null, "PAL": null, "PAL SOLAR": 1.0, "PIU": 1.0, "GEOMETRY": "POINT (2.083071394358328 41.36551197145689)", "Type": "Bus Stop", "Evaluation": "Has PID" }, "geometry": { "type": "Point", "coordinates": [ 2.083071394358328, 41.36551197145689 ] } },
{ "type": "Feature", "properties": { "CODI_PARADA": 353, "NOM_PARADA": "Av del Parc - Pl Catalunya", "MARQUESINA": null, "PAL": 1.0, "PAL SOLAR": null, "PIU": null, "GEOMETRY": "POINT (2.0772409767321958 41.35965519809233)", "Type": "Bus Stop", "Evaluation": "No PID" }, "geometry": { "type": "Point", "coordinates": [ 2.077240976732196, 41.359655198092327 ] } },
{ "type": "Feature", "properties": { "CODI_PARADA": 354, "NOM_PARADA": "Av del Parc - Ptge de Les Delícies", "MARQUESINA": 1.0, "PAL": null, "PAL SOLAR": null, "PIU": null, "GEOMETRY": "POINT (2.0749447766033264 41.35939115081852)", "Type": "Bus Stop", "Evaluation": "No PID" }, "geometry": { "type": "Point", "coordinates": [ 2.074944776603326, 41.359391150818517 ] } },
{ "type": "Feature", "properties": { "CODI_PARADA": 355, "NOM_PARADA": "Av del Parc - Mossèn Joaquim Palet", "MARQUESINA": 1.0, "PAL": null, "PAL SOLAR": null, "PIU": null, "GEOMETRY": "POINT (2.0729409555555107 41.359194453818965)", "Type": "Bus Stop", "Evaluation": "No PID" }, "geometry": { "type": "Point", "coordinates": [ 2.072940955555511, 41.359194453818965 ] } },
{ "type": "Feature", "properties": { "CODI_PARADA": 357, "NOM_PARADA": "Av dels Alps - Tanatori", "MARQUESINA": 1.0, "PAL": null, "PAL SOLAR": null, "PIU": null, "GEOMETRY": "POINT (2.0782267849641363 41.35504602195419)", "Type": "Bus Stop", "Evaluation": "No PID" }, "geometry": { "type": "Point", "coordinates": [ 2.078226784964136, 41.355046021954188 ] } },
{ "type": "Feature", "properties": { "CODI_PARADA": 358, "NOM_PARADA": "Av dels Alps - Ctra d'Esplugues", "MARQUESINA": null, "PAL": null, "PAL SOLAR": 1.0, "PIU": 1.0, "GEOMETRY": "POINT (2.073255295413291 41.356433159727715)", "Type": "Bus Stop", "Evaluation": "Has PID" }, "geometry": { "type": "Point", "coordinates": [ 2.073255295413291, 41.356433159727715 ] } },
{ "type": "Feature", "properties": { "CODI_PARADA": 360, "NOM_PARADA": "Sant Adrià - Formiga", "MARQUESINA": 1.0, "PAL": null, "PAL SOLAR": null, "PIU": null, "GEOMETRY": "POINT (2.2016278108877305 41.43579291761533)", "Type": "Bus Stop", "Evaluation": "No PID" }, "geometry": { "type": "Point", "coordinates": [ 2.201627810887731, 41.435792917615331 ] } },
{ "type": "Feature", "properties": { "CODI_PARADA": 363, "NOM_PARADA": "Felip II - Pl del Congrés", "MARQUESINA": 1.0, "PAL": null, "PAL SOLAR": null, "PIU": 1.0, "GEOMETRY": "POINT (2.179847427821755 41.42588693035967)", "Type": "Bus Stop", "Evaluation": "Has PID" }, "geometry": { "type": "Point", "coordinates": [ 2.179847427821755, 41.425886930359667 ] } },
{ "type": "Feature", "properties": { "CODI_PARADA": 364, "NOM_PARADA": "Felip II - Arnau d'Oms", "MARQUESINA": 1.0, "PAL": null, "PAL SOLAR": null, "PIU": 1.0, "GEOMETRY": "POINT (2.1780644134643707 41.42724742184073)", "Type": "Bus Stop", "Evaluation": "Has PID" }, "geometry": { "type": "Point", "coordinates": [ 2.178064413464371, 41.427247421840732 ] } },
{ "type": "Feature", "properties": { "CODI_PARADA": 365, "NOM_PARADA": "Lletres - Dante Alighieri", "MARQUESINA": 1.0, "PAL": null, "PAL SOLAR": null, "PIU": 1.0, "GEOMETRY": "POINT (2.157914731205191 41.42793631945286)", "Type": "Bus Stop", "Evaluation": "Has PID" }, "geometry": { "type": "Point", "coordinates": [ 2.157914731205191, 41.427936319452861 ] } },
{ "type": "Feature", "properties": { "CODI_PARADA": 366, "NOM_PARADA": "Pl de l'Estatut", "MARQUESINA": 1.0, "PAL": null, "PAL SOLAR": null, "PIU": 1.0, "GEOMETRY": "POINT (2.1552546020433563 41.430511453563)", "Type": "Bus Stop", "Evaluation": "Has PID" }, "geometry": { "type": "Point", "coordinates": [ 2.155254602043356, 41.430511453563 ] } },
{ "type": "Feature", "properties": { "CODI_PARADA": 368, "NOM_PARADA": "Trav de Dalt - Torrent de les Flors", "MARQUESINA": 1.0, "PAL": null, "PAL SOLAR": null, "PIU": 1.0, "GEOMETRY": "POINT (2.156636471251891 41.41046033286888)", "Type": "Bus Stop", "Evaluation": "Has PID" }, "geometry": { "type": "Point", "coordinates": [ 2.156636471251891, 41.41046033286888 ] } },
{ "type": "Feature", "properties": { "CODI_PARADA": 369, "NOM_PARADA": "Pi i Margall - Metro Joanic", "MARQUESINA": 1.0, "PAL": null, "PAL SOLAR": null, "PIU": 1.0, "GEOMETRY": "POINT (2.1630642219955196 41.406304198082815)", "Type": "Bus Stop", "Evaluation": "Has PID" }, "geometry": { "type": "Point", "coordinates": [ 2.16306422199552, 41.406304198082815 ] } },
{ "type": "Feature", "properties": { "CODI_PARADA": 370, "NOM_PARADA": "Pg Maragall - Amílcar", "MARQUESINA": 1.0, "PAL": null, "PAL SOLAR": null, "PIU": 1.0, "GEOMETRY": "POINT (2.173042303782484 41.42639686587039)", "Type": "Bus Stop", "Evaluation": "Has PID" }, "geometry": { "type": "Point", "coordinates": [ 2.173042303782484, 41.426396865870387 ] } },
{ "type": "Feature", "properties": { "CODI_PARADA": 371, "NOM_PARADA": "Pg Maragall - Sabastida", "MARQUESINA": 1.0, "PAL": null, "PAL SOLAR": null, "PIU": 1.0, "GEOMETRY": "POINT (2.168463480943511 41.42747931420053)", "Type": "Bus Stop", "Evaluation": "Has PID" }, "geometry": { "type": "Point", "coordinates": [ 2.168463480943511, 41.427479314200532 ] } },
{ "type": "Feature", "properties": { "CODI_PARADA": 372, "NOM_PARADA": "Av Catalunya - Àngel Guimerà", "MARQUESINA": null, "PAL": 1.0, "PAL SOLAR": null, "PIU": null, "GEOMETRY": "POINT (2.1834026733918477 41.49607424276393)", "Type": "Bus Stop", "Evaluation": "No PID" }, "geometry": { "type": "Point", "coordinates": [ 2.183402673391848, 41.496074242763932 ] } },
{ "type": "Feature", "properties": { "CODI_PARADA": 373, "NOM_PARADA": "Diagonal - Entença", "MARQUESINA": 1.0, "PAL": null, "PAL SOLAR": null, "PIU": 1.0, "GEOMETRY": "POINT (2.136404968709691 41.39033952703829)", "Type": "Bus Stop", "Evaluation": "Has PID" }, "geometry": { "type": "Point", "coordinates": [ 2.136404968709691, 41.390339527038293 ] } },
{ "type": "Feature", "properties": { "CODI_PARADA": 374, "NOM_PARADA": "Ctra d'Horta - Pg de Valldaura", "MARQUESINA": null, "PAL": 1.0, "PAL SOLAR": null, "PIU": null, "GEOMETRY": "POINT (2.1535590002363474 41.43727439560509)", "Type": "Bus Stop", "Evaluation": "No PID" }, "geometry": { "type": "Point", "coordinates": [ 2.153559000236347, 41.437274395605087 ] } },
{ "type": "Feature", "properties": { "CODI_PARADA": 375, "NOM_PARADA": "Josep Tarradellas - Av Sarrià", "MARQUESINA": 1.0, "PAL": null, "PAL SOLAR": null, "PIU": 1.0, "GEOMETRY": "POINT (2.1431363145455418 41.38950735437431)", "Type": "Bus Stop", "Evaluation": "Has PID" }, "geometry": { "type": "Point", "coordinates": [ 2.143136314545542, 41.38950735437431 ] } },
{ "type": "Feature", "properties": { "CODI_PARADA": 376, "NOM_PARADA": "Les Corts - Pl Dr Ignasi Barraquer", "MARQUESINA": 1.0, "PAL": null, "PAL SOLAR": null, "PIU": null, "GEOMETRY": "POINT (2.1406341529916704 41.39011493859724)", "Type": "Bus Stop", "Evaluation": "No PID" }, "geometry": { "type": "Point", "coordinates": [ 2.14063415299167, 41.390114938597243 ] } },
{ "type": "Feature", "properties": { "CODI_PARADA": 377, "NOM_PARADA": "Paral·lel - Rocafort", "MARQUESINA": 1.0, "PAL": null, "PAL SOLAR": null, "PIU": 1.0, "GEOMETRY": "POINT (2.159399896545658 41.375107903427676)", "Type": "Bus Stop", "Evaluation": "Has PID" }, "geometry": { "type": "Point", "coordinates": [ 2.159399896545658, 41.375107903427676 ] } },
{ "type": "Feature", "properties": { "CODI_PARADA": 378, "NOM_PARADA": "Av de Roma - Entença", "MARQUESINA": 1.0, "PAL": null, "PAL SOLAR": null, "PIU": 1.0, "GEOMETRY": "POINT (2.1462743177811294 41.38201347784519)", "Type": "Bus Stop", "Evaluation": "Has PID" }, "geometry": { "type": "Point", "coordinates": [ 2.146274317781129, 41.382013477845192 ] } },
{ "type": "Feature", "properties": { "CODI_PARADA": 380, "NOM_PARADA": "València - Entença", "MARQUESINA": 1.0, "PAL": null, "PAL SOLAR": null, "PIU": 1.0, "GEOMETRY": "POINT (2.147948033000961 41.38104836638838)", "Type": "Bus Stop", "Evaluation": "Has PID" }, "geometry": { "type": "Point", "coordinates": [ 2.147948033000961, 41.381048366388377 ] } },
{ "type": "Feature", "properties": { "CODI_PARADA": 381, "NOM_PARADA": "Clot - Biscaia", "MARQUESINA": 1.0, "PAL": null, "PAL SOLAR": null, "PIU": null, "GEOMETRY": "POINT (2.190630852266588 41.41398766289776)", "Type": "Bus Stop", "Evaluation": "No PID" }, "geometry": { "type": "Point", "coordinates": [ 2.190630852266588, 41.41398766289776 ] } },
{ "type": "Feature", "properties": { "CODI_PARADA": 382, "NOM_PARADA": "Pujades - Espronceda", "MARQUESINA": null, "PAL": 1.0, "PAL SOLAR": null, "PIU": null, "GEOMETRY": "POINT (2.2056994726907964 41.405582544964766)", "Type": "Bus Stop", "Evaluation": "No PID" }, "geometry": { "type": "Point", "coordinates": [ 2.205699472690796, 41.405582544964766 ] } },
{ "type": "Feature", "properties": { "CODI_PARADA": 383, "NOM_PARADA": "Gran Via - Espronceda", "MARQUESINA": 1.0, "PAL": null, "PAL SOLAR": null, "PIU": 1.0, "GEOMETRY": "POINT (2.1976434338842314 41.41167723708248)", "Type": "Bus Stop", "Evaluation": "Has PID" }, "geometry": { "type": "Point", "coordinates": [ 2.197643433884231, 41.411677237082479 ] } },
{ "type": "Feature", "properties": { "CODI_PARADA": 384, "NOM_PARADA": "Sant Antoni Maria Claret - Espronceda", "MARQUESINA": null, "PAL": 1.0, "PAL SOLAR": null, "PIU": null, "GEOMETRY": "POINT (2.185971992303831 41.41991502331592)", "Type": "Bus Stop", "Evaluation": "No PID" }, "geometry": { "type": "Point", "coordinates": [ 2.185971992303831, 41.419915023315923 ] } },
{ "type": "Feature", "properties": { "CODI_PARADA": 385, "NOM_PARADA": "Gran Via - Bilbao", "MARQUESINA": 1.0, "PAL": null, "PAL SOLAR": null, "PIU": null, "GEOMETRY": "POINT (2.1947615156026297 41.40904545957009)", "Type": "Bus Stop", "Evaluation": "No PID" }, "geometry": { "type": "Point", "coordinates": [ 2.19476151560263, 41.409045459570088 ] } },
{ "type": "Feature", "properties": { "CODI_PARADA": 387, "NOM_PARADA": "Mallorca - Clot", "MARQUESINA": 1.0, "PAL": null, "PAL SOLAR": null, "PIU": 1.0, "GEOMETRY": "POINT (2.1905144555261447 41.41491736111153)", "Type": "Bus Stop", "Evaluation": "Has PID" }, "geometry": { "type": "Point", "coordinates": [ 2.190514455526145, 41.414917361111527 ] } },
{ "type": "Feature", "properties": { "CODI_PARADA": 388, "NOM_PARADA": "Saldes", "MARQUESINA": null, "PAL": 1.0, "PAL SOLAR": null, "PIU": null, "GEOMETRY": "POINT (2.1345008380638384 41.42894538585113)", "Type": "Bus Stop", "Evaluation": "No PID" }, "geometry": { "type": "Point", "coordinates": [ 2.134500838063838, 41.428945385851129 ] } },
{ "type": "Feature", "properties": { "CODI_PARADA": 389, "NOM_PARADA": "Pl Espanya - FGC", "MARQUESINA": 1.0, "PAL": null, "PAL SOLAR": null, "PIU": 1.0, "GEOMETRY": "POINT (2.1485752998966596 41.37429099828108)", "Type": "Bus Stop", "Evaluation": "Has PID" }, "geometry": { "type": "Point", "coordinates": [ 2.14857529989666, 41.374290998281083 ] } },
{ "type": "Feature", "properties": { "CODI_PARADA": 391, "NOM_PARADA": "Metro Hostafrancs", "MARQUESINA": 1.0, "PAL": null, "PAL SOLAR": null, "PIU": null, "GEOMETRY": "POINT (2.1448947503926994 41.375152771454324)", "Type": "Bus Stop", "Evaluation": "No PID" }, "geometry": { "type": "Point", "coordinates": [ 2.144894750392699, 41.375152771454324 ] } },
{ "type": "Feature", "properties": { "CODI_PARADA": 392, "NOM_PARADA": "Creu Coberta - Pl Espanya", "MARQUESINA": 1.0, "PAL": null, "PAL SOLAR": null, "PIU": 1.0, "GEOMETRY": "POINT (2.146854292559836 41.3751197794976)", "Type": "Bus Stop", "Evaluation": "Has PID" }, "geometry": { "type": "Point", "coordinates": [ 2.146854292559836, 41.375119779497602 ] } },
{ "type": "Feature", "properties": { "CODI_PARADA": 393, "NOM_PARADA": "Av Reina Maria Cristina - Pl Espanya", "MARQUESINA": null, "PAL": 1.0, "PAL SOLAR": null, "PIU": null, "GEOMETRY": "POINT (2.150107241543877 41.37382079705156)", "Type": "Bus Stop", "Evaluation": "No PID" }, "geometry": { "type": "Point", "coordinates": [ 2.150107241543877, 41.373820797051557 ] } },
{ "type": "Feature", "properties": { "CODI_PARADA": 395, "NOM_PARADA": "Marquès de Sentmenat - Equador", "MARQUESINA": 1.0, "PAL": null, "PAL SOLAR": null, "PIU": null, "GEOMETRY": "POINT (2.1415611988808143 41.385421148028996)", "Type": "Bus Stop", "Evaluation": "No PID" }, "geometry": { "type": "Point", "coordinates": [ 2.141561198880814, 41.385421148028996 ] } },
{ "type": "Feature", "properties": { "CODI_PARADA": 396, "NOM_PARADA": "Berlín - Nicaragua", "MARQUESINA": 1.0, "PAL": null, "PAL SOLAR": null, "PIU": 1.0, "GEOMETRY": "POINT (2.1407926179235996 41.38412953945026)", "Type": "Bus Stop", "Evaluation": "Has PID" }, "geometry": { "type": "Point", "coordinates": [ 2.1407926179236, 41.384129539450257 ] } },
{ "type": "Feature", "properties": { "CODI_PARADA": 397, "NOM_PARADA": "Josep Tarradellas - Entença", "MARQUESINA": 1.0, "PAL": null, "PAL SOLAR": null, "PIU": 1.0, "GEOMETRY": "POINT (2.1424772250918944 41.386403185089726)", "Type": "Bus Stop", "Evaluation": "Has PID" }, "geometry": { "type": "Point", "coordinates": [ 2.142477225091894, 41.386403185089726 ] } },
{ "type": "Feature", "properties": { "CODI_PARADA": 398, "NOM_PARADA": "Guipúscoa - Julián Besteiro", "MARQUESINA": 1.0, "PAL": null, "PAL SOLAR": null, "PIU": null, "GEOMETRY": "POINT (2.1975699607897905 41.416481498483314)", "Type": "Bus Stop", "Evaluation": "No PID" }, "geometry": { "type": "Point", "coordinates": [ 2.19756996078979, 41.416481498483314 ] } },
{ "type": "Feature", "properties": { "CODI_PARADA": 399, "NOM_PARADA": "Llull - Selva de Mar", "MARQUESINA": 1.0, "PAL": null, "PAL SOLAR": null, "PIU": 1.0, "GEOMETRY": "POINT (2.210207456068101 41.407024435302276)", "Type": "Bus Stop", "Evaluation": "Has PID" }, "geometry": { "type": "Point", "coordinates": [ 2.210207456068101, 41.407024435302276 ] } },
{ "type": "Feature", "properties": { "CODI_PARADA": 400, "NOM_PARADA": "Hospital Delfos", "MARQUESINA": 1.0, "PAL": null, "PAL SOLAR": null, "PIU": 1.0, "GEOMETRY": "POINT (2.1429031882257927 41.41342258618342)", "Type": "Bus Stop", "Evaluation": "Has PID" }, "geometry": { "type": "Point", "coordinates": [ 2.142903188225793, 41.413422586183422 ] } },
{ "type": "Feature", "properties": { "CODI_PARADA": 402, "NOM_PARADA": "Dante Alighieri - Santa Joana d'Arc", "MARQUESINA": null, "PAL": 1.0, "PAL SOLAR": null, "PIU": null, "GEOMETRY": "POINT (2.1601009266326447 41.42845392543716)", "Type": "Bus Stop", "Evaluation": "No PID" }, "geometry": { "type": "Point", "coordinates": [ 2.160100926632645, 41.428453925437161 ] } },
{ "type": "Feature", "properties": { "CODI_PARADA": 406, "NOM_PARADA": "Pg Valldaura - Rambla Caçador", "MARQUESINA": 1.0, "PAL": null, "PAL SOLAR": null, "PIU": 1.0, "GEOMETRY": "POINT (2.1734793435791913 41.438630470267846)", "Type": "Bus Stop", "Evaluation": "Has PID" }, "geometry": { "type": "Point", "coordinates": [ 2.173479343579191, 41.438630470267846 ] } },
{ "type": "Feature", "properties": { "CODI_PARADA": 407, "NOM_PARADA": "Av Indústria - Walden", "MARQUESINA": null, "PAL": null, "PAL SOLAR": 1.0, "PIU": 1.0, "GEOMETRY": "POINT (2.066954373032821 41.3804291034493)", "Type": "Bus Stop", "Evaluation": "Has PID" }, "geometry": { "type": "Point", "coordinates": [ 2.066954373032821, 41.380429103449302 ] } },
{ "type": "Feature", "properties": { "CODI_PARADA": 408, "NOM_PARADA": "CAP Sant Just Desvern", "MARQUESINA": null, "PAL": 1.0, "PAL SOLAR": null, "PIU": null, "GEOMETRY": "POINT (2.069865762956768 41.382500083536286)", "Type": "Bus Stop", "Evaluation": "No PID" }, "geometry": { "type": "Point", "coordinates": [ 2.069865762956768, 41.382500083536286 ] } },
{ "type": "Feature", "properties": { "CODI_PARADA": 409, "NOM_PARADA": "Sagrera - Parc de la Pegaso", "MARQUESINA": 1.0, "PAL": null, "PAL SOLAR": null, "PIU": 1.0, "GEOMETRY": "POINT (2.190915795900879 41.42631742868345)", "Type": "Bus Stop", "Evaluation": "Has PID" }, "geometry": { "type": "Point", "coordinates": [ 2.190915795900879, 41.426317428683447 ] } },
{ "type": "Feature", "properties": { "CODI_PARADA": 410, "NOM_PARADA": "Pl Eivissa - Horta", "MARQUESINA": null, "PAL": 1.0, "PAL SOLAR": null, "PIU": null, "GEOMETRY": "POINT (2.1611014003642155 41.430482247651135)", "Type": "Bus Stop", "Evaluation": "No PID" }, "geometry": { "type": "Point", "coordinates": [ 2.161101400364215, 41.430482247651135 ] } },
{ "type": "Feature", "properties": { "CODI_PARADA": 412, "NOM_PARADA": "Carles III - Les Corts", "MARQUESINA": 1.0, "PAL": null, "PAL SOLAR": null, "PIU": 1.0, "GEOMETRY": "POINT (2.1280081714287316 41.38183291201365)", "Type": "Bus Stop", "Evaluation": "Has PID" }, "geometry": { "type": "Point", "coordinates": [ 2.128008171428732, 41.38183291201365 ] } },
{ "type": "Feature", "properties": { "CODI_PARADA": 413, "NOM_PARADA": "Av Litoral - Trelawny", "MARQUESINA": 1.0, "PAL": null, "PAL SOLAR": null, "PIU": 1.0, "GEOMETRY": "POINT (2.1948428764789902 41.386258266031106)", "Type": "Bus Stop", "Evaluation": "Has PID" }, "geometry": { "type": "Point", "coordinates": [ 2.19484287647899, 41.386258266031106 ] } },
{ "type": "Feature", "properties": { "CODI_PARADA": 420, "NOM_PARADA": "Can Clos", "MARQUESINA": 1.0, "PAL": null, "PAL SOLAR": null, "PIU": null, "GEOMETRY": "POINT (2.1472940786645003 41.36071205582939)", "Type": "Bus Stop", "Evaluation": "No PID" }, "geometry": { "type": "Point", "coordinates": [ 2.1472940786645, 41.360712055829389 ] } },
{ "type": "Feature", "properties": { "CODI_PARADA": 421, "NOM_PARADA": "Gran Via - Farell", "MARQUESINA": 1.0, "PAL": null, "PAL SOLAR": null, "PIU": 1.0, "GEOMETRY": "POINT (2.1449504113704903 41.37199313391623)", "Type": "Bus Stop", "Evaluation": "Has PID" }, "geometry": { "type": "Point", "coordinates": [ 2.14495041137049, 41.371993133916227 ] } },
{ "type": "Feature", "properties": { "CODI_PARADA": 422, "NOM_PARADA": "Via Sant Antoni Abat", "MARQUESINA": null, "PAL": 1.0, "PAL SOLAR": null, "PIU": null, "GEOMETRY": "POINT (2.1509449741960305 41.356560521051065)", "Type": "Bus Stop", "Evaluation": "No PID" }, "geometry": { "type": "Point", "coordinates": [ 2.15094497419603, 41.356560521051065 ] } },
{ "type": "Feature", "properties": { "CODI_PARADA": 423, "NOM_PARADA": "Gran Vista - Turó de la Rovira", "MARQUESINA": null, "PAL": 1.0, "PAL SOLAR": null, "PIU": null, "GEOMETRY": "POINT (2.16400783031781 41.42021202915854)", "Type": "Bus Stop", "Evaluation": "No PID" }, "geometry": { "type": "Point", "coordinates": [ 2.16400783031781, 41.420212029158542 ] } },
{ "type": "Feature", "properties": { "CODI_PARADA": 424, "NOM_PARADA": "Garriga i Roca - Camil Oliveras", "MARQUESINA": null, "PAL": 1.0, "PAL SOLAR": null, "PIU": null, "GEOMETRY": "POINT (2.169714381689385 41.42123641293314)", "Type": "Bus Stop", "Evaluation": "No PID" }, "geometry": { "type": "Point", "coordinates": [ 2.169714381689385, 41.421236412933141 ] } },
{ "type": "Feature", "properties": { "CODI_PARADA": 425, "NOM_PARADA": "Montserrat de Casanovas - Parc del Guinardó", "MARQUESINA": null, "PAL": 1.0, "PAL SOLAR": null, "PIU": null, "GEOMETRY": "POINT (2.1695161015715536 41.423177382331986)", "Type": "Bus Stop", "Evaluation": "No PID" }, "geometry": { "type": "Point", "coordinates": [ 2.169516101571554, 41.423177382331986 ] } },
{ "type": "Feature", "properties": { "CODI_PARADA": 426, "NOM_PARADA": "Montserrat de Casanovas - Ptge Pedrell", "MARQUESINA": null, "PAL": 1.0, "PAL SOLAR": null, "PIU": null, "GEOMETRY": "POINT (2.1679810843551923 41.42400012853796)", "Type": "Bus Stop", "Evaluation": "No PID" }, "geometry": { "type": "Point", "coordinates": [ 2.167981084355192, 41.424000128537962 ] } },
{ "type": "Feature", "properties": { "CODI_PARADA": 427, "NOM_PARADA": "Pedrell - Canonge Almera", "MARQUESINA": null, "PAL": 1.0, "PAL SOLAR": null, "PIU": null, "GEOMETRY": "POINT (2.162029299015287 41.42388444634189)", "Type": "Bus Stop", "Evaluation": "No PID" }, "geometry": { "type": "Point", "coordinates": [ 2.162029299015287, 41.423884446341887 ] } },
{ "type": "Feature", "properties": { "CODI_PARADA": 428, "NOM_PARADA": "Pg Valldaura - Fabra i Puig", "MARQUESINA": 1.0, "PAL": null, "PAL SOLAR": null, "PIU": 1.0, "GEOMETRY": "POINT (2.1657599110141392 41.43919750861433)", "Type": "Bus Stop", "Evaluation": "Has PID" }, "geometry": { "type": "Point", "coordinates": [ 2.165759911014139, 41.439197508614328 ] } },
{ "type": "Feature", "properties": { "CODI_PARADA": 430, "NOM_PARADA": "Parc Turó de la Peira", "MARQUESINA": 1.0, "PAL": null, "PAL SOLAR": null, "PIU": 1.0, "GEOMETRY": "POINT (2.1631925463757944 41.433575884641144)", "Type": "Bus Stop", "Evaluation": "Has PID" }, "geometry": { "type": "Point", "coordinates": [ 2.163192546375794, 41.433575884641144 ] } },
{ "type": "Feature", "properties": { "CODI_PARADA": 432, "NOM_PARADA": "Meridiana - Parc de Can Dragó", "MARQUESINA": 1.0, "PAL": null, "PAL SOLAR": null, "PIU": null, "GEOMETRY": "POINT (2.183797636386164 41.43562967187689)", "Type": "Bus Stop", "Evaluation": "No PID" }, "geometry": { "type": "Point", "coordinates": [ 2.183797636386164, 41.435629671876889 ] } },
{ "type": "Feature", "properties": { "CODI_PARADA": 435, "NOM_PARADA": "Arenys - Rossell", "MARQUESINA": null, "PAL": 1.0, "PAL SOLAR": null, "PIU": null, "GEOMETRY": "POINT (2.1454770901922626 41.42275972680352)", "Type": "Bus Stop", "Evaluation": "No PID" }, "geometry": { "type": "Point", "coordinates": [ 2.145477090192263, 41.42275972680352 ] } },
{ "type": "Feature", "properties": { "CODI_PARADA": 436, "NOM_PARADA": "Arenys - Fastenrath", "MARQUESINA": null, "PAL": 1.0, "PAL SOLAR": null, "PIU": null, "GEOMETRY": "POINT (2.143006034344095 41.42204803817196)", "Type": "Bus Stop", "Evaluation": "No PID" }, "geometry": { "type": "Point", "coordinates": [ 2.143006034344095, 41.422048038171958 ] } },
{ "type": "Feature", "properties": { "CODI_PARADA": 437, "NOM_PARADA": "Pl del Nen de la Rutlla", "MARQUESINA": 1.0, "PAL": null, "PAL SOLAR": null, "PIU": 1.0, "GEOMETRY": "POINT (2.1719433461029607 41.418579686178234)", "Type": "Bus Stop", "Evaluation": "Has PID" }, "geometry": { "type": "Point", "coordinates": [ 2.171943346102961, 41.418579686178234 ] } },
{ "type": "Feature", "properties": { "CODI_PARADA": 440, "NOM_PARADA": "Via Júlia - Sant Francesc Xavier", "MARQUESINA": 1.0, "PAL": null, "PAL SOLAR": null, "PIU": 1.0, "GEOMETRY": "POINT (2.1775847587397834 41.44159450766132)", "Type": "Bus Stop", "Evaluation": "Has PID" }, "geometry": { "type": "Point", "coordinates": [ 2.177584758739783, 41.441594507661321 ] } },
{ "type": "Feature", "properties": { "CODI_PARADA": 441, "NOM_PARADA": "Gran Vista - Pl de la Mitja Lluna", "MARQUESINA": 1.0, "PAL": null, "PAL SOLAR": null, "PIU": null, "GEOMETRY": "POINT (2.1649188331653675 41.420125751142166)", "Type": "Bus Stop", "Evaluation": "No PID" }, "geometry": { "type": "Point", "coordinates": [ 2.164918833165367, 41.420125751142166 ] } },
{ "type": "Feature", "properties": { "CODI_PARADA": 442, "NOM_PARADA": "Comte d'Urgell - Floridablanca", "MARQUESINA": 1.0, "PAL": null, "PAL SOLAR": null, "PIU": 1.0, "GEOMETRY": "POINT (2.160362893174682 41.38088554351013)", "Type": "Bus Stop", "Evaluation": "Has PID" }, "geometry": { "type": "Point", "coordinates": [ 2.160362893174682, 41.380885543510132 ] } },
{ "type": "Feature", "properties": { "CODI_PARADA": 444, "NOM_PARADA": "Entença - Floridablanca", "MARQUESINA": 1.0, "PAL": null, "PAL SOLAR": null, "PIU": null, "GEOMETRY": "POINT (2.1559561345832017 41.37565041495828)", "Type": "Bus Stop", "Evaluation": "No PID" }, "geometry": { "type": "Point", "coordinates": [ 2.155956134583202, 41.37565041495828 ] } },
{ "type": "Feature", "properties": { "CODI_PARADA": 445, "NOM_PARADA": "Pedrell - Ptge Gabarnet", "MARQUESINA": null, "PAL": 1.0, "PAL SOLAR": null, "PIU": null, "GEOMETRY": "POINT (2.158764759629584 41.42312876627903)", "Type": "Bus Stop", "Evaluation": "No PID" }, "geometry": { "type": "Point", "coordinates": [ 2.158764759629584, 41.423128766279028 ] } },
{ "type": "Feature", "properties": { "CODI_PARADA": 446, "NOM_PARADA": "Montserrat de Casanovas - Pg Font d'En Fargas", "MARQUESINA": null, "PAL": 1.0, "PAL SOLAR": null, "PIU": null, "GEOMETRY": "POINT (2.1649545509779453 41.42371127298567)", "Type": "Bus Stop", "Evaluation": "No PID" }, "geometry": { "type": "Point", "coordinates": [ 2.164954550977945, 41.42371127298567 ] } },
{ "type": "Feature", "properties": { "CODI_PARADA": 447, "NOM_PARADA": "Av Mare de Déu de Montserrat - França", "MARQUESINA": 1.0, "PAL": null, "PAL SOLAR": null, "PIU": 1.0, "GEOMETRY": "POINT (2.1648905222451322 41.41483004180766)", "Type": "Bus Stop", "Evaluation": "Has PID" }, "geometry": { "type": "Point", "coordinates": [ 2.164890522245132, 41.414830041807662 ] } },
{ "type": "Feature", "properties": { "CODI_PARADA": 449, "NOM_PARADA": "Pg Zona Franca - Ctra del Prat", "MARQUESINA": 1.0, "PAL": null, "PAL SOLAR": null, "PIU": null, "GEOMETRY": "POINT (2.137449741774181 41.36206988023228)", "Type": "Bus Stop", "Evaluation": "No PID" }, "geometry": { "type": "Point", "coordinates": [ 2.137449741774181, 41.362069880232283 ] } },
{ "type": "Feature", "properties": { "CODI_PARADA": 450, "NOM_PARADA": "Pg Zona Franca - Foneria", "MARQUESINA": 1.0, "PAL": null, "PAL SOLAR": null, "PIU": 1.0, "GEOMETRY": "POINT (2.1396215998341988 41.359572785034324)", "Type": "Bus Stop", "Evaluation": "Has PID" }, "geometry": { "type": "Point", "coordinates": [ 2.139621599834199, 41.359572785034324 ] } },
{ "type": "Feature", "properties": { "CODI_PARADA": 453, "NOM_PARADA": "Via de Bàrcino - Foradada", "MARQUESINA": 1.0, "PAL": null, "PAL SOLAR": null, "PIU": null, "GEOMETRY": "POINT (2.1937789788878823 41.45281126863885)", "Type": "Bus Stop", "Evaluation": "No PID" }, "geometry": { "type": "Point", "coordinates": [ 2.193778978887882, 41.452811268638847 ] } },
{ "type": "Feature", "properties": { "CODI_PARADA": 454, "NOM_PARADA": "Sagrera - Martí Molins", "MARQUESINA": 1.0, "PAL": null, "PAL SOLAR": null, "PIU": 1.0, "GEOMETRY": "POINT (2.191081975708534 41.423025505742)", "Type": "Bus Stop", "Evaluation": "Has PID" }, "geometry": { "type": "Point", "coordinates": [ 2.191081975708534, 41.423025505741997 ] } },
{ "type": "Feature", "properties": { "CODI_PARADA": 458, "NOM_PARADA": "Pl Pius XII", "MARQUESINA": 1.0, "PAL": null, "PAL SOLAR": null, "PIU": null, "GEOMETRY": "POINT (2.1215526289288724 41.38696406737506)", "Type": "Bus Stop", "Evaluation": "No PID" }, "geometry": { "type": "Point", "coordinates": [ 2.121552628928872, 41.386964067375061 ] } },
{ "type": "Feature", "properties": { "CODI_PARADA": 459, "NOM_PARADA": "Av Mare de Déu de Montserrat - Gènova", "MARQUESINA": 1.0, "PAL": null, "PAL SOLAR": null, "PIU": 1.0, "GEOMETRY": "POINT (2.1701294690452833 41.41649917715878)", "Type": "Bus Stop", "Evaluation": "Has PID" }, "geometry": { "type": "Point", "coordinates": [ 2.170129469045283, 41.416499177158776 ] } },
{ "type": "Feature", "properties": { "CODI_PARADA": 460, "NOM_PARADA": "Av Mare de Déu de Montserrat - Francesc Alegre", "MARQUESINA": 1.0, "PAL": null, "PAL SOLAR": null, "PIU": 1.0, "GEOMETRY": "POINT (2.1677304116276956 41.415725611497464)", "Type": "Bus Stop", "Evaluation": "Has PID" }, "geometry": { "type": "Point", "coordinates": [ 2.167730411627696, 41.415725611497464 ] } },
{ "type": "Feature", "properties": { "CODI_PARADA": 464, "NOM_PARADA": "Gran Via - Bac de Roda", "MARQUESINA": 1.0, "PAL": null, "PAL SOLAR": null, "PIU": null, "GEOMETRY": "POINT (2.1974280704599045 41.4110848905086)", "Type": "Bus Stop", "Evaluation": "No PID" }, "geometry": { "type": "Point", "coordinates": [ 2.197428070459905, 41.411084890508597 ] } },
{ "type": "Feature", "properties": { "CODI_PARADA": 466, "NOM_PARADA": "Gran Via - Pl dels Porxos", "MARQUESINA": 1.0, "PAL": null, "PAL SOLAR": null, "PIU": 1.0, "GEOMETRY": "POINT (2.2006175507699233 41.413904845263474)", "Type": "Bus Stop", "Evaluation": "Has PID" }, "geometry": { "type": "Point", "coordinates": [ 2.200617550769923, 41.413904845263474 ] } },
{ "type": "Feature", "properties": { "CODI_PARADA": 469, "NOM_PARADA": "Rambla Prim - Ferrer Bassa", "MARQUESINA": 1.0, "PAL": null, "PAL SOLAR": null, "PIU": 1.0, "GEOMETRY": "POINT (2.215101994771741 41.41480413859389)", "Type": "Bus Stop", "Evaluation": "Has PID" }, "geometry": { "type": "Point", "coordinates": [ 2.215101994771741, 41.414804138593887 ] } },
{ "type": "Feature", "properties": { "CODI_PARADA": 470, "NOM_PARADA": "Estudis TV3", "MARQUESINA": null, "PAL": null, "PAL SOLAR": 1.0, "PIU": 1.0, "GEOMETRY": "POINT (2.0686622724643886 41.373478658693756)", "Type": "Bus Stop", "Evaluation": "Has PID" }, "geometry": { "type": "Point", "coordinates": [ 2.068662272464389, 41.373478658693756 ] } },
{ "type": "Feature", "properties": { "CODI_PARADA": 471, "NOM_PARADA": "Aiguablava - Via Favència", "MARQUESINA": 1.0, "PAL": null, "PAL SOLAR": null, "PIU": 1.0, "GEOMETRY": "POINT (2.1807603749707747 41.44744870922103)", "Type": "Bus Stop", "Evaluation": "Has PID" }, "geometry": { "type": "Point", "coordinates": [ 2.180760374970775, 41.447448709221028 ] } },
{ "type": "Feature", "properties": { "CODI_PARADA": 472, "NOM_PARADA": "Pl Europa - Fira", "MARQUESINA": 1.0, "PAL": null, "PAL SOLAR": null, "PIU": null, "GEOMETRY": "POINT (2.126403894186807 41.357419096563426)", "Type": "Bus Stop", "Evaluation": "No PID" }, "geometry": { "type": "Point", "coordinates": [ 2.126403894186807, 41.357419096563426 ] } },
{ "type": "Feature", "properties": { "CODI_PARADA": 475, "NOM_PARADA": "Pg Maragall - Dante Alighieri", "MARQUESINA": null, "PAL": null, "PAL SOLAR": 1.0, "PIU": 1.0, "GEOMETRY": "POINT (2.1628468340877944 41.42868759202101)", "Type": "Bus Stop", "Evaluation": "Has PID" }, "geometry": { "type": "Point", "coordinates": [ 2.162846834087794, 41.428687592021006 ] } },
{ "type": "Feature", "properties": { "CODI_PARADA": 476, "NOM_PARADA": "Rambla del Carmel", "MARQUESINA": 1.0, "PAL": null, "PAL SOLAR": null, "PIU": 1.0, "GEOMETRY": "POINT (2.158313466927059 41.42603721120022)", "Type": "Bus Stop", "Evaluation": "Has PID" }, "geometry": { "type": "Point", "coordinates": [ 2.158313466927059, 41.426037211200217 ] } },
{ "type": "Feature", "properties": { "CODI_PARADA": 478, "NOM_PARADA": "Av Vallcarca - Hospital Delfos", "MARQUESINA": 1.0, "PAL": null, "PAL SOLAR": null, "PIU": 1.0, "GEOMETRY": "POINT (2.1431185625027287 41.41401037760721)", "Type": "Bus Stop", "Evaluation": "Has PID" }, "geometry": { "type": "Point", "coordinates": [ 2.143118562502729, 41.414010377607212 ] } },
{ "type": "Feature", "properties": { "CODI_PARADA": 479, "NOM_PARADA": "Av Madrid - Carles III", "MARQUESINA": 1.0, "PAL": null, "PAL SOLAR": null, "PIU": 1.0, "GEOMETRY": "POINT (2.1284682666147208 41.378931419093206)", "Type": "Bus Stop", "Evaluation": "Has PID" }, "geometry": { "type": "Point", "coordinates": [ 2.128468266614721, 41.378931419093206 ] } },
{ "type": "Feature", "properties": { "CODI_PARADA": 481, "NOM_PARADA": "Maria Cristina - Carles III", "MARQUESINA": 1.0, "PAL": null, "PAL SOLAR": null, "PIU": 1.0, "GEOMETRY": "POINT (2.1280282062262184 41.38932613722201)", "Type": "Bus Stop", "Evaluation": "Has PID" }, "geometry": { "type": "Point", "coordinates": [ 2.128028206226218, 41.389326137222007 ] } },
{ "type": "Feature", "properties": { "CODI_PARADA": 482, "NOM_PARADA": "Les Corts - Maternitat", "MARQUESINA": 1.0, "PAL": null, "PAL SOLAR": null, "PIU": 1.0, "GEOMETRY": "POINT (2.126648445149802 41.3812152721646)", "Type": "Bus Stop", "Evaluation": "Has PID" }, "geometry": { "type": "Point", "coordinates": [ 2.126648445149802, 41.381215272164603 ] } },
{ "type": "Feature", "properties": { "CODI_PARADA": 483, "NOM_PARADA": "Diagonal - Numància", "MARQUESINA": 1.0, "PAL": null, "PAL SOLAR": null, "PIU": 1.0, "GEOMETRY": "POINT (2.131617420018137 41.38951262719177)", "Type": "Bus Stop", "Evaluation": "Has PID" }, "geometry": { "type": "Point", "coordinates": [ 2.131617420018137, 41.38951262719177 ] } },
{ "type": "Feature", "properties": { "CODI_PARADA": 484, "NOM_PARADA": "Les Corts - Vallespir", "MARQUESINA": 1.0, "PAL": null, "PAL SOLAR": null, "PIU": 1.0, "GEOMETRY": "POINT (2.1327252989188414 41.38551551668131)", "Type": "Bus Stop", "Evaluation": "Has PID" }, "geometry": { "type": "Point", "coordinates": [ 2.132725298918841, 41.385515516681309 ] } },
{ "type": "Feature", "properties": { "CODI_PARADA": 485, "NOM_PARADA": "Mercat de Les Corts", "MARQUESINA": 1.0, "PAL": null, "PAL SOLAR": null, "PIU": null, "GEOMETRY": "POINT (2.129908012070754 41.383691463761195)", "Type": "Bus Stop", "Evaluation": "No PID" }, "geometry": { "type": "Point", "coordinates": [ 2.129908012070754, 41.383691463761195 ] } },
{ "type": "Feature", "properties": { "CODI_PARADA": 487, "NOM_PARADA": "Mitre - Prat de la Riba", "MARQUESINA": 1.0, "PAL": null, "PAL SOLAR": null, "PIU": 1.0, "GEOMETRY": "POINT (2.131300937466366 41.39327435015446)", "Type": "Bus Stop", "Evaluation": "Has PID" }, "geometry": { "type": "Point", "coordinates": [ 2.131300937466366, 41.393274350154464 ] } },
{ "type": "Feature", "properties": { "CODI_PARADA": 491, "NOM_PARADA": "Diagonal - Joan Güell", "MARQUESINA": 1.0, "PAL": null, "PAL SOLAR": null, "PIU": 1.0, "GEOMETRY": "POINT (2.1281215594042298 41.38802586866684)", "Type": "Bus Stop", "Evaluation": "Has PID" }, "geometry": { "type": "Point", "coordinates": [ 2.12812155940423, 41.388025868666837 ] } },
{ "type": "Feature", "properties": { "CODI_PARADA": 492, "NOM_PARADA": "Diagonal - Av Joan XXIII", "MARQUESINA": 1.0, "PAL": null, "PAL SOLAR": null, "PIU": 1.0, "GEOMETRY": "POINT (2.1229849851483484 41.38693206051302)", "Type": "Bus Stop", "Evaluation": "Has PID" }, "geometry": { "type": "Point", "coordinates": [ 2.122984985148348, 41.386932060513018 ] } },
{ "type": "Feature", "properties": { "CODI_PARADA": 493, "NOM_PARADA": "Diagonal - Gran Via Carles III", "MARQUESINA": 1.0, "PAL": null, "PAL SOLAR": null, "PIU": null, "GEOMETRY": "POINT (2.125576575198668 41.38758877815492)", "Type": "Bus Stop", "Evaluation": "No PID" }, "geometry": { "type": "Point", "coordinates": [ 2.125576575198668, 41.387588778154921 ] } },
{ "type": "Feature", "properties": { "CODI_PARADA": 494, "NOM_PARADA": "Diagonal - Gandesa", "MARQUESINA": 1.0, "PAL": null, "PAL SOLAR": null, "PIU": 1.0, "GEOMETRY": "POINT (2.128933942142265 41.38844259710555)", "Type": "Bus Stop", "Evaluation": "Has PID" }, "geometry": { "type": "Point", "coordinates": [ 2.128933942142265, 41.388442597105552 ] } },
{ "type": "Feature", "properties": { "CODI_PARADA": 495, "NOM_PARADA": "Av Mare de Déu de Montserrat - Cartagena", "MARQUESINA": 1.0, "PAL": null, "PAL SOLAR": null, "PIU": 1.0, "GEOMETRY": "POINT (2.1698921824615547 41.41605148503482)", "Type": "Bus Stop", "Evaluation": "Has PID" }, "geometry": { "type": "Point", "coordinates": [ 2.169892182461555, 41.416051485034821 ] } },
{ "type": "Feature", "properties": { "CODI_PARADA": 496, "NOM_PARADA": "Pg Torras i Bages - Residència", "MARQUESINA": 1.0, "PAL": null, "PAL SOLAR": null, "PIU": null, "GEOMETRY": "POINT (2.190908919163344 41.43941514667252)", "Type": "Bus Stop", "Evaluation": "No PID" }, "geometry": { "type": "Point", "coordinates": [ 2.190908919163344, 41.439415146672523 ] } },
{ "type": "Feature", "properties": { "CODI_PARADA": 497, "NOM_PARADA": "Alcántara - Garigliano", "MARQUESINA": null, "PAL": 1.0, "PAL SOLAR": null, "PIU": null, "GEOMETRY": "POINT (2.172429852871534 41.44552125096278)", "Type": "Bus Stop", "Evaluation": "No PID" }, "geometry": { "type": "Point", "coordinates": [ 2.172429852871534, 41.445521250962777 ] } },
{ "type": "Feature", "properties": { "CODI_PARADA": 498, "NOM_PARADA": "Glòries", "MARQUESINA": 1.0, "PAL": null, "PAL SOLAR": null, "PIU": null, "GEOMETRY": "POINT (2.19061201555712 41.40616505658334)", "Type": "Bus Stop", "Evaluation": "No PID" }, "geometry": { "type": "Point", "coordinates": [ 2.19061201555712, 41.40616505658334 ] } },
{ "type": "Feature", "properties": { "CODI_PARADA": 499, "NOM_PARADA": "Gran Via - Padilla", "MARQUESINA": null, "PAL": 1.0, "PAL SOLAR": null, "PIU": null, "GEOMETRY": "POINT (2.183266755000235 41.40038901825531)", "Type": "Bus Stop", "Evaluation": "No PID" }, "geometry": { "type": "Point", "coordinates": [ 2.183266755000235, 41.400389018255311 ] } },
{ "type": "Feature", "properties": { "CODI_PARADA": 501, "NOM_PARADA": "Colònia Tibidabo", "MARQUESINA": 1.0, "PAL": null, "PAL SOLAR": null, "PIU": null, "GEOMETRY": "POINT (2.119029768125384 41.42038046861074)", "Type": "Bus Stop", "Evaluation": "No PID" }, "geometry": { "type": "Point", "coordinates": [ 2.119029768125384, 41.420380468610738 ] } },
{ "type": "Feature", "properties": { "CODI_PARADA": 502, "NOM_PARADA": "Diagonal - Girona", "MARQUESINA": 1.0, "PAL": null, "PAL SOLAR": null, "PIU": 1.0, "GEOMETRY": "POINT (2.1663455409935435 41.39816403694813)", "Type": "Bus Stop", "Evaluation": "Has PID" }, "geometry": { "type": "Point", "coordinates": [ 2.166345540993543, 41.398164036948131 ] } },
{ "type": "Feature", "properties": { "CODI_PARADA": 503, "NOM_PARADA": "Metro Tetuan", "MARQUESINA": null, "PAL": null, "PAL SOLAR": 1.0, "PIU": 1.0, "GEOMETRY": "POINT (2.173665520500619 41.3937615944896)", "Type": "Bus Stop", "Evaluation": "Has PID" }, "geometry": { "type": "Point", "coordinates": [ 2.173665520500619, 41.393761594489597 ] } },
{ "type": "Feature", "properties": { "CODI_PARADA": 504, "NOM_PARADA": "Mallorca - Girona", "MARQUESINA": null, "PAL": null, "PAL SOLAR": 1.0, "PIU": 1.0, "GEOMETRY": "POINT (2.1679220178463963 41.39794850621017)", "Type": "Bus Stop", "Evaluation": "Has PID" }, "geometry": { "type": "Point", "coordinates": [ 2.167922017846396, 41.39794850621017 ] } },
{ "type": "Feature", "properties": { "CODI_PARADA": 505, "NOM_PARADA": "Trav de Dalt - La Granja", "MARQUESINA": 1.0, "PAL": null, "PAL SOLAR": null, "PIU": 1.0, "GEOMETRY": "POINT (2.153526188509672 41.40884122177774)", "Type": "Bus Stop", "Evaluation": "Has PID" }, "geometry": { "type": "Point", "coordinates": [ 2.153526188509672, 41.408841221777742 ] } },
{ "type": "Feature", "properties": { "CODI_PARADA": 506, "NOM_PARADA": "Extremadura - Ctra Mataró", "MARQUESINA": null, "PAL": null, "PAL SOLAR": 1.0, "PIU": 1.0, "GEOMETRY": "POINT (2.210998155680477 41.42354731565731)", "Type": "Bus Stop", "Evaluation": "Has PID" }, "geometry": { "type": "Point", "coordinates": [ 2.210998155680477, 41.423547315657309 ] } },
{ "type": "Feature", "properties": { "CODI_PARADA": 508, "NOM_PARADA": "Pl dels Indians", "MARQUESINA": 1.0, "PAL": null, "PAL SOLAR": null, "PIU": 1.0, "GEOMETRY": "POINT (2.182622781541497 41.42356022416793)", "Type": "Bus Stop", "Evaluation": "Has PID" }, "geometry": { "type": "Point", "coordinates": [ 2.182622781541497, 41.423560224167929 ] } },
{ "type": "Feature", "properties": { "CODI_PARADA": 509, "NOM_PARADA": "Pl dels Indians", "MARQUESINA": 1.0, "PAL": null, "PAL SOLAR": null, "PIU": 1.0, "GEOMETRY": "POINT (2.182838783045964 41.423600370754585)", "Type": "Bus Stop", "Evaluation": "Has PID" }, "geometry": { "type": "Point", "coordinates": [ 2.182838783045964, 41.423600370754585 ] } },
{ "type": "Feature", "properties": { "CODI_PARADA": 512, "NOM_PARADA": "Av de Sarrià - Mestre Villa", "MARQUESINA": 1.0, "PAL": null, "PAL SOLAR": null, "PIU": null, "GEOMETRY": "POINT (2.1327539995306535 41.39224215317502)", "Type": "Bus Stop", "Evaluation": "No PID" }, "geometry": { "type": "Point", "coordinates": [ 2.132753999530653, 41.392242153175019 ] } },
{ "type": "Feature", "properties": { "CODI_PARADA": 515, "NOM_PARADA": "Balmes - Pàdua", "MARQUESINA": null, "PAL": 1.0, "PAL SOLAR": null, "PIU": null, "GEOMETRY": "POINT (2.1439593308726415 41.40304982242223)", "Type": "Bus Stop", "Evaluation": "No PID" }, "geometry": { "type": "Point", "coordinates": [ 2.143959330872641, 41.403049822422233 ] } },
{ "type": "Feature", "properties": { "CODI_PARADA": 516, "NOM_PARADA": "Carles III - Numància", "MARQUESINA": 1.0, "PAL": null, "PAL SOLAR": null, "PIU": null, "GEOMETRY": "POINT (2.129243763554364 41.39168606620779)", "Type": "Bus Stop", "Evaluation": "No PID" }, "geometry": { "type": "Point", "coordinates": [ 2.129243763554364, 41.391686066207789 ] } },
{ "type": "Feature", "properties": { "CODI_PARADA": 517, "NOM_PARADA": "Balmes - Pl Kennedy", "MARQUESINA": 1.0, "PAL": null, "PAL SOLAR": null, "PIU": 1.0, "GEOMETRY": "POINT (2.1372634051624217 41.409236423315356)", "Type": "Bus Stop", "Evaluation": "Has PID" }, "geometry": { "type": "Point", "coordinates": [ 2.137263405162422, 41.409236423315356 ] } },
{ "type": "Feature", "properties": { "CODI_PARADA": 519, "NOM_PARADA": "Balmes - Pl Joaquim Folguera", "MARQUESINA": 1.0, "PAL": null, "PAL SOLAR": null, "PIU": 1.0, "GEOMETRY": "POINT (2.139226496544503 41.40543969912909)", "Type": "Bus Stop", "Evaluation": "Has PID" }, "geometry": { "type": "Point", "coordinates": [ 2.139226496544503, 41.40543969912909 ] } },
{ "type": "Feature", "properties": { "CODI_PARADA": 520, "NOM_PARADA": "Av de Sarrià - Diagonal", "MARQUESINA": 1.0, "PAL": null, "PAL SOLAR": null, "PIU": 1.0, "GEOMETRY": "POINT (2.136994730513428 41.3915923890236)", "Type": "Bus Stop", "Evaluation": "Has PID" }, "geometry": { "type": "Point", "coordinates": [ 2.136994730513428, 41.3915923890236 ] } },
{ "type": "Feature", "properties": { "CODI_PARADA": 522, "NOM_PARADA": "Via Augusta - Pl Orient", "MARQUESINA": 1.0, "PAL": null, "PAL SOLAR": null, "PIU": null, "GEOMETRY": "POINT (2.128858934144854 41.39768515867499)", "Type": "Bus Stop", "Evaluation": "No PID" }, "geometry": { "type": "Point", "coordinates": [ 2.128858934144854, 41.397685158674989 ] } },
{ "type": "Feature", "properties": { "CODI_PARADA": 523, "NOM_PARADA": "Via Augusta - Ronda General Mitre", "MARQUESINA": 1.0, "PAL": null, "PAL SOLAR": null, "PIU": 1.0, "GEOMETRY": "POINT (2.1320766831625053 41.397694727105254)", "Type": "Bus Stop", "Evaluation": "Has PID" }, "geometry": { "type": "Point", "coordinates": [ 2.132076683162505, 41.397694727105254 ] } },
{ "type": "Feature", "properties": { "CODI_PARADA": 524, "NOM_PARADA": "Diagonal - Ganduxer", "MARQUESINA": 1.0, "PAL": null, "PAL SOLAR": null, "PIU": 1.0, "GEOMETRY": "POINT (2.1400225790372005 41.39164968454822)", "Type": "Bus Stop", "Evaluation": "Has PID" }, "geometry": { "type": "Point", "coordinates": [ 2.140022579037201, 41.39164968454822 ] } },
{ "type": "Feature", "properties": { "CODI_PARADA": 525, "NOM_PARADA": "Via Augusta - Modolell", "MARQUESINA": 1.0, "PAL": null, "PAL SOLAR": null, "PIU": null, "GEOMETRY": "POINT (2.1366747836691613 41.397855053923315)", "Type": "Bus Stop", "Evaluation": "No PID" }, "geometry": { "type": "Point", "coordinates": [ 2.136674783669161, 41.397855053923315 ] } },
{ "type": "Feature", "properties": { "CODI_PARADA": 526, "NOM_PARADA": "Ganduxer - Alacant", "MARQUESINA": null, "PAL": 1.0, "PAL SOLAR": null, "PIU": null, "GEOMETRY": "POINT (2.1335741957080807 41.40018614933199)", "Type": "Bus Stop", "Evaluation": "No PID" }, "geometry": { "type": "Point", "coordinates": [ 2.133574195708081, 41.400186149331986 ] } },
{ "type": "Feature", "properties": { "CODI_PARADA": 527, "NOM_PARADA": "Ganduxer - Emancipació", "MARQUESINA": null, "PAL": 1.0, "PAL SOLAR": null, "PIU": null, "GEOMETRY": "POINT (2.1312771258225487 41.40315309506873)", "Type": "Bus Stop", "Evaluation": "No PID" }, "geometry": { "type": "Point", "coordinates": [ 2.131277125822549, 41.403153095068731 ] } },
{ "type": "Feature", "properties": { "CODI_PARADA": 528, "NOM_PARADA": "Via Augusta - Alt de Gironella", "MARQUESINA": 1.0, "PAL": null, "PAL SOLAR": null, "PIU": null, "GEOMETRY": "POINT (2.1336823586771434 41.39769942638816)", "Type": "Bus Stop", "Evaluation": "No PID" }, "geometry": { "type": "Point", "coordinates": [ 2.133682358677143, 41.397699426388158 ] } },
{ "type": "Feature", "properties": { "CODI_PARADA": 529, "NOM_PARADA": "Mitre - Mandri", "MARQUESINA": 1.0, "PAL": null, "PAL SOLAR": null, "PIU": 1.0, "GEOMETRY": "POINT (2.1353673656170553 41.400649896029094)", "Type": "Bus Stop", "Evaluation": "Has PID" }, "geometry": { "type": "Point", "coordinates": [ 2.135367365617055, 41.400649896029094 ] } },
{ "type": "Feature", "properties": { "CODI_PARADA": 531, "NOM_PARADA": "Pg Bonanova - Anglí", "MARQUESINA": 1.0, "PAL": null, "PAL SOLAR": null, "PIU": 1.0, "GEOMETRY": "POINT (2.1234465072473703 41.40097712745686)", "Type": "Bus Stop", "Evaluation": "Has PID" }, "geometry": { "type": "Point", "coordinates": [ 2.12344650724737, 41.400977127456862 ] } },
{ "type": "Feature", "properties": { "CODI_PARADA": 532, "NOM_PARADA": "Pg Bonanova - Escoles Pies", "MARQUESINA": 1.0, "PAL": null, "PAL SOLAR": null, "PIU": 1.0, "GEOMETRY": "POINT (2.1277225581149275 41.403365739787205)", "Type": "Bus Stop", "Evaluation": "Has PID" }, "geometry": { "type": "Point", "coordinates": [ 2.127722558114927, 41.403365739787205 ] } },
{ "type": "Feature", "properties": { "CODI_PARADA": 533, "NOM_PARADA": "Av de Vallcarca - Gomis", "MARQUESINA": 1.0, "PAL": null, "PAL SOLAR": null, "PIU": null, "GEOMETRY": "POINT (2.1443999727020224 41.41188167625373)", "Type": "Bus Stop", "Evaluation": "No PID" }, "geometry": { "type": "Point", "coordinates": [ 2.144399972702022, 41.411881676253728 ] } },
{ "type": "Feature", "properties": { "CODI_PARADA": 534, "NOM_PARADA": "Pl Alfonso Comín - Av República Argentina", "MARQUESINA": null, "PAL": null, "PAL SOLAR": 1.0, "PIU": 1.0, "GEOMETRY": "POINT (2.1382620127469254 41.41449581491972)", "Type": "Bus Stop", "Evaluation": "Has PID" }, "geometry": { "type": "Point", "coordinates": [ 2.138262012746925, 41.414495814919718 ] } },
{ "type": "Feature", "properties": { "CODI_PARADA": 536, "NOM_PARADA": "Av Barcelona - Mare de Déu de Montserrat", "MARQUESINA": 1.0, "PAL": null, "PAL SOLAR": null, "PIU": null, "GEOMETRY": "POINT (2.067861183107686 41.3680824299197)", "Type": "Bus Stop", "Evaluation": "No PID" }, "geometry": { "type": "Point", "coordinates": [ 2.067861183107686, 41.368082429919703 ] } },
{ "type": "Feature", "properties": { "CODI_PARADA": 537, "NOM_PARADA": "Av Barcelona - Gran Capità", "MARQUESINA": 1.0, "PAL": null, "PAL SOLAR": null, "PIU": null, "GEOMETRY": "POINT (2.067658766750923 41.36815801234528)", "Type": "Bus Stop", "Evaluation": "No PID" }, "geometry": { "type": "Point", "coordinates": [ 2.067658766750923, 41.368158012345283 ] } },
{ "type": "Feature", "properties": { "CODI_PARADA": 540, "NOM_PARADA": "Gran Via - Agricultura", "MARQUESINA": 1.0, "PAL": null, "PAL SOLAR": null, "PIU": 1.0, "GEOMETRY": "POINT (2.203370487979421 41.41596817746986)", "Type": "Bus Stop", "Evaluation": "Has PID" }, "geometry": { "type": "Point", "coordinates": [ 2.203370487979421, 41.415968177469857 ] } },
{ "type": "Feature", "properties": { "CODI_PARADA": 541, "NOM_PARADA": "Guipúscoa - Treball", "MARQUESINA": 1.0, "PAL": null, "PAL SOLAR": null, "PIU": null, "GEOMETRY": "POINT (2.199803510609551 41.41815999346152)", "Type": "Bus Stop", "Evaluation": "No PID" }, "geometry": { "type": "Point", "coordinates": [ 2.199803510609551, 41.418159993461522 ] } },
{ "type": "Feature", "properties": { "CODI_PARADA": 542, "NOM_PARADA": "Guipúscoa - Cantàbria", "MARQUESINA": 1.0, "PAL": null, "PAL SOLAR": null, "PIU": 1.0, "GEOMETRY": "POINT (2.2017544697962985 41.42006283105021)", "Type": "Bus Stop", "Evaluation": "Has PID" }, "geometry": { "type": "Point", "coordinates": [ 2.201754469796299, 41.42006283105021 ] } },
{ "type": "Feature", "properties": { "CODI_PARADA": 544, "NOM_PARADA": "Gran Vista - Doctor Bové", "MARQUESINA": null, "PAL": 1.0, "PAL SOLAR": null, "PIU": null, "GEOMETRY": "POINT (2.1580386352825833 41.419004452022165)", "Type": "Bus Stop", "Evaluation": "No PID" }, "geometry": { "type": "Point", "coordinates": [ 2.158038635282583, 41.419004452022165 ] } },
{ "type": "Feature", "properties": { "CODI_PARADA": 545, "NOM_PARADA": "Gran Vista - IES Ferran Tallada", "MARQUESINA": 1.0, "PAL": null, "PAL SOLAR": null, "PIU": null, "GEOMETRY": "POINT (2.1616667897990784 41.420790639114905)", "Type": "Bus Stop", "Evaluation": "No PID" }, "geometry": { "type": "Point", "coordinates": [ 2.161666789799078, 41.420790639114905 ] } },
{ "type": "Feature", "properties": { "CODI_PARADA": 546, "NOM_PARADA": "IES Ferran Tallada", "MARQUESINA": null, "PAL": 1.0, "PAL SOLAR": null, "PIU": null, "GEOMETRY": "POINT (2.1618408302363945 41.42069218260206)", "Type": "Bus Stop", "Evaluation": "No PID" }, "geometry": { "type": "Point", "coordinates": [ 2.161840830236395, 41.42069218260206 ] } },
{ "type": "Feature", "properties": { "CODI_PARADA": 547, "NOM_PARADA": "Metro Zona Universitària", "MARQUESINA": 1.0, "PAL": null, "PAL SOLAR": null, "PIU": null, "GEOMETRY": "POINT (2.1114428497521156 41.38472912005672)", "Type": "Bus Stop", "Evaluation": "No PID" }, "geometry": { "type": "Point", "coordinates": [ 2.111442849752116, 41.384729120056718 ] } },
{ "type": "Feature", "properties": { "CODI_PARADA": 548, "NOM_PARADA": "Zona Universitària - Facultat d'Economia i Empresa", "MARQUESINA": 1.0, "PAL": null, "PAL SOLAR": null, "PIU": 1.0, "GEOMETRY": "POINT (2.1110235016421823 41.38469485766946)", "Type": "Bus Stop", "Evaluation": "Has PID" }, "geometry": { "type": "Point", "coordinates": [ 2.111023501642182, 41.384694857669459 ] } },
{ "type": "Feature", "properties": { "CODI_PARADA": 549, "NOM_PARADA": "Av d'Esplugues - Av Pearson", "MARQUESINA": 1.0, "PAL": null, "PAL SOLAR": null, "PIU": 1.0, "GEOMETRY": "POINT (2.1116253945001375 41.392138030433614)", "Type": "Bus Stop", "Evaluation": "Has PID" }, "geometry": { "type": "Point", "coordinates": [ 2.111625394500138, 41.392138030433614 ] } },
{ "type": "Feature", "properties": { "CODI_PARADA": 550, "NOM_PARADA": "Av d'Esplugues - Dr Joaquim Albarrán", "MARQUESINA": 1.0, "PAL": null, "PAL SOLAR": null, "PIU": null, "GEOMETRY": "POINT (2.109028661497173 41.38993964592103)", "Type": "Bus Stop", "Evaluation": "No PID" }, "geometry": { "type": "Point", "coordinates": [ 2.109028661497173, 41.389939645921032 ] } },
{ "type": "Feature", "properties": { "CODI_PARADA": 552, "NOM_PARADA": "Av d'Esplugues - Eduard Toldrà", "MARQUESINA": 1.0, "PAL": null, "PAL SOLAR": null, "PIU": 1.0, "GEOMETRY": "POINT (2.1065756148963573 41.387881435207895)", "Type": "Bus Stop", "Evaluation": "Has PID" }, "geometry": { "type": "Point", "coordinates": [ 2.106575614896357, 41.387881435207895 ] } },
{ "type": "Feature", "properties": { "CODI_PARADA": 554, "NOM_PARADA": "Sor Eulàlia d'Anzizu - González Tablas", "MARQUESINA": 1.0, "PAL": null, "PAL SOLAR": null, "PIU": null, "GEOMETRY": "POINT (2.1086664426678317 41.38703485164699)", "Type": "Bus Stop", "Evaluation": "No PID" }, "geometry": { "type": "Point", "coordinates": [ 2.108666442667832, 41.387034851646987 ] } },
{ "type": "Feature", "properties": { "CODI_PARADA": 556, "NOM_PARADA": "Zona Universitària", "MARQUESINA": 1.0, "PAL": null, "PAL SOLAR": null, "PIU": null, "GEOMETRY": "POINT (2.110913597933213 41.38459458012314)", "Type": "Bus Stop", "Evaluation": "No PID" }, "geometry": { "type": "Point", "coordinates": [ 2.110913597933213, 41.384594580123142 ] } },
{ "type": "Feature", "properties": { "CODI_PARADA": 557, "NOM_PARADA": "Pl Lesseps - Av Riera de Cassoles", "MARQUESINA": 1.0, "PAL": null, "PAL SOLAR": null, "PIU": 1.0, "GEOMETRY": "POINT (2.1498361637899537 41.406118099836135)", "Type": "Bus Stop", "Evaluation": "Has PID" }, "geometry": { "type": "Point", "coordinates": [ 2.149836163789954, 41.406118099836135 ] } },
{ "type": "Feature", "properties": { "CODI_PARADA": 560, "NOM_PARADA": "Villarroel - Gran Via", "MARQUESINA": 1.0, "PAL": null, "PAL SOLAR": null, "PIU": 1.0, "GEOMETRY": "POINT (2.159201020359802 41.38329051494962)", "Type": "Bus Stop", "Evaluation": "Has PID" }, "geometry": { "type": "Point", "coordinates": [ 2.159201020359802, 41.383290514949621 ] } },
{ "type": "Feature", "properties": { "CODI_PARADA": 561, "NOM_PARADA": "Pg de Gràcia - Casp", "MARQUESINA": 1.0, "PAL": null, "PAL SOLAR": null, "PIU": 1.0, "GEOMETRY": "POINT (2.1692509793401307 41.3889120165609)", "Type": "Bus Stop", "Evaluation": "Has PID" }, "geometry": { "type": "Point", "coordinates": [ 2.169250979340131, 41.388912016560901 ] } },
{ "type": "Feature", "properties": { "CODI_PARADA": 562, "NOM_PARADA": "Balmes - Gran Via", "MARQUESINA": 1.0, "PAL": null, "PAL SOLAR": null, "PIU": 1.0, "GEOMETRY": "POINT (2.1647363781677647 41.38761347004004)", "Type": "Bus Stop", "Evaluation": "Has PID" }, "geometry": { "type": "Point", "coordinates": [ 2.164736378167765, 41.387613470040037 ] } },
{ "type": "Feature", "properties": { "CODI_PARADA": 564, "NOM_PARADA": "Muntaner - Diputació", "MARQUESINA": 1.0, "PAL": null, "PAL SOLAR": null, "PIU": 1.0, "GEOMETRY": "POINT (2.15995138722554 41.38614047375658)", "Type": "Bus Stop", "Evaluation": "Has PID" }, "geometry": { "type": "Point", "coordinates": [ 2.15995138722554, 41.386140473756583 ] } },
{ "type": "Feature", "properties": { "CODI_PARADA": 565, "NOM_PARADA": "Rambla Prim - Bernat Metge", "MARQUESINA": null, "PAL": null, "PAL SOLAR": 1.0, "PIU": 1.0, "GEOMETRY": "POINT (2.211278864990712 41.41767481068435)", "Type": "Bus Stop", "Evaluation": "Has PID" }, "geometry": { "type": "Point", "coordinates": [ 2.211278864990712, 41.417674810684353 ] } },
{ "type": "Feature", "properties": { "CODI_PARADA": 567, "NOM_PARADA": "Bilbao - Andrade", "MARQUESINA": null, "PAL": 1.0, "PAL SOLAR": null, "PIU": null, "GEOMETRY": "POINT (2.1936912962224553 41.41007311829207)", "Type": "Bus Stop", "Evaluation": "No PID" }, "geometry": { "type": "Point", "coordinates": [ 2.193691296222455, 41.410073118292068 ] } },
{ "type": "Feature", "properties": { "CODI_PARADA": 569, "NOM_PARADA": "Extremadura - Pl Clementina Arderiu", "MARQUESINA": 1.0, "PAL": null, "PAL SOLAR": null, "PIU": 1.0, "GEOMETRY": "POINT (2.211272437592486 41.422486919689824)", "Type": "Bus Stop", "Evaluation": "Has PID" }, "geometry": { "type": "Point", "coordinates": [ 2.211272437592486, 41.422486919689824 ] } },
{ "type": "Feature", "properties": { "CODI_PARADA": 571, "NOM_PARADA": "Sant Pere d'Abanto - Moianès", "MARQUESINA": null, "PAL": 1.0, "PAL SOLAR": null, "PIU": null, "GEOMETRY": "POINT (2.1429751904273826 41.37172257184748)", "Type": "Bus Stop", "Evaluation": "No PID" }, "geometry": { "type": "Point", "coordinates": [ 2.142975190427383, 41.371722571847478 ] } },
{ "type": "Feature", "properties": { "CODI_PARADA": 572, "NOM_PARADA": "Besòs - Verneda", "MARQUESINA": 1.0, "PAL": null, "PAL SOLAR": null, "PIU": null, "GEOMETRY": "POINT (2.210390544298287 41.42229356356637)", "Type": "Bus Stop", "Evaluation": "No PID" }, "geometry": { "type": "Point", "coordinates": [ 2.210390544298287, 41.42229356356637 ] } },
{ "type": "Feature", "properties": { "CODI_PARADA": 574, "NOM_PARADA": "Rambla Prim - Andrade", "MARQUESINA": 1.0, "PAL": null, "PAL SOLAR": null, "PIU": 1.0, "GEOMETRY": "POINT (2.207256636905464 41.420009657048794)", "Type": "Bus Stop", "Evaluation": "Has PID" }, "geometry": { "type": "Point", "coordinates": [ 2.207256636905464, 41.420009657048794 ] } },
{ "type": "Feature", "properties": { "CODI_PARADA": 577, "NOM_PARADA": "Metro Pg de Gràcia", "MARQUESINA": 1.0, "PAL": null, "PAL SOLAR": null, "PIU": 1.0, "GEOMETRY": "POINT (2.16752004633263 41.38991872564971)", "Type": "Bus Stop", "Evaluation": "Has PID" }, "geometry": { "type": "Point", "coordinates": [ 2.16752004633263, 41.389918725649707 ] } },
{ "type": "Feature", "properties": { "CODI_PARADA": 578, "NOM_PARADA": "Bac de Roda - Bolívia", "MARQUESINA": 1.0, "PAL": null, "PAL SOLAR": null, "PIU": 1.0, "GEOMETRY": "POINT (2.2011327364605267 41.40976260520455)", "Type": "Bus Stop", "Evaluation": "Has PID" }, "geometry": { "type": "Point", "coordinates": [ 2.201132736460527, 41.409762605204548 ] } },
{ "type": "Feature", "properties": { "CODI_PARADA": 581, "NOM_PARADA": "Parc de Bellvitge", "MARQUESINA": 1.0, "PAL": null, "PAL SOLAR": null, "PIU": null, "GEOMETRY": "POINT (2.1112095900337233 41.34991225714466)", "Type": "Bus Stop", "Evaluation": "No PID" }, "geometry": { "type": "Point", "coordinates": [ 2.111209590033723, 41.349912257144659 ] } },
{ "type": "Feature", "properties": { "CODI_PARADA": 584, "NOM_PARADA": "Metro Pl de Sants", "MARQUESINA": 1.0, "PAL": null, "PAL SOLAR": null, "PIU": 1.0, "GEOMETRY": "POINT (2.136810032896689 41.37531214887064)", "Type": "Bus Stop", "Evaluation": "Has PID" }, "geometry": { "type": "Point", "coordinates": [ 2.136810032896689, 41.375312148870641 ] } },
{ "type": "Feature", "properties": { "CODI_PARADA": 585, "NOM_PARADA": "La Granja", "MARQUESINA": null, "PAL": 1.0, "PAL SOLAR": null, "PIU": null, "GEOMETRY": "POINT (2.0916169305926964 41.31788228263251)", "Type": "Bus Stop", "Evaluation": "No PID" }, "geometry": { "type": "Point", "coordinates": [ 2.091616930592696, 41.31788228263251 ] } },
{ "type": "Feature", "properties": { "CODI_PARADA": 586, "NOM_PARADA": "Pg Valldaura - Mercat Guineueta", "MARQUESINA": 1.0, "PAL": null, "PAL SOLAR": null, "PIU": 1.0, "GEOMETRY": "POINT (2.1697281744332333 41.439011724072245)", "Type": "Bus Stop", "Evaluation": "Has PID" }, "geometry": { "type": "Point", "coordinates": [ 2.169728174433233, 41.439011724072245 ] } },
{ "type": "Feature", "properties": { "CODI_PARADA": 588, "NOM_PARADA": "Sant Adrià - Bon Pastor", "MARQUESINA": 1.0, "PAL": null, "PAL SOLAR": null, "PIU": 1.0, "GEOMETRY": "POINT (2.207896395186475 41.436475713591335)", "Type": "Bus Stop", "Evaluation": "Has PID" }, "geometry": { "type": "Point", "coordinates": [ 2.207896395186475, 41.436475713591335 ] } },
{ "type": "Feature", "properties": { "CODI_PARADA": 589, "NOM_PARADA": "Lima - Sas", "MARQUESINA": null, "PAL": 1.0, "PAL SOLAR": null, "PIU": null, "GEOMETRY": "POINT (2.2048191222772333 41.439207876410194)", "Type": "Bus Stop", "Evaluation": "No PID" }, "geometry": { "type": "Point", "coordinates": [ 2.204819122277233, 41.439207876410194 ] } },
{ "type": "Feature", "properties": { "CODI_PARADA": 590, "NOM_PARADA": "Can Clota", "MARQUESINA": 1.0, "PAL": null, "PAL SOLAR": null, "PIU": null, "GEOMETRY": "POINT (2.0928591738742157 41.377089552304675)", "Type": "Bus Stop", "Evaluation": "No PID" }, "geometry": { "type": "Point", "coordinates": [ 2.092859173874216, 41.377089552304675 ] } },
{ "type": "Feature", "properties": { "CODI_PARADA": 591, "NOM_PARADA": "Av d'Esplugues - Hospital Sant Joan de Déu", "MARQUESINA": 1.0, "PAL": null, "PAL SOLAR": null, "PIU": null, "GEOMETRY": "POINT (2.1039729533669567 41.384923590466386)", "Type": "Bus Stop", "Evaluation": "No PID" }, "geometry": { "type": "Point", "coordinates": [ 2.103972953366957, 41.384923590466386 ] } },
{ "type": "Feature", "properties": { "CODI_PARADA": 592, "NOM_PARADA": "Laureà Miró - Josep Campreciós", "MARQUESINA": null, "PAL": null, "PAL SOLAR": 1.0, "PIU": 1.0, "GEOMETRY": "POINT (2.086646248695001 41.377485247461074)", "Type": "Bus Stop", "Evaluation": "Has PID" }, "geometry": { "type": "Point", "coordinates": [ 2.086646248695001, 41.377485247461074 ] } },
{ "type": "Feature", "properties": { "CODI_PARADA": 594, "NOM_PARADA": "Av Catalunya - Puigcerdà", "MARQUESINA": null, "PAL": 1.0, "PAL SOLAR": null, "PIU": null, "GEOMETRY": "POINT (2.183455600788764 41.49599262838888)", "Type": "Bus Stop", "Evaluation": "No PID" }, "geometry": { "type": "Point", "coordinates": [ 2.183455600788764, 41.495992628388883 ] } },
{ "type": "Feature", "properties": { "CODI_PARADA": 597, "NOM_PARADA": "Ctra de L'Hospitalet - Av Fama", "MARQUESINA": null, "PAL": 1.0, "PAL SOLAR": null, "PIU": null, "GEOMETRY": "POINT (2.0799239690302107 41.35382047288051)", "Type": "Bus Stop", "Evaluation": "No PID" }, "geometry": { "type": "Point", "coordinates": [ 2.079923969030211, 41.353820472880507 ] } },
{ "type": "Feature", "properties": { "CODI_PARADA": 598, "NOM_PARADA": "Parc de Can Mercader", "MARQUESINA": 1.0, "PAL": null, "PAL SOLAR": null, "PIU": null, "GEOMETRY": "POINT (2.08452788403706 41.35578280020801)", "Type": "Bus Stop", "Evaluation": "No PID" }, "geometry": { "type": "Point", "coordinates": [ 2.08452788403706, 41.355782800208011 ] } },
{ "type": "Feature", "properties": { "CODI_PARADA": 603, "NOM_PARADA": "Lima - Ciutat d'Asunción", "MARQUESINA": 1.0, "PAL": null, "PAL SOLAR": null, "PIU": 1.0, "GEOMETRY": "POINT (2.2007921375871833 41.439198170770275)", "Type": "Bus Stop", "Evaluation": "Has PID" }, "geometry": { "type": "Point", "coordinates": [ 2.200792137587183, 41.439198170770275 ] } },
{ "type": "Feature", "properties": { "CODI_PARADA": 604, "NOM_PARADA": "Pi i Margall - Metro Joanic", "MARQUESINA": 1.0, "PAL": null, "PAL SOLAR": null, "PIU": 1.0, "GEOMETRY": "POINT (2.163355806283944 41.406435393978136)", "Type": "Bus Stop", "Evaluation": "Has PID" }, "geometry": { "type": "Point", "coordinates": [ 2.163355806283944, 41.406435393978136 ] } },
{ "type": "Feature", "properties": { "CODI_PARADA": 605, "NOM_PARADA": "Pg Vall d'Hebron - Av de Vallcarca", "MARQUESINA": 1.0, "PAL": null, "PAL SOLAR": null, "PIU": 1.0, "GEOMETRY": "POINT (2.1394147032240336 41.418432288161505)", "Type": "Bus Stop", "Evaluation": "Has PID" }, "geometry": { "type": "Point", "coordinates": [ 2.139414703224034, 41.418432288161505 ] } },
{ "type": "Feature", "properties": { "CODI_PARADA": 607, "NOM_PARADA": "Pg Vall d'Hebron - Velòdrom", "MARQUESINA": 1.0, "PAL": null, "PAL SOLAR": null, "PIU": null, "GEOMETRY": "POINT (2.1497353893209006 41.43718984308945)", "Type": "Bus Stop", "Evaluation": "No PID" }, "geometry": { "type": "Point", "coordinates": [ 2.149735389320901, 41.437189843089449 ] } },
{ "type": "Feature", "properties": { "CODI_PARADA": 609, "NOM_PARADA": "Rubió i Ors - Sant Isidre", "MARQUESINA": 1.0, "PAL": null, "PAL SOLAR": null, "PIU": null, "GEOMETRY": "POINT (2.073600262956358 41.352509663801584)", "Type": "Bus Stop", "Evaluation": "No PID" }, "geometry": { "type": "Point", "coordinates": [ 2.073600262956358, 41.352509663801584 ] } },
{ "type": "Feature", "properties": { "CODI_PARADA": 610, "NOM_PARADA": "Santaló - Plató", "MARQUESINA": null, "PAL": 1.0, "PAL SOLAR": null, "PIU": null, "GEOMETRY": "POINT (2.140716602603972 41.3997914852557)", "Type": "Bus Stop", "Evaluation": "No PID" }, "geometry": { "type": "Point", "coordinates": [ 2.140716602603972, 41.399791485255697 ] } },
{ "type": "Feature", "properties": { "CODI_PARADA": 611, "NOM_PARADA": "Pl d'Adrià", "MARQUESINA": null, "PAL": 1.0, "PAL SOLAR": null, "PIU": null, "GEOMETRY": "POINT (2.1392402850786576 41.4009953534139)", "Type": "Bus Stop", "Evaluation": "No PID" }, "geometry": { "type": "Point", "coordinates": [ 2.139240285078658, 41.400995353413897 ] } },
{ "type": "Feature", "properties": { "CODI_PARADA": 612, "NOM_PARADA": "Muntaner - Pl Bonanova", "MARQUESINA": 1.0, "PAL": null, "PAL SOLAR": null, "PIU": 1.0, "GEOMETRY": "POINT (2.1341703989479153 41.405791768817515)", "Type": "Bus Stop", "Evaluation": "Has PID" }, "geometry": { "type": "Point", "coordinates": [ 2.134170398947915, 41.405791768817515 ] } },
{ "type": "Feature", "properties": { "CODI_PARADA": 613, "NOM_PARADA": "Muntaner - Mitre", "MARQUESINA": 1.0, "PAL": null, "PAL SOLAR": null, "PIU": 1.0, "GEOMETRY": "POINT (2.1375401506292695 41.403055091811055)", "Type": "Bus Stop", "Evaluation": "Has PID" }, "geometry": { "type": "Point", "coordinates": [ 2.137540150629269, 41.403055091811055 ] } },
{ "type": "Feature", "properties": { "CODI_PARADA": 614, "NOM_PARADA": "Pg Vall d'Hebron - Av Can Marcet", "MARQUESINA": 1.0, "PAL": null, "PAL SOLAR": null, "PIU": 1.0, "GEOMETRY": "POINT (2.1483450426991197 41.43562485256314)", "Type": "Bus Stop", "Evaluation": "Has PID" }, "geometry": { "type": "Point", "coordinates": [ 2.14834504269912, 41.435624852563137 ] } },
{ "type": "Feature", "properties": { "CODI_PARADA": 615, "NOM_PARADA": "Campoamor - Av Estatut de Catalunya", "MARQUESINA": null, "PAL": 1.0, "PAL SOLAR": null, "PIU": null, "GEOMETRY": "POINT (2.154373454527756 41.43513057424631)", "Type": "Bus Stop", "Evaluation": "No PID" }, "geometry": { "type": "Point", "coordinates": [ 2.154373454527756, 41.435130574246308 ] } },
{ "type": "Feature", "properties": { "CODI_PARADA": 616, "NOM_PARADA": "Campoamor - Rectoria", "MARQUESINA": 1.0, "PAL": null, "PAL SOLAR": null, "PIU": null, "GEOMETRY": "POINT (2.15805126685952 41.432918610521064)", "Type": "Bus Stop", "Evaluation": "No PID" }, "geometry": { "type": "Point", "coordinates": [ 2.15805126685952, 41.432918610521064 ] } },
{ "type": "Feature", "properties": { "CODI_PARADA": 618, "NOM_PARADA": "Cantàbria - Pl del Ram de l'Aigua", "MARQUESINA": 1.0, "PAL": null, "PAL SOLAR": null, "PIU": 1.0, "GEOMETRY": "POINT (2.2011616818554027 41.420010454316156)", "Type": "Bus Stop", "Evaluation": "Has PID" }, "geometry": { "type": "Point", "coordinates": [ 2.201161681855403, 41.420010454316156 ] } },
{ "type": "Feature", "properties": { "CODI_PARADA": 619, "NOM_PARADA": "Cantàbria - Menorca", "MARQUESINA": 1.0, "PAL": null, "PAL SOLAR": null, "PIU": 1.0, "GEOMETRY": "POINT (2.198676582500794 41.42155813636604)", "Type": "Bus Stop", "Evaluation": "Has PID" }, "geometry": { "type": "Point", "coordinates": [ 2.198676582500794, 41.421558136366038 ] } },
{ "type": "Feature", "properties": { "CODI_PARADA": 621, "NOM_PARADA": "Bac de Roda - Rambla de Guipúscoa", "MARQUESINA": 1.0, "PAL": null, "PAL SOLAR": null, "PIU": 1.0, "GEOMETRY": "POINT (2.194212273200702 41.414991008876385)", "Type": "Bus Stop", "Evaluation": "Has PID" }, "geometry": { "type": "Point", "coordinates": [ 2.194212273200702, 41.414991008876385 ] } },
{ "type": "Feature", "properties": { "CODI_PARADA": 622, "NOM_PARADA": "Pg Bonanova", "MARQUESINA": 1.0, "PAL": null, "PAL SOLAR": null, "PIU": 1.0, "GEOMETRY": "POINT (2.1233446940226632 41.39996853068907)", "Type": "Bus Stop", "Evaluation": "Has PID" }, "geometry": { "type": "Point", "coordinates": [ 2.123344694022663, 41.399968530689073 ] } },
{ "type": "Feature", "properties": { "CODI_PARADA": 623, "NOM_PARADA": "Palamós - Sa Tuna", "MARQUESINA": 1.0, "PAL": null, "PAL SOLAR": null, "PIU": null, "GEOMETRY": "POINT (2.1876071776342947 41.45149078786426)", "Type": "Bus Stop", "Evaluation": "No PID" }, "geometry": { "type": "Point", "coordinates": [ 2.187607177634295, 41.451490787864259 ] } },
{ "type": "Feature", "properties": { "CODI_PARADA": 624, "NOM_PARADA": "Palamós - Plaça de l'Aigua", "MARQUESINA": 1.0, "PAL": null, "PAL SOLAR": null, "PIU": 1.0, "GEOMETRY": "POINT (2.187398657804103 41.451127928565676)", "Type": "Bus Stop", "Evaluation": "Has PID" }, "geometry": { "type": "Point", "coordinates": [ 2.187398657804103, 41.451127928565676 ] } },
{ "type": "Feature", "properties": { "CODI_PARADA": 626, "NOM_PARADA": "Av Mare de Déu de Montserrat - La Bisbal", "MARQUESINA": 1.0, "PAL": null, "PAL SOLAR": null, "PIU": 1.0, "GEOMETRY": "POINT (2.171696112994583 41.417987621013815)", "Type": "Bus Stop", "Evaluation": "Has PID" }, "geometry": { "type": "Point", "coordinates": [ 2.171696112994583, 41.417987621013815 ] } },
{ "type": "Feature", "properties": { "CODI_PARADA": 627, "NOM_PARADA": "Londres - Calàbria", "MARQUESINA": 1.0, "PAL": null, "PAL SOLAR": null, "PIU": null, "GEOMETRY": "POINT (2.14403576545303 41.38847338078833)", "Type": "Bus Stop", "Evaluation": "No PID" }, "geometry": { "type": "Point", "coordinates": [ 2.14403576545303, 41.388473380788326 ] } },
{ "type": "Feature", "properties": { "CODI_PARADA": 628, "NOM_PARADA": "París - Josep Tarradellas", "MARQUESINA": 1.0, "PAL": null, "PAL SOLAR": null, "PIU": 1.0, "GEOMETRY": "POINT (2.1431904496131393 41.38599115848863)", "Type": "Bus Stop", "Evaluation": "Has PID" }, "geometry": { "type": "Point", "coordinates": [ 2.143190449613139, 41.385991158488629 ] } },
{ "type": "Feature", "properties": { "CODI_PARADA": 629, "NOM_PARADA": "Numància - Berlín", "MARQUESINA": 1.0, "PAL": null, "PAL SOLAR": null, "PIU": null, "GEOMETRY": "POINT (2.139451383449989 41.38275891970064)", "Type": "Bus Stop", "Evaluation": "No PID" }, "geometry": { "type": "Point", "coordinates": [ 2.139451383449989, 41.382758919700642 ] } },
{ "type": "Feature", "properties": { "CODI_PARADA": 630, "NOM_PARADA": "Av de Sarrià - Josep Tarradellas", "MARQUESINA": null, "PAL": 1.0, "PAL SOLAR": null, "PIU": null, "GEOMETRY": "POINT (2.1448073579952696 41.39040345199265)", "Type": "Bus Stop", "Evaluation": "No PID" }, "geometry": { "type": "Point", "coordinates": [ 2.14480735799527, 41.390403451992647 ] } },
{ "type": "Feature", "properties": { "CODI_PARADA": 632, "NOM_PARADA": "Fructuós Gelabert - Sant Martí de l'Erm", "MARQUESINA": 1.0, "PAL": null, "PAL SOLAR": null, "PIU": null, "GEOMETRY": "POINT (2.0674270894131257 41.37277864959175)", "Type": "Bus Stop", "Evaluation": "No PID" }, "geometry": { "type": "Point", "coordinates": [ 2.067427089413126, 41.372778649591751 ] } },
{ "type": "Feature", "properties": { "CODI_PARADA": 634, "NOM_PARADA": "Lepant - Sant Antoni Maria Claret", "MARQUESINA": 1.0, "PAL": null, "PAL SOLAR": null, "PIU": 1.0, "GEOMETRY": "POINT (2.1715695870352665 41.408205322449234)", "Type": "Bus Stop", "Evaluation": "Has PID" }, "geometry": { "type": "Point", "coordinates": [ 2.171569587035266, 41.408205322449234 ] } },
{ "type": "Feature", "properties": { "CODI_PARADA": 635, "NOM_PARADA": "Dos de Maig - Sant Antoni Maria Claret", "MARQUESINA": 1.0, "PAL": null, "PAL SOLAR": null, "PIU": 1.0, "GEOMETRY": "POINT (2.1759785312957836 41.41156999076191)", "Type": "Bus Stop", "Evaluation": "Has PID" }, "geometry": { "type": "Point", "coordinates": [ 2.175978531295784, 41.411569990761912 ] } },
{ "type": "Feature", "properties": { "CODI_PARADA": 638, "NOM_PARADA": "Av de la Ribera - Mercat Municipal", "MARQUESINA": null, "PAL": null, "PAL SOLAR": 1.0, "PIU": 1.0, "GEOMETRY": "POINT (2.190971433501584 41.484987809286025)", "Type": "Bus Stop", "Evaluation": "Has PID" }, "geometry": { "type": "Point", "coordinates": [ 2.190971433501584, 41.484987809286025 ] } },
{ "type": "Feature", "properties": { "CODI_PARADA": 639, "NOM_PARADA": "Av Mossèn Joaquim Castellví - Rbla Països Catalans", "MARQUESINA": null, "PAL": 1.0, "PAL SOLAR": null, "PIU": null, "GEOMETRY": "POINT (2.1882996090766262 41.487510486565945)", "Type": "Bus Stop", "Evaluation": "No PID" }, "geometry": { "type": "Point", "coordinates": [ 2.188299609076626, 41.487510486565945 ] } },
{ "type": "Feature", "properties": { "CODI_PARADA": 640, "NOM_PARADA": "Rambla dels Països Catalans - Torras i Bages", "MARQUESINA": 1.0, "PAL": null, "PAL SOLAR": null, "PIU": null, "GEOMETRY": "POINT (2.186708746179941 41.489369016835184)", "Type": "Bus Stop", "Evaluation": "No PID" }, "geometry": { "type": "Point", "coordinates": [ 2.186708746179941, 41.489369016835184 ] } },
{ "type": "Feature", "properties": { "CODI_PARADA": 641, "NOM_PARADA": "Gran de Sant Andreu - Fabra i Puig", "MARQUESINA": 1.0, "PAL": null, "PAL SOLAR": null, "PIU": 1.0, "GEOMETRY": "POINT (2.1899926004474426 41.42932664924555)", "Type": "Bus Stop", "Evaluation": "Has PID" }, "geometry": { "type": "Point", "coordinates": [ 2.189992600447443, 41.429326649245553 ] } },
{ "type": "Feature", "properties": { "CODI_PARADA": 642, "NOM_PARADA": "La Miranda - Pl Catalunya", "MARQUESINA": null, "PAL": null, "PAL SOLAR": 1.0, "PIU": 1.0, "GEOMETRY": "POINT (2.0782319528467172 41.3600201833313)", "Type": "Bus Stop", "Evaluation": "Has PID" }, "geometry": { "type": "Point", "coordinates": [ 2.078231952846717, 41.360020183331301 ] } },
{ "type": "Feature", "properties": { "CODI_PARADA": 643, "NOM_PARADA": "Ctra d'Esplugues - Les Garrigues", "MARQUESINA": 1.0, "PAL": null, "PAL SOLAR": null, "PIU": null, "GEOMETRY": "POINT (2.079058588945099 41.367585554241295)", "Type": "Bus Stop", "Evaluation": "No PID" }, "geometry": { "type": "Point", "coordinates": [ 2.079058588945099, 41.367585554241295 ] } },
{ "type": "Feature", "properties": { "CODI_PARADA": 644, "NOM_PARADA": "Av de Cornellà - Milà i Pi", "MARQUESINA": null, "PAL": null, "PAL SOLAR": 1.0, "PIU": 1.0, "GEOMETRY": "POINT (2.0829277964936916 41.37185623481674)", "Type": "Bus Stop", "Evaluation": "Has PID" }, "geometry": { "type": "Point", "coordinates": [ 2.082927796493692, 41.37185623481674 ] } },
{ "type": "Feature", "properties": { "CODI_PARADA": 645, "NOM_PARADA": "Av de Cornellà - Gall", "MARQUESINA": null, "PAL": null, "PAL SOLAR": 1.0, "PIU": 1.0, "GEOMETRY": "POINT (2.0808046701188783 41.36971552374502)", "Type": "Bus Stop", "Evaluation": "Has PID" }, "geometry": { "type": "Point", "coordinates": [ 2.080804670118878, 41.369715523745022 ] } },
{ "type": "Feature", "properties": { "CODI_PARADA": 647, "NOM_PARADA": "Rambla Marina - Av Granvia", "MARQUESINA": 1.0, "PAL": null, "PAL SOLAR": null, "PIU": null, "GEOMETRY": "POINT (2.111914409224799 41.34975497486148)", "Type": "Bus Stop", "Evaluation": "No PID" }, "geometry": { "type": "Point", "coordinates": [ 2.111914409224799, 41.349754974861483 ] } },
{ "type": "Feature", "properties": { "CODI_PARADA": 649, "NOM_PARADA": "Pg Maragall - Mossèn Josep Bundó", "MARQUESINA": 1.0, "PAL": null, "PAL SOLAR": null, "PIU": 1.0, "GEOMETRY": "POINT (2.168142142493157 41.42736766944424)", "Type": "Bus Stop", "Evaluation": "Has PID" }, "geometry": { "type": "Point", "coordinates": [ 2.168142142493157, 41.427367669444237 ] } },
{ "type": "Feature", "properties": { "CODI_PARADA": 650, "NOM_PARADA": "Pl Catalana - Mascaró", "MARQUESINA": null, "PAL": 1.0, "PAL SOLAR": null, "PIU": null, "GEOMETRY": "POINT (2.173151247177061 41.421847252298086)", "Type": "Bus Stop", "Evaluation": "No PID" }, "geometry": { "type": "Point", "coordinates": [ 2.173151247177061, 41.421847252298086 ] } },
{ "type": "Feature", "properties": { "CODI_PARADA": 651, "NOM_PARADA": "Mercat Mare de Déu de la Mercè", "MARQUESINA": 1.0, "PAL": null, "PAL SOLAR": null, "PIU": 1.0, "GEOMETRY": "POINT (2.17321155765545 41.430275748326956)", "Type": "Bus Stop", "Evaluation": "Has PID" }, "geometry": { "type": "Point", "coordinates": [ 2.17321155765545, 41.430275748326956 ] } },
{ "type": "Feature", "properties": { "CODI_PARADA": 652, "NOM_PARADA": "Pg Maragall - Amílcar", "MARQUESINA": 1.0, "PAL": null, "PAL SOLAR": null, "PIU": 1.0, "GEOMETRY": "POINT (2.1729629905068797 41.42627504140939)", "Type": "Bus Stop", "Evaluation": "Has PID" }, "geometry": { "type": "Point", "coordinates": [ 2.17296299050688, 41.42627504140939 ] } },
{ "type": "Feature", "properties": { "CODI_PARADA": 654, "NOM_PARADA": "Av Miramar - Fundació Joan Miró", "MARQUESINA": 1.0, "PAL": null, "PAL SOLAR": null, "PIU": null, "GEOMETRY": "POINT (2.159774054918146 41.3677695849906)", "Type": "Bus Stop", "Evaluation": "No PID" }, "geometry": { "type": "Point", "coordinates": [ 2.159774054918146, 41.367769584990597 ] } },
{ "type": "Feature", "properties": { "CODI_PARADA": 655, "NOM_PARADA": "Av Miramar - Estació del Funicular", "MARQUESINA": null, "PAL": 1.0, "PAL SOLAR": null, "PIU": null, "GEOMETRY": "POINT (2.1629426057175962 41.36887582774872)", "Type": "Bus Stop", "Evaluation": "No PID" }, "geometry": { "type": "Point", "coordinates": [ 2.162942605717596, 41.368875827748717 ] } },
{ "type": "Feature", "properties": { "CODI_PARADA": 656, "NOM_PARADA": "Av Miramar - Escoles del Bosc", "MARQUESINA": 1.0, "PAL": null, "PAL SOLAR": null, "PIU": null, "GEOMETRY": "POINT (2.161944164790583 41.36893743579472)", "Type": "Bus Stop", "Evaluation": "No PID" }, "geometry": { "type": "Point", "coordinates": [ 2.161944164790583, 41.36893743579472 ] } },
{ "type": "Feature", "properties": { "CODI_PARADA": 657, "NOM_PARADA": "Fundació Joan Miró - Pl Neptú", "MARQUESINA": 1.0, "PAL": null, "PAL SOLAR": null, "PIU": null, "GEOMETRY": "POINT (2.15963103228492 41.36786114804723)", "Type": "Bus Stop", "Evaluation": "No PID" }, "geometry": { "type": "Point", "coordinates": [ 2.15963103228492, 41.367861148047233 ] } },
{ "type": "Feature", "properties": { "CODI_PARADA": 659, "NOM_PARADA": "Ctra d'Esplugues - Can Maragall", "MARQUESINA": 1.0, "PAL": null, "PAL SOLAR": null, "PIU": null, "GEOMETRY": "POINT (2.0716819915589957 41.356136224657035)", "Type": "Bus Stop", "Evaluation": "No PID" }, "geometry": { "type": "Point", "coordinates": [ 2.071681991558996, 41.356136224657035 ] } },
{ "type": "Feature", "properties": { "CODI_PARADA": 662, "NOM_PARADA": "Ciutadella - Vila Olímpica", "MARQUESINA": 1.0, "PAL": null, "PAL SOLAR": null, "PIU": 1.0, "GEOMETRY": "POINT (2.195587348453289 41.38837292622365)", "Type": "Bus Stop", "Evaluation": "Has PID" }, "geometry": { "type": "Point", "coordinates": [ 2.195587348453289, 41.388372926223653 ] } },
{ "type": "Feature", "properties": { "CODI_PARADA": 663, "NOM_PARADA": "Can Peixauet", "MARQUESINA": 1.0, "PAL": null, "PAL SOLAR": null, "PIU": null, "GEOMETRY": "POINT (2.210815487402511 41.44472024085995)", "Type": "Bus Stop", "Evaluation": "No PID" }, "geometry": { "type": "Point", "coordinates": [ 2.210815487402511, 41.444720240859951 ] } },
{ "type": "Feature", "properties": { "CODI_PARADA": 666, "NOM_PARADA": "Banús - Metro Santa Rosa", "MARQUESINA": 1.0, "PAL": null, "PAL SOLAR": null, "PIU": null, "GEOMETRY": "POINT (2.2140529109801244 41.44632383236953)", "Type": "Bus Stop", "Evaluation": "No PID" }, "geometry": { "type": "Point", "coordinates": [ 2.214052910980124, 41.446323832369529 ] } },
{ "type": "Feature", "properties": { "CODI_PARADA": 667, "NOM_PARADA": "Via Laietana - Salvador Aulet", "MARQUESINA": null, "PAL": 1.0, "PAL SOLAR": null, "PIU": null, "GEOMETRY": "POINT (2.179705891596884 41.383147152827874)", "Type": "Bus Stop", "Evaluation": "No PID" }, "geometry": { "type": "Point", "coordinates": [ 2.179705891596884, 41.383147152827874 ] } },
{ "type": "Feature", "properties": { "CODI_PARADA": 669, "NOM_PARADA": "Bucle Entrada Recinte Cementiri", "MARQUESINA": null, "PAL": 1.0, "PAL SOLAR": null, "PIU": null, "GEOMETRY": "POINT (2.156183559433939 41.46622615965342)", "Type": "Bus Stop", "Evaluation": "No PID" }, "geometry": { "type": "Point", "coordinates": [ 2.156183559433939, 41.466226159653417 ] } },
{ "type": "Feature", "properties": { "CODI_PARADA": 670, "NOM_PARADA": "Agrupació número 1.2 - Jardí del Repòs", "MARQUESINA": null, "PAL": 1.0, "PAL SOLAR": null, "PIU": null, "GEOMETRY": "POINT (2.158058260895946 41.4605269593366)", "Type": "Bus Stop", "Evaluation": "No PID" }, "geometry": { "type": "Point", "coordinates": [ 2.158058260895946, 41.460526959336597 ] } },
{ "type": "Feature", "properties": { "CODI_PARADA": 671, "NOM_PARADA": "Agrupacions números 8 i 14", "MARQUESINA": null, "PAL": 1.0, "PAL SOLAR": null, "PIU": null, "GEOMETRY": "POINT (2.162562677675237 41.45841844723271)", "Type": "Bus Stop", "Evaluation": "No PID" }, "geometry": { "type": "Point", "coordinates": [ 2.162562677675237, 41.45841844723271 ] } },
{ "type": "Feature", "properties": { "CODI_PARADA": 673, "NOM_PARADA": "Agrupació número 12·13 - Fossar", "MARQUESINA": null, "PAL": 1.0, "PAL SOLAR": null, "PIU": null, "GEOMETRY": "POINT (2.1628490035441725 41.459294050577576)", "Type": "Bus Stop", "Evaluation": "No PID" }, "geometry": { "type": "Point", "coordinates": [ 2.162849003544173, 41.459294050577576 ] } },
{ "type": "Feature", "properties": { "CODI_PARADA": 674, "NOM_PARADA": "Agrupació número 14·15", "MARQUESINA": 1.0, "PAL": null, "PAL SOLAR": null, "PIU": null, "GEOMETRY": "POINT (2.161237913830405 41.460035991416476)", "Type": "Bus Stop", "Evaluation": "No PID" }, "geometry": { "type": "Point", "coordinates": [ 2.161237913830405, 41.460035991416476 ] } },
{ "type": "Feature", "properties": { "CODI_PARADA": 675, "NOM_PARADA": "Agrupació número 15", "MARQUESINA": null, "PAL": 1.0, "PAL SOLAR": null, "PIU": null, "GEOMETRY": "POINT (2.159489527298877 41.460616593336454)", "Type": "Bus Stop", "Evaluation": "No PID" }, "geometry": { "type": "Point", "coordinates": [ 2.159489527298877, 41.460616593336454 ] } },
{ "type": "Feature", "properties": { "CODI_PARADA": 676, "NOM_PARADA": "Agrupació número 16 entrada", "MARQUESINA": null, "PAL": 1.0, "PAL SOLAR": null, "PIU": null, "GEOMETRY": "POINT (2.158922936470257 41.462296524698225)", "Type": "Bus Stop", "Evaluation": "No PID" }, "geometry": { "type": "Point", "coordinates": [ 2.158922936470257, 41.462296524698225 ] } },
{ "type": "Feature", "properties": { "CODI_PARADA": 678, "NOM_PARADA": "Agrupació número 16 sortida", "MARQUESINA": null, "PAL": 1.0, "PAL SOLAR": null, "PIU": null, "GEOMETRY": "POINT (2.158824808653675 41.4623288558808)", "Type": "Bus Stop", "Evaluation": "No PID" }, "geometry": { "type": "Point", "coordinates": [ 2.158824808653675, 41.462328855880799 ] } },
{ "type": "Feature", "properties": { "CODI_PARADA": 679, "NOM_PARADA": "Agrupació número 15 - Columbaris", "MARQUESINA": 1.0, "PAL": null, "PAL SOLAR": null, "PIU": null, "GEOMETRY": "POINT (2.1580262745806795 41.46147960985676)", "Type": "Bus Stop", "Evaluation": "No PID" }, "geometry": { "type": "Point", "coordinates": [ 2.15802627458068, 41.46147960985676 ] } },
{ "type": "Feature", "properties": { "CODI_PARADA": 680, "NOM_PARADA": "Bucle Sortida Recinte Cementiri", "MARQUESINA": null, "PAL": 1.0, "PAL SOLAR": null, "PIU": null, "GEOMETRY": "POINT (2.1560244827139106 41.466161509352375)", "Type": "Bus Stop", "Evaluation": "No PID" }, "geometry": { "type": "Point", "coordinates": [ 2.156024482713911, 41.466161509352375 ] } },
{ "type": "Feature", "properties": { "CODI_PARADA": 681, "NOM_PARADA": "Av Jordà - Idumea", "MARQUESINA": 1.0, "PAL": null, "PAL SOLAR": null, "PIU": null, "GEOMETRY": "POINT (2.1389194772613536 41.42664712845293)", "Type": "Bus Stop", "Evaluation": "No PID" }, "geometry": { "type": "Point", "coordinates": [ 2.138919477261354, 41.426647128452927 ] } },
{ "type": "Feature", "properties": { "CODI_PARADA": 682, "NOM_PARADA": "Cementiri de l'Est", "MARQUESINA": 1.0, "PAL": null, "PAL SOLAR": null, "PIU": null, "GEOMETRY": "POINT (2.201577472634357 41.394426681967566)", "Type": "Bus Stop", "Evaluation": "No PID" }, "geometry": { "type": "Point", "coordinates": [ 2.201577472634357, 41.394426681967566 ] } },
{ "type": "Feature", "properties": { "CODI_PARADA": 683, "NOM_PARADA": "Natzaret - Lledoner", "MARQUESINA": 1.0, "PAL": null, "PAL SOLAR": null, "PIU": null, "GEOMETRY": "POINT (2.1362333767163943 41.4258673642365)", "Type": "Bus Stop", "Evaluation": "No PID" }, "geometry": { "type": "Point", "coordinates": [ 2.136233376716394, 41.425867364236503 ] } },
{ "type": "Feature", "properties": { "CODI_PARADA": 684, "NOM_PARADA": "Pl Sant Agustí", "MARQUESINA": 1.0, "PAL": null, "PAL SOLAR": null, "PIU": null, "GEOMETRY": "POINT (2.155914022501985 41.35783967616136)", "Type": "Bus Stop", "Evaluation": "No PID" }, "geometry": { "type": "Point", "coordinates": [ 2.155914022501985, 41.357839676161362 ] } },
{ "type": "Feature", "properties": { "CODI_PARADA": 685, "NOM_PARADA": "Via Santa Eulàlia - Rda Litoral", "MARQUESINA": 1.0, "PAL": null, "PAL SOLAR": null, "PIU": null, "GEOMETRY": "POINT (2.1545268102460775 41.35312634400056)", "Type": "Bus Stop", "Evaluation": "No PID" }, "geometry": { "type": "Point", "coordinates": [ 2.154526810246078, 41.353126344000557 ] } },
{ "type": "Feature", "properties": { "CODI_PARADA": 686, "NOM_PARADA": "Pl de l'Esperança", "MARQUESINA": null, "PAL": 1.0, "PAL SOLAR": null, "PIU": null, "GEOMETRY": "POINT (2.1562535073486635 41.35385556789437)", "Type": "Bus Stop", "Evaluation": "No PID" }, "geometry": { "type": "Point", "coordinates": [ 2.156253507348664, 41.353855567894371 ] } },
{ "type": "Feature", "properties": { "CODI_PARADA": 687, "NOM_PARADA": "Pl de la Caritat", "MARQUESINA": null, "PAL": 1.0, "PAL SOLAR": null, "PIU": null, "GEOMETRY": "POINT (2.1546732699282853 41.355256258846644)", "Type": "Bus Stop", "Evaluation": "No PID" }, "geometry": { "type": "Point", "coordinates": [ 2.154673269928285, 41.355256258846644 ] } },
{ "type": "Feature", "properties": { "CODI_PARADA": 688, "NOM_PARADA": "Pl Sant Rafael", "MARQUESINA": null, "PAL": 1.0, "PAL SOLAR": null, "PIU": null, "GEOMETRY": "POINT (2.1538482172434077 41.35506795910191)", "Type": "Bus Stop", "Evaluation": "No PID" }, "geometry": { "type": "Point", "coordinates": [ 2.153848217243408, 41.355067959101909 ] } },
{ "type": "Feature", "properties": { "CODI_PARADA": 689, "NOM_PARADA": "Pl Sant Francesc", "MARQUESINA": null, "PAL": 1.0, "PAL SOLAR": null, "PIU": null, "GEOMETRY": "POINT (2.157700229793077 41.35642798191159)", "Type": "Bus Stop", "Evaluation": "No PID" }, "geometry": { "type": "Point", "coordinates": [ 2.157700229793077, 41.356427981911587 ] } },
{ "type": "Feature", "properties": { "CODI_PARADA": 690, "NOM_PARADA": "Via Sant Jordi - Via Sant Sever", "MARQUESINA": null, "PAL": 1.0, "PAL SOLAR": null, "PIU": null, "GEOMETRY": "POINT (2.157998725451068 41.35532926872351)", "Type": "Bus Stop", "Evaluation": "No PID" }, "geometry": { "type": "Point", "coordinates": [ 2.157998725451068, 41.355329268723509 ] } },
{ "type": "Feature", "properties": { "CODI_PARADA": 691, "NOM_PARADA": "Via Sant Jaume - Via Santíssima Trinitat", "MARQUESINA": null, "PAL": 1.0, "PAL SOLAR": null, "PIU": null, "GEOMETRY": "POINT (2.154739804219873 41.35626835091771)", "Type": "Bus Stop", "Evaluation": "No PID" }, "geometry": { "type": "Point", "coordinates": [ 2.154739804219873, 41.356268350917709 ] } },
{ "type": "Feature", "properties": { "CODI_PARADA": 692, "NOM_PARADA": "Via Santíssima Trinitat", "MARQUESINA": null, "PAL": 1.0, "PAL SOLAR": null, "PIU": null, "GEOMETRY": "POINT (2.152033631320056 41.35620497838736)", "Type": "Bus Stop", "Evaluation": "No PID" }, "geometry": { "type": "Point", "coordinates": [ 2.152033631320056, 41.35620497838736 ] } },
{ "type": "Feature", "properties": { "CODI_PARADA": 693, "NOM_PARADA": "Via Santíssima Trinitat - Pl Sant Agustí", "MARQUESINA": null, "PAL": 1.0, "PAL SOLAR": null, "PIU": null, "GEOMETRY": "POINT (2.1543740865189043 41.3568808108822)", "Type": "Bus Stop", "Evaluation": "No PID" }, "geometry": { "type": "Point", "coordinates": [ 2.154374086518904, 41.356880810882203 ] } },
{ "type": "Feature", "properties": { "CODI_PARADA": 694, "NOM_PARADA": "Via Sant Antoni Abat - Via Santíssima Trinitat", "MARQUESINA": null, "PAL": 1.0, "PAL SOLAR": null, "PIU": null, "GEOMETRY": "POINT (2.151378620187766 41.35555699568323)", "Type": "Bus Stop", "Evaluation": "No PID" }, "geometry": { "type": "Point", "coordinates": [ 2.151378620187766, 41.35555699568323 ] } },
{ "type": "Feature", "properties": { "CODI_PARADA": 695, "NOM_PARADA": "Via Sant Jaume", "MARQUESINA": null, "PAL": 1.0, "PAL SOLAR": null, "PIU": null, "GEOMETRY": "POINT (2.1532178529109585 41.35570005299164)", "Type": "Bus Stop", "Evaluation": "No PID" }, "geometry": { "type": "Point", "coordinates": [ 2.153217852910958, 41.355700052991637 ] } },
{ "type": "Feature", "properties": { "CODI_PARADA": 696, "NOM_PARADA": "Via Sant Francesc", "MARQUESINA": null, "PAL": 1.0, "PAL SOLAR": null, "PIU": null, "GEOMETRY": "POINT (2.153537861036459 41.35472460698289)", "Type": "Bus Stop", "Evaluation": "No PID" }, "geometry": { "type": "Point", "coordinates": [ 2.153537861036459, 41.354724606982892 ] } },
{ "type": "Feature", "properties": { "CODI_PARADA": 697, "NOM_PARADA": "Pallars - Zamora", "MARQUESINA": 1.0, "PAL": null, "PAL SOLAR": null, "PIU": 1.0, "GEOMETRY": "POINT (2.1909147766460304 41.395974177349736)", "Type": "Bus Stop", "Evaluation": "Has PID" }, "geometry": { "type": "Point", "coordinates": [ 2.19091477664603, 41.395974177349736 ] } },
{ "type": "Feature", "properties": { "CODI_PARADA": 698, "NOM_PARADA": "Av Icària - Joan Miró", "MARQUESINA": 1.0, "PAL": null, "PAL SOLAR": null, "PIU": 1.0, "GEOMETRY": "POINT (2.19631110202709 41.39042341607893)", "Type": "Bus Stop", "Evaluation": "Has PID" }, "geometry": { "type": "Point", "coordinates": [ 2.19631110202709, 41.390423416078931 ] } },
{ "type": "Feature", "properties": { "CODI_PARADA": 699, "NOM_PARADA": "Benet Mateu - Manuel de Falla", "MARQUESINA": null, "PAL": 1.0, "PAL SOLAR": null, "PIU": null, "GEOMETRY": "POINT (2.1262403689870064 41.393853383169024)", "Type": "Bus Stop", "Evaluation": "No PID" }, "geometry": { "type": "Point", "coordinates": [ 2.126240368987006, 41.393853383169024 ] } },
{ "type": "Feature", "properties": { "CODI_PARADA": 700, "NOM_PARADA": "Pg Calvell - Rambla del Poblenou", "MARQUESINA": 1.0, "PAL": null, "PAL SOLAR": null, "PIU": 1.0, "GEOMETRY": "POINT (2.2065192457703917 41.39744707243207)", "Type": "Bus Stop", "Evaluation": "Has PID" }, "geometry": { "type": "Point", "coordinates": [ 2.206519245770392, 41.397447072432072 ] } },
{ "type": "Feature", "properties": { "CODI_PARADA": 701, "NOM_PARADA": "Els Vergós", "MARQUESINA": 1.0, "PAL": null, "PAL SOLAR": null, "PIU": null, "GEOMETRY": "POINT (2.1270028179742924 41.39707567505756)", "Type": "Bus Stop", "Evaluation": "No PID" }, "geometry": { "type": "Point", "coordinates": [ 2.127002817974292, 41.397075675057557 ] } },
{ "type": "Feature", "properties": { "CODI_PARADA": 702, "NOM_PARADA": "Pl Artós", "MARQUESINA": 1.0, "PAL": null, "PAL SOLAR": null, "PIU": null, "GEOMETRY": "POINT (2.1256185380706385 41.39554671841874)", "Type": "Bus Stop", "Evaluation": "No PID" }, "geometry": { "type": "Point", "coordinates": [ 2.125618538070638, 41.395546718418743 ] } },
{ "type": "Feature", "properties": { "CODI_PARADA": 703, "NOM_PARADA": "Ronda Sant Antoni - Pl Goya", "MARQUESINA": 1.0, "PAL": null, "PAL SOLAR": null, "PIU": 1.0, "GEOMETRY": "POINT (2.1637752622734223 41.38304363381482)", "Type": "Bus Stop", "Evaluation": "Has PID" }, "geometry": { "type": "Point", "coordinates": [ 2.163775262273422, 41.383043633814822 ] } },
{ "type": "Feature", "properties": { "CODI_PARADA": 704, "NOM_PARADA": "Parc de la Vall d'Hebron", "MARQUESINA": 1.0, "PAL": null, "PAL SOLAR": null, "PIU": 1.0, "GEOMETRY": "POINT (2.1457284516205744 41.43131227844917)", "Type": "Bus Stop", "Evaluation": "Has PID" }, "geometry": { "type": "Point", "coordinates": [ 2.145728451620574, 41.43131227844917 ] } },
{ "type": "Feature", "properties": { "CODI_PARADA": 705, "NOM_PARADA": "Meridiana - Josep Estivill", "MARQUESINA": 1.0, "PAL": null, "PAL SOLAR": null, "PIU": null, "GEOMETRY": "POINT (2.18708163009213 41.417944642912275)", "Type": "Bus Stop", "Evaluation": "No PID" }, "geometry": { "type": "Point", "coordinates": [ 2.18708163009213, 41.417944642912275 ] } },
{ "type": "Feature", "properties": { "CODI_PARADA": 707, "NOM_PARADA": "Sants - Badal", "MARQUESINA": null, "PAL": 1.0, "PAL SOLAR": null, "PIU": null, "GEOMETRY": "POINT (2.1318799852302788 41.3754176153667)", "Type": "Bus Stop", "Evaluation": "No PID" }, "geometry": { "type": "Point", "coordinates": [ 2.131879985230279, 41.3754176153667 ] } },
{ "type": "Feature", "properties": { "CODI_PARADA": 708, "NOM_PARADA": "Pl de Sants", "MARQUESINA": null, "PAL": 1.0, "PAL SOLAR": null, "PIU": null, "GEOMETRY": "POINT (2.1343165731919065 41.37536765374654)", "Type": "Bus Stop", "Evaluation": "No PID" }, "geometry": { "type": "Point", "coordinates": [ 2.134316573191906, 41.375367653746537 ] } },
{ "type": "Feature", "properties": { "CODI_PARADA": 709, "NOM_PARADA": "Les Corts - Carles III", "MARQUESINA": 1.0, "PAL": null, "PAL SOLAR": null, "PIU": 1.0, "GEOMETRY": "POINT (2.128835686566618 41.38273224016145)", "Type": "Bus Stop", "Evaluation": "Has PID" }, "geometry": { "type": "Point", "coordinates": [ 2.128835686566618, 41.382732240161452 ] } },
{ "type": "Feature", "properties": { "CODI_PARADA": 711, "NOM_PARADA": "Av Pedralbes - Cavallers", "MARQUESINA": 1.0, "PAL": null, "PAL SOLAR": null, "PIU": 1.0, "GEOMETRY": "POINT (2.115192720419895 41.39290269359492)", "Type": "Bus Stop", "Evaluation": "Has PID" }, "geometry": { "type": "Point", "coordinates": [ 2.115192720419895, 41.39290269359492 ] } },
{ "type": "Feature", "properties": { "CODI_PARADA": 712, "NOM_PARADA": "Av de l'Exèrcit - Trias i Giró", "MARQUESINA": 1.0, "PAL": null, "PAL SOLAR": null, "PIU": null, "GEOMETRY": "POINT (2.111179646283398 41.38567357056702)", "Type": "Bus Stop", "Evaluation": "No PID" }, "geometry": { "type": "Point", "coordinates": [ 2.111179646283398, 41.385673570567022 ] } },
{ "type": "Feature", "properties": { "CODI_PARADA": 713, "NOM_PARADA": "CAP Vallcarca", "MARQUESINA": 1.0, "PAL": null, "PAL SOLAR": null, "PIU": null, "GEOMETRY": "POINT (2.1422547218229813 41.4154846839388)", "Type": "Bus Stop", "Evaluation": "No PID" }, "geometry": { "type": "Point", "coordinates": [ 2.142254721822981, 41.4154846839388 ] } },
{ "type": "Feature", "properties": { "CODI_PARADA": 716, "NOM_PARADA": "Gran Via - Bilbao", "MARQUESINA": 1.0, "PAL": null, "PAL SOLAR": null, "PIU": 1.0, "GEOMETRY": "POINT (2.194868776594674 41.409604807465435)", "Type": "Bus Stop", "Evaluation": "Has PID" }, "geometry": { "type": "Point", "coordinates": [ 2.194868776594674, 41.409604807465435 ] } },
{ "type": "Feature", "properties": { "CODI_PARADA": 717, "NOM_PARADA": "Gran Via - Selva de Mar", "MARQUESINA": 1.0, "PAL": null, "PAL SOLAR": null, "PIU": null, "GEOMETRY": "POINT (2.200884159115188 41.41366885211998)", "Type": "Bus Stop", "Evaluation": "No PID" }, "geometry": { "type": "Point", "coordinates": [ 2.200884159115188, 41.413668852119983 ] } },
{ "type": "Feature", "properties": { "CODI_PARADA": 719, "NOM_PARADA": "Pg de Josep Carner - Jardins de Walter Benjamin", "MARQUESINA": 1.0, "PAL": null, "PAL SOLAR": null, "PIU": null, "GEOMETRY": "POINT (2.1753626497712677 41.37307223081262)", "Type": "Bus Stop", "Evaluation": "No PID" }, "geometry": { "type": "Point", "coordinates": [ 2.175362649771268, 41.373072230812618 ] } },
{ "type": "Feature", "properties": { "CODI_PARADA": 721, "NOM_PARADA": "Pg de Josep Carner - Pg de Montjuïc", "MARQUESINA": 1.0, "PAL": null, "PAL SOLAR": null, "PIU": null, "GEOMETRY": "POINT (2.1743185429628302 41.37145298434873)", "Type": "Bus Stop", "Evaluation": "No PID" }, "geometry": { "type": "Point", "coordinates": [ 2.17431854296283, 41.371452984348728 ] } },
{ "type": "Feature", "properties": { "CODI_PARADA": 722, "NOM_PARADA": "Paral·lel - Cabanes", "MARQUESINA": 1.0, "PAL": null, "PAL SOLAR": null, "PIU": 1.0, "GEOMETRY": "POINT (2.170634729830233 41.37479406571474)", "Type": "Bus Stop", "Evaluation": "Has PID" }, "geometry": { "type": "Point", "coordinates": [ 2.170634729830233, 41.374794065714738 ] } },
{ "type": "Feature", "properties": { "CODI_PARADA": 723, "NOM_PARADA": "Paral·lel - Drassanes", "MARQUESINA": 1.0, "PAL": null, "PAL SOLAR": null, "PIU": 1.0, "GEOMETRY": "POINT (2.174798861891265 41.37451307464027)", "Type": "Bus Stop", "Evaluation": "Has PID" }, "geometry": { "type": "Point", "coordinates": [ 2.174798861891265, 41.374513074640269 ] } },
{ "type": "Feature", "properties": { "CODI_PARADA": 725, "NOM_PARADA": "Mina de la Ciutat - Les Torres", "MARQUESINA": null, "PAL": 1.0, "PAL SOLAR": null, "PIU": null, "GEOMETRY": "POINT (2.1742677132237853 41.44735598691737)", "Type": "Bus Stop", "Evaluation": "No PID" }, "geometry": { "type": "Point", "coordinates": [ 2.174267713223785, 41.447355986917373 ] } },
{ "type": "Feature", "properties": { "CODI_PARADA": 727, "NOM_PARADA": "CAP Horta", "MARQUESINA": 1.0, "PAL": null, "PAL SOLAR": null, "PIU": 1.0, "GEOMETRY": "POINT (2.157599114542401 41.429138739801274)", "Type": "Bus Stop", "Evaluation": "Has PID" }, "geometry": { "type": "Point", "coordinates": [ 2.157599114542401, 41.429138739801274 ] } },
{ "type": "Feature", "properties": { "CODI_PARADA": 728, "NOM_PARADA": "Balmes - Almirall Oquendo", "MARQUESINA": null, "PAL": 1.0, "PAL SOLAR": null, "PIU": null, "GEOMETRY": "POINT (2.2077400375040335 41.43114556491946)", "Type": "Bus Stop", "Evaluation": "No PID" }, "geometry": { "type": "Point", "coordinates": [ 2.207740037504033, 41.431145564919461 ] } },
{ "type": "Feature", "properties": { "CODI_PARADA": 729, "NOM_PARADA": "Balmes - Alarcón", "MARQUESINA": null, "PAL": 1.0, "PAL SOLAR": null, "PIU": null, "GEOMETRY": "POINT (2.210868010505908 41.42962799252792)", "Type": "Bus Stop", "Evaluation": "No PID" }, "geometry": { "type": "Point", "coordinates": [ 2.210868010505908, 41.429627992527919 ] } },
{ "type": "Feature", "properties": { "CODI_PARADA": 731, "NOM_PARADA": "Pg Torras i Bages - Els Segadors", "MARQUESINA": 1.0, "PAL": null, "PAL SOLAR": null, "PIU": 1.0, "GEOMETRY": "POINT (2.1912781085847604 41.43697603689052)", "Type": "Bus Stop", "Evaluation": "Has PID" }, "geometry": { "type": "Point", "coordinates": [ 2.19127810858476, 41.43697603689052 ] } },
{ "type": "Feature", "properties": { "CODI_PARADA": 732, "NOM_PARADA": "Hospital Sant Rafael", "MARQUESINA": 1.0, "PAL": null, "PAL SOLAR": null, "PIU": 1.0, "GEOMETRY": "POINT (2.1407040169351235 41.42515970213906)", "Type": "Bus Stop", "Evaluation": "Has PID" }, "geometry": { "type": "Point", "coordinates": [ 2.140704016935123, 41.425159702139062 ] } },
{ "type": "Feature", "properties": { "CODI_PARADA": 733, "NOM_PARADA": "Escola Oficial d'Idiomes Vall d'Hebron", "MARQUESINA": 1.0, "PAL": null, "PAL SOLAR": null, "PIU": null, "GEOMETRY": "POINT (2.1385429999021843 41.42661693851605)", "Type": "Bus Stop", "Evaluation": "No PID" }, "geometry": { "type": "Point", "coordinates": [ 2.138542999902184, 41.426616938516048 ] } },
{ "type": "Feature", "properties": { "CODI_PARADA": 734, "NOM_PARADA": "Centre Cívic Casa Groga", "MARQUESINA": 1.0, "PAL": null, "PAL SOLAR": null, "PIU": null, "GEOMETRY": "POINT (2.136988185425546 41.427023080458106)", "Type": "Bus Stop", "Evaluation": "No PID" }, "geometry": { "type": "Point", "coordinates": [ 2.136988185425546, 41.427023080458106 ] } },
{ "type": "Feature", "properties": { "CODI_PARADA": 742, "NOM_PARADA": "Av de la Ribera - Pg Rocamora", "MARQUESINA": null, "PAL": 1.0, "PAL SOLAR": null, "PIU": null, "GEOMETRY": "POINT (2.190838936894086 41.48481509963086)", "Type": "Bus Stop", "Evaluation": "No PID" }, "geometry": { "type": "Point", "coordinates": [ 2.190838936894086, 41.484815099630858 ] } },
{ "type": "Feature", "properties": { "CODI_PARADA": 743, "NOM_PARADA": "Bogatell - Jaume I", "MARQUESINA": null, "PAL": 1.0, "PAL SOLAR": null, "PIU": null, "GEOMETRY": "POINT (2.1889420936419643 41.48202676568731)", "Type": "Bus Stop", "Evaluation": "No PID" }, "geometry": { "type": "Point", "coordinates": [ 2.188942093641964, 41.482026765687309 ] } },
{ "type": "Feature", "properties": { "CODI_PARADA": 744, "NOM_PARADA": "Felip II - Meridiana", "MARQUESINA": 1.0, "PAL": null, "PAL SOLAR": null, "PIU": 1.0, "GEOMETRY": "POINT (2.18607725617953 41.42111692502323)", "Type": "Bus Stop", "Evaluation": "Has PID" }, "geometry": { "type": "Point", "coordinates": [ 2.18607725617953, 41.421116925023227 ] } },
{ "type": "Feature", "properties": { "CODI_PARADA": 747, "NOM_PARADA": "Av Catalunya - Sol", "MARQUESINA": null, "PAL": 1.0, "PAL SOLAR": null, "PIU": null, "GEOMETRY": "POINT (2.182103623711126 41.49374716852138)", "Type": "Bus Stop", "Evaluation": "No PID" }, "geometry": { "type": "Point", "coordinates": [ 2.182103623711126, 41.493747168521381 ] } },
{ "type": "Feature", "properties": { "CODI_PARADA": 748, "NOM_PARADA": "Av de Cornellà - Pl Sardana", "MARQUESINA": 1.0, "PAL": null, "PAL SOLAR": null, "PIU": 1.0, "GEOMETRY": "POINT (2.083990029297411 41.37260309142843)", "Type": "Bus Stop", "Evaluation": "Has PID" }, "geometry": { "type": "Point", "coordinates": [ 2.083990029297411, 41.372603091428431 ] } },
{ "type": "Feature", "properties": { "CODI_PARADA": 749, "NOM_PARADA": "Santa Rosalia - Castellbisbal", "MARQUESINA": null, "PAL": 1.0, "PAL SOLAR": null, "PIU": null, "GEOMETRY": "POINT (2.143729912693061 41.42075434970913)", "Type": "Bus Stop", "Evaluation": "No PID" }, "geometry": { "type": "Point", "coordinates": [ 2.143729912693061, 41.420754349709128 ] } },
{ "type": "Feature", "properties": { "CODI_PARADA": 752, "NOM_PARADA": "Aiguablava - Pedrosa", "MARQUESINA": 1.0, "PAL": null, "PAL SOLAR": null, "PIU": 1.0, "GEOMETRY": "POINT (2.182143268343419 41.448922778906415)", "Type": "Bus Stop", "Evaluation": "Has PID" }, "geometry": { "type": "Point", "coordinates": [ 2.182143268343419, 41.448922778906415 ] } },
{ "type": "Feature", "properties": { "CODI_PARADA": 753, "NOM_PARADA": "Aiguablava - La Fosca - Trinitat Nova", "MARQUESINA": 1.0, "PAL": null, "PAL SOLAR": null, "PIU": 1.0, "GEOMETRY": "POINT (2.1817631050431494 41.44839629710887)", "Type": "Bus Stop", "Evaluation": "Has PID" }, "geometry": { "type": "Point", "coordinates": [ 2.181763105043149, 41.448396297108872 ] } },
{ "type": "Feature", "properties": { "CODI_PARADA": 754, "NOM_PARADA": "Pg Vall d'Hebron - L'Arrabassada", "MARQUESINA": 1.0, "PAL": null, "PAL SOLAR": null, "PIU": null, "GEOMETRY": "POINT (2.139061678320507 41.418622960158665)", "Type": "Bus Stop", "Evaluation": "No PID" }, "geometry": { "type": "Point", "coordinates": [ 2.139061678320507, 41.418622960158665 ] } },
{ "type": "Feature", "properties": { "CODI_PARADA": 755, "NOM_PARADA": "Pg Valldaura - Guineueta", "MARQUESINA": 1.0, "PAL": null, "PAL SOLAR": null, "PIU": 1.0, "GEOMETRY": "POINT (2.165384079308054 41.43943707614339)", "Type": "Bus Stop", "Evaluation": "Has PID" }, "geometry": { "type": "Point", "coordinates": [ 2.165384079308054, 41.439437076143392 ] } },
{ "type": "Feature", "properties": { "CODI_PARADA": 760, "NOM_PARADA": "Badal - Av Carrilet", "MARQUESINA": 1.0, "PAL": null, "PAL SOLAR": null, "PIU": null, "GEOMETRY": "POINT (2.1346078256449807 41.36661667878248)", "Type": "Bus Stop", "Evaluation": "No PID" }, "geometry": { "type": "Point", "coordinates": [ 2.134607825644981, 41.366616678782478 ] } },
{ "type": "Feature", "properties": { "CODI_PARADA": 761, "NOM_PARADA": "Av d'Esplugues - González Tablas", "MARQUESINA": 1.0, "PAL": null, "PAL SOLAR": null, "PIU": 1.0, "GEOMETRY": "POINT (2.106660749823554 41.387484013832946)", "Type": "Bus Stop", "Evaluation": "Has PID" }, "geometry": { "type": "Point", "coordinates": [ 2.106660749823554, 41.387484013832946 ] } },
{ "type": "Feature", "properties": { "CODI_PARADA": 762, "NOM_PARADA": "Av d'Esplugues", "MARQUESINA": 1.0, "PAL": null, "PAL SOLAR": null, "PIU": null, "GEOMETRY": "POINT (2.1091462503894807 41.3898957794385)", "Type": "Bus Stop", "Evaluation": "No PID" }, "geometry": { "type": "Point", "coordinates": [ 2.109146250389481, 41.389895779438497 ] } },
{ "type": "Feature", "properties": { "CODI_PARADA": 763, "NOM_PARADA": "Av d'Esplugues - Av Pearson", "MARQUESINA": 1.0, "PAL": null, "PAL SOLAR": null, "PIU": 1.0, "GEOMETRY": "POINT (2.112003730841243 41.39331993203382)", "Type": "Bus Stop", "Evaluation": "Has PID" }, "geometry": { "type": "Point", "coordinates": [ 2.112003730841243, 41.393319932033819 ] } },
{ "type": "Feature", "properties": { "CODI_PARADA": 764, "NOM_PARADA": "Bisbe Català - Pl de Pedralbes", "MARQUESINA": 1.0, "PAL": null, "PAL SOLAR": null, "PIU": null, "GEOMETRY": "POINT (2.1142805918578413 41.39601257433363)", "Type": "Bus Stop", "Evaluation": "No PID" }, "geometry": { "type": "Point", "coordinates": [ 2.114280591857841, 41.396012574333632 ] } },
{ "type": "Feature", "properties": { "CODI_PARADA": 765, "NOM_PARADA": "Pl Pius XII", "MARQUESINA": 1.0, "PAL": null, "PAL SOLAR": null, "PIU": null, "GEOMETRY": "POINT (2.1216176370069384 41.388116353271904)", "Type": "Bus Stop", "Evaluation": "No PID" }, "geometry": { "type": "Point", "coordinates": [ 2.121617637006938, 41.388116353271904 ] } },
{ "type": "Feature", "properties": { "CODI_PARADA": 766, "NOM_PARADA": "Diagonal - Pl Pius XII", "MARQUESINA": 1.0, "PAL": null, "PAL SOLAR": null, "PIU": null, "GEOMETRY": "POINT (2.1226150738109846 41.38723754673029)", "Type": "Bus Stop", "Evaluation": "No PID" }, "geometry": { "type": "Point", "coordinates": [ 2.122615073810985, 41.38723754673029 ] } },
{ "type": "Feature", "properties": { "CODI_PARADA": 768, "NOM_PARADA": "Grècia - Pl del Nen de la Rutlla", "MARQUESINA": null, "PAL": 1.0, "PAL SOLAR": null, "PIU": null, "GEOMETRY": "POINT (2.171447203936528 41.41911271930837)", "Type": "Bus Stop", "Evaluation": "No PID" }, "geometry": { "type": "Point", "coordinates": [ 2.171447203936528, 41.419112719308373 ] } },
{ "type": "Feature", "properties": { "CODI_PARADA": 769, "NOM_PARADA": "Via Favència - Rambla Caçador", "MARQUESINA": 1.0, "PAL": null, "PAL SOLAR": null, "PIU": null, "GEOMETRY": "POINT (2.167093975030757 41.44147683649309)", "Type": "Bus Stop", "Evaluation": "No PID" }, "geometry": { "type": "Point", "coordinates": [ 2.167093975030757, 41.441476836493088 ] } },
{ "type": "Feature", "properties": { "CODI_PARADA": 770, "NOM_PARADA": "Paral·lel - Margarit", "MARQUESINA": 1.0, "PAL": null, "PAL SOLAR": null, "PIU": 1.0, "GEOMETRY": "POINT (2.164506492637661 41.37486616097471)", "Type": "Bus Stop", "Evaluation": "Has PID" }, "geometry": { "type": "Point", "coordinates": [ 2.164506492637661, 41.374866160974712 ] } },
{ "type": "Feature", "properties": { "CODI_PARADA": 771, "NOM_PARADA": "Ca n'Oliveres", "MARQUESINA": null, "PAL": null, "PAL SOLAR": 1.0, "PIU": 1.0, "GEOMETRY": "POINT (2.0964783226957393 41.37662058039547)", "Type": "Bus Stop", "Evaluation": "Has PID" }, "geometry": { "type": "Point", "coordinates": [ 2.096478322695739, 41.376620580395468 ] } },
{ "type": "Feature", "properties": { "CODI_PARADA": 772, "NOM_PARADA": "Doctor Pi i Molist - Pl Virrei Amat", "MARQUESINA": 1.0, "PAL": null, "PAL SOLAR": null, "PIU": 1.0, "GEOMETRY": "POINT (2.174619582719488 41.43084095814817)", "Type": "Bus Stop", "Evaluation": "Has PID" }, "geometry": { "type": "Point", "coordinates": [ 2.174619582719488, 41.430840958148167 ] } },
{ "type": "Feature", "properties": { "CODI_PARADA": 773, "NOM_PARADA": "Doctor Pi i Molist - Orduña", "MARQUESINA": 1.0, "PAL": null, "PAL SOLAR": null, "PIU": 1.0, "GEOMETRY": "POINT (2.1730549389284635 41.433421404695785)", "Type": "Bus Stop", "Evaluation": "Has PID" }, "geometry": { "type": "Point", "coordinates": [ 2.173054938928463, 41.433421404695785 ] } },
{ "type": "Feature", "properties": { "CODI_PARADA": 774, "NOM_PARADA": "Gran Via - Vilamarí", "MARQUESINA": null, "PAL": 1.0, "PAL SOLAR": null, "PIU": null, "GEOMETRY": "POINT (2.151918826470393 41.37741693527575)", "Type": "Bus Stop", "Evaluation": "No PID" }, "geometry": { "type": "Point", "coordinates": [ 2.151918826470393, 41.377416935275747 ] } },
{ "type": "Feature", "properties": { "CODI_PARADA": 776, "NOM_PARADA": "Sepúlveda - Av Mistral", "MARQUESINA": 1.0, "PAL": null, "PAL SOLAR": null, "PIU": 1.0, "GEOMETRY": "POINT (2.1524085096752574 41.375683473248536)", "Type": "Bus Stop", "Evaluation": "Has PID" }, "geometry": { "type": "Point", "coordinates": [ 2.152408509675257, 41.375683473248536 ] } },
{ "type": "Feature", "properties": { "CODI_PARADA": 777, "NOM_PARADA": "Av Roma - Tarragona", "MARQUESINA": 1.0, "PAL": null, "PAL SOLAR": null, "PIU": 1.0, "GEOMETRY": "POINT (2.1436143326882826 41.38047215602627)", "Type": "Bus Stop", "Evaluation": "Has PID" }, "geometry": { "type": "Point", "coordinates": [ 2.143614332688283, 41.380472156026272 ] } },
{ "type": "Feature", "properties": { "CODI_PARADA": 778, "NOM_PARADA": "Av Sant Ramon Nonat - Cardenal Reig", "MARQUESINA": 1.0, "PAL": null, "PAL SOLAR": null, "PIU": null, "GEOMETRY": "POINT (2.1164457975827276 41.37743378595494)", "Type": "Bus Stop", "Evaluation": "No PID" }, "geometry": { "type": "Point", "coordinates": [ 2.116445797582728, 41.377433785954942 ] } },
{ "type": "Feature", "properties": { "CODI_PARADA": 780, "NOM_PARADA": "Trafalgar - Bruc", "MARQUESINA": 1.0, "PAL": null, "PAL SOLAR": null, "PIU": null, "GEOMETRY": "POINT (2.1770013195767977 41.389715218921836)", "Type": "Bus Stop", "Evaluation": "No PID" }, "geometry": { "type": "Point", "coordinates": [ 2.177001319576798, 41.389715218921836 ] } },
{ "type": "Feature", "properties": { "CODI_PARADA": 783, "NOM_PARADA": "Sant Antoni Maria Claret - Lepant", "MARQUESINA": 1.0, "PAL": null, "PAL SOLAR": null, "PIU": 1.0, "GEOMETRY": "POINT (2.1703997521199243 41.408311557197344)", "Type": "Bus Stop", "Evaluation": "Has PID" }, "geometry": { "type": "Point", "coordinates": [ 2.170399752119924, 41.408311557197344 ] } },
{ "type": "Feature", "properties": { "CODI_PARADA": 784, "NOM_PARADA": "València - Lepant", "MARQUESINA": 1.0, "PAL": null, "PAL SOLAR": null, "PIU": 1.0, "GEOMETRY": "POINT (2.1774174152916523 41.40320779542744)", "Type": "Bus Stop", "Evaluation": "Has PID" }, "geometry": { "type": "Point", "coordinates": [ 2.177417415291652, 41.403207795427441 ] } },
{ "type": "Feature", "properties": { "CODI_PARADA": 785, "NOM_PARADA": "Gran Via - Padilla", "MARQUESINA": null, "PAL": 1.0, "PAL SOLAR": null, "PIU": null, "GEOMETRY": "POINT (2.182694553676593 41.400555953839586)", "Type": "Bus Stop", "Evaluation": "No PID" }, "geometry": { "type": "Point", "coordinates": [ 2.182694553676593, 41.400555953839586 ] } },
{ "type": "Feature", "properties": { "CODI_PARADA": 787, "NOM_PARADA": "Escorial - Legalitat", "MARQUESINA": 1.0, "PAL": null, "PAL SOLAR": null, "PIU": null, "GEOMETRY": "POINT (2.160791166530652 41.40794375283994)", "Type": "Bus Stop", "Evaluation": "No PID" }, "geometry": { "type": "Point", "coordinates": [ 2.160791166530652, 41.407943752839941 ] } },
{ "type": "Feature", "properties": { "CODI_PARADA": 789, "NOM_PARADA": "Pg de l'Exposició - Santa Madrona", "MARQUESINA": 1.0, "PAL": null, "PAL SOLAR": null, "PIU": null, "GEOMETRY": "POINT (2.1585905981660525 41.370518163739064)", "Type": "Bus Stop", "Evaluation": "No PID" }, "geometry": { "type": "Point", "coordinates": [ 2.158590598166052, 41.370518163739064 ] } },
{ "type": "Feature", "properties": { "CODI_PARADA": 791, "NOM_PARADA": "Ctra C-17 - Pl Espanya", "MARQUESINA": 1.0, "PAL": null, "PAL SOLAR": null, "PIU": null, "GEOMETRY": "POINT (2.184058614558646 41.49073686853625)", "Type": "Bus Stop", "Evaluation": "No PID" }, "geometry": { "type": "Point", "coordinates": [ 2.184058614558646, 41.490736868536253 ] } },
{ "type": "Feature", "properties": { "CODI_PARADA": 795, "NOM_PARADA": "Gran Via - Llacuna", "MARQUESINA": 1.0, "PAL": null, "PAL SOLAR": null, "PIU": null, "GEOMETRY": "POINT (2.190894864514411 41.40615434361912)", "Type": "Bus Stop", "Evaluation": "No PID" }, "geometry": { "type": "Point", "coordinates": [ 2.190894864514411, 41.406154343619122 ] } },
{ "type": "Feature", "properties": { "CODI_PARADA": 797, "NOM_PARADA": "Costa Pacheco - Font del Roure", "MARQUESINA": 1.0, "PAL": null, "PAL SOLAR": null, "PIU": null, "GEOMETRY": "POINT (2.1296337217622776 41.42840579243751)", "Type": "Bus Stop", "Evaluation": "No PID" }, "geometry": { "type": "Point", "coordinates": [ 2.129633721762278, 41.428405792437509 ] } },
{ "type": "Feature", "properties": { "CODI_PARADA": 800, "NOM_PARADA": "Natzaret - Cànoves", "MARQUESINA": null, "PAL": 1.0, "PAL SOLAR": null, "PIU": null, "GEOMETRY": "POINT (2.135450924351169 41.427012968026354)", "Type": "Bus Stop", "Evaluation": "No PID" }, "geometry": { "type": "Point", "coordinates": [ 2.135450924351169, 41.427012968026354 ] } },
{ "type": "Feature", "properties": { "CODI_PARADA": 803, "NOM_PARADA": "Pg Verdum - Pl Jardins d'Alfàbia - Llucmajor", "MARQUESINA": 1.0, "PAL": null, "PAL SOLAR": null, "PIU": 1.0, "GEOMETRY": "POINT (2.173483649158115 41.43694121124807)", "Type": "Bus Stop", "Evaluation": "Has PID" }, "geometry": { "type": "Point", "coordinates": [ 2.173483649158115, 41.436941211248069 ] } },
{ "type": "Feature", "properties": { "CODI_PARADA": 804, "NOM_PARADA": "Via Júlia - Font de Canyelles", "MARQUESINA": 1.0, "PAL": null, "PAL SOLAR": null, "PIU": 1.0, "GEOMETRY": "POINT (2.176252522076879 41.44042067369489)", "Type": "Bus Stop", "Evaluation": "Has PID" }, "geometry": { "type": "Point", "coordinates": [ 2.176252522076879, 41.440420673694888 ] } },
{ "type": "Feature", "properties": { "CODI_PARADA": 805, "NOM_PARADA": "Pg Valldaura - Font de Canyelles", "MARQUESINA": 1.0, "PAL": null, "PAL SOLAR": null, "PIU": 1.0, "GEOMETRY": "POINT (2.1791620890563026 41.43903508659569)", "Type": "Bus Stop", "Evaluation": "Has PID" }, "geometry": { "type": "Point", "coordinates": [ 2.179162089056303, 41.439035086595688 ] } },
{ "type": "Feature", "properties": { "CODI_PARADA": 806, "NOM_PARADA": "Mercat de la Guineueta", "MARQUESINA": 1.0, "PAL": null, "PAL SOLAR": null, "PIU": 1.0, "GEOMETRY": "POINT (2.1700021658127313 41.438791355409855)", "Type": "Bus Stop", "Evaluation": "Has PID" }, "geometry": { "type": "Point", "coordinates": [ 2.170002165812731, 41.438791355409855 ] } },
{ "type": "Feature", "properties": { "CODI_PARADA": 807, "NOM_PARADA": "Pg Valldaura - Pg de Verdum", "MARQUESINA": 1.0, "PAL": null, "PAL SOLAR": null, "PIU": 1.0, "GEOMETRY": "POINT (2.1734947847393165 41.43843355569165)", "Type": "Bus Stop", "Evaluation": "Has PID" }, "geometry": { "type": "Point", "coordinates": [ 2.173494784739316, 41.438433555691653 ] } },
{ "type": "Feature", "properties": { "CODI_PARADA": 808, "NOM_PARADA": "Metro Via Júlia - Pl Francesc Layret", "MARQUESINA": 1.0, "PAL": null, "PAL SOLAR": null, "PIU": 1.0, "GEOMETRY": "POINT (2.177865711203276 41.44251653441927)", "Type": "Bus Stop", "Evaluation": "Has PID" }, "geometry": { "type": "Point", "coordinates": [ 2.177865711203276, 41.442516534419269 ] } },
{ "type": "Feature", "properties": { "CODI_PARADA": 810, "NOM_PARADA": "Via Júlia - Ptge Quintana", "MARQUESINA": null, "PAL": null, "PAL SOLAR": 1.0, "PIU": 1.0, "GEOMETRY": "POINT (2.178940882721541 41.44499991322286)", "Type": "Bus Stop", "Evaluation": "Has PID" }, "geometry": { "type": "Point", "coordinates": [ 2.178940882721541, 41.444999913222858 ] } },
{ "type": "Feature", "properties": { "CODI_PARADA": 813, "NOM_PARADA": "Via Favència - Almansa", "MARQUESINA": 1.0, "PAL": null, "PAL SOLAR": null, "PIU": 1.0, "GEOMETRY": "POINT (2.174626097453335 41.44488325318307)", "Type": "Bus Stop", "Evaluation": "Has PID" }, "geometry": { "type": "Point", "coordinates": [ 2.174626097453335, 41.444883253183072 ] } },
{ "type": "Feature", "properties": { "CODI_PARADA": 814, "NOM_PARADA": "Villarroel - Buenos Aires", "MARQUESINA": 1.0, "PAL": null, "PAL SOLAR": null, "PIU": 1.0, "GEOMETRY": "POINT (2.1475974799467834 41.392052858771315)", "Type": "Bus Stop", "Evaluation": "Has PID" }, "geometry": { "type": "Point", "coordinates": [ 2.147597479946783, 41.392052858771315 ] } },
{ "type": "Feature", "properties": { "CODI_PARADA": 817, "NOM_PARADA": "Via Favència - Biblioteca Les Roquetes", "MARQUESINA": 1.0, "PAL": null, "PAL SOLAR": null, "PIU": 1.0, "GEOMETRY": "POINT (2.177481715183419 41.44585323585694)", "Type": "Bus Stop", "Evaluation": "Has PID" }, "geometry": { "type": "Point", "coordinates": [ 2.177481715183419, 41.445853235856937 ] } },
{ "type": "Feature", "properties": { "CODI_PARADA": 818, "NOM_PARADA": "Pg Valldaura - Escultor Ordóñez", "MARQUESINA": 1.0, "PAL": null, "PAL SOLAR": null, "PIU": 1.0, "GEOMETRY": "POINT (2.179271280790736 41.438895340315554)", "Type": "Bus Stop", "Evaluation": "Has PID" }, "geometry": { "type": "Point", "coordinates": [ 2.179271280790736, 41.438895340315554 ] } },
{ "type": "Feature", "properties": { "CODI_PARADA": 819, "NOM_PARADA": "Pg Verdum - Pl de la República - Llucmajor", "MARQUESINA": 1.0, "PAL": null, "PAL SOLAR": null, "PIU": 1.0, "GEOMETRY": "POINT (2.174051478141843 41.43775644928861)", "Type": "Bus Stop", "Evaluation": "Has PID" }, "geometry": { "type": "Point", "coordinates": [ 2.174051478141843, 41.437756449288607 ] } },
{ "type": "Feature", "properties": { "CODI_PARADA": 820, "NOM_PARADA": "Metro Maragall", "MARQUESINA": 1.0, "PAL": null, "PAL SOLAR": null, "PIU": 1.0, "GEOMETRY": "POINT (2.1761245817725854 41.42451846445222)", "Type": "Bus Stop", "Evaluation": "Has PID" }, "geometry": { "type": "Point", "coordinates": [ 2.176124581772585, 41.42451846445222 ] } },
{ "type": "Feature", "properties": { "CODI_PARADA": 821, "NOM_PARADA": "Antoni Martín i Sánchez", "MARQUESINA": 1.0, "PAL": null, "PAL SOLAR": null, "PIU": 1.0, "GEOMETRY": "POINT (2.0849712856806404 41.316953608192875)", "Type": "Bus Stop", "Evaluation": "Has PID" }, "geometry": { "type": "Point", "coordinates": [ 2.08497128568064, 41.316953608192875 ] } },
{ "type": "Feature", "properties": { "CODI_PARADA": 822, "NOM_PARADA": "Diagonal - Av de Sarrià", "MARQUESINA": 1.0, "PAL": null, "PAL SOLAR": null, "PIU": 1.0, "GEOMETRY": "POINT (2.1403095934047873 41.3913324034722)", "Type": "Bus Stop", "Evaluation": "Has PID" }, "geometry": { "type": "Point", "coordinates": [ 2.140309593404787, 41.391332403472198 ] } },
{ "type": "Feature", "properties": { "CODI_PARADA": 823, "NOM_PARADA": "Av Mare de Déu de Montserrat - Periodistes", "MARQUESINA": 1.0, "PAL": null, "PAL SOLAR": null, "PIU": 1.0, "GEOMETRY": "POINT (2.174120065477978 41.421681505300846)", "Type": "Bus Stop", "Evaluation": "Has PID" }, "geometry": { "type": "Point", "coordinates": [ 2.174120065477978, 41.421681505300846 ] } },
{ "type": "Feature", "properties": { "CODI_PARADA": 824, "NOM_PARADA": "Alt de Pedrell - Aguilar", "MARQUESINA": null, "PAL": 1.0, "PAL SOLAR": null, "PIU": null, "GEOMETRY": "POINT (2.1687766304926224 41.42564461163663)", "Type": "Bus Stop", "Evaluation": "No PID" }, "geometry": { "type": "Point", "coordinates": [ 2.168776630492622, 41.425644611636628 ] } },
{ "type": "Feature", "properties": { "CODI_PARADA": 825, "NOM_PARADA": "Alt de Pedrell - Palautordera", "MARQUESINA": null, "PAL": 1.0, "PAL SOLAR": null, "PIU": null, "GEOMETRY": "POINT (2.169577633082968 41.42601212708817)", "Type": "Bus Stop", "Evaluation": "No PID" }, "geometry": { "type": "Point", "coordinates": [ 2.169577633082968, 41.426012127088171 ] } },
{ "type": "Feature", "properties": { "CODI_PARADA": 826, "NOM_PARADA": "Arc de Sant Martí - Camil Oliveras", "MARQUESINA": null, "PAL": 1.0, "PAL SOLAR": null, "PIU": null, "GEOMETRY": "POINT (2.17180052354985 41.423723911794816)", "Type": "Bus Stop", "Evaluation": "No PID" }, "geometry": { "type": "Point", "coordinates": [ 2.17180052354985, 41.423723911794816 ] } },
{ "type": "Feature", "properties": { "CODI_PARADA": 827, "NOM_PARADA": "Llull - Bilbao", "MARQUESINA": 1.0, "PAL": null, "PAL SOLAR": null, "PIU": 1.0, "GEOMETRY": "POINT (2.2034311703421987 41.40189068325748)", "Type": "Bus Stop", "Evaluation": "Has PID" }, "geometry": { "type": "Point", "coordinates": [ 2.203431170342199, 41.401890683257477 ] } },
{ "type": "Feature", "properties": { "CODI_PARADA": 828, "NOM_PARADA": "Guipúscoa - Bilbao", "MARQUESINA": 1.0, "PAL": null, "PAL SOLAR": null, "PIU": null, "GEOMETRY": "POINT (2.1920442745471655 41.41235148518829)", "Type": "Bus Stop", "Evaluation": "No PID" }, "geometry": { "type": "Point", "coordinates": [ 2.192044274547166, 41.412351485188289 ] } },
{ "type": "Feature", "properties": { "CODI_PARADA": 830, "NOM_PARADA": "Llull - Ciutat de Granada", "MARQUESINA": 1.0, "PAL": null, "PAL SOLAR": null, "PIU": null, "GEOMETRY": "POINT (2.1989134711397136 41.39848462572281)", "Type": "Bus Stop", "Evaluation": "No PID" }, "geometry": { "type": "Point", "coordinates": [ 2.198913471139714, 41.398484625722809 ] } },
{ "type": "Feature", "properties": { "CODI_PARADA": 831, "NOM_PARADA": "Collblanc - Rosich", "MARQUESINA": null, "PAL": 1.0, "PAL SOLAR": null, "PIU": null, "GEOMETRY": "POINT (2.1146484044843255 41.37576026467224)", "Type": "Bus Stop", "Evaluation": "No PID" }, "geometry": { "type": "Point", "coordinates": [ 2.114648404484325, 41.375760264672238 ] } },
{ "type": "Feature", "properties": { "CODI_PARADA": 835, "NOM_PARADA": "Pujades - Àlaba", "MARQUESINA": 1.0, "PAL": null, "PAL SOLAR": null, "PIU": null, "GEOMETRY": "POINT (2.193287377328495 41.396149550684775)", "Type": "Bus Stop", "Evaluation": "No PID" }, "geometry": { "type": "Point", "coordinates": [ 2.193287377328495, 41.396149550684775 ] } },
{ "type": "Feature", "properties": { "CODI_PARADA": 838, "NOM_PARADA": "Llorenç Serra", "MARQUESINA": 1.0, "PAL": null, "PAL SOLAR": null, "PIU": null, "GEOMETRY": "POINT (2.205177870499014 41.4504582732286)", "Type": "Bus Stop", "Evaluation": "No PID" }, "geometry": { "type": "Point", "coordinates": [ 2.205177870499014, 41.450458273228598 ] } },
{ "type": "Feature", "properties": { "CODI_PARADA": 839, "NOM_PARADA": "Bruc - Provença", "MARQUESINA": 1.0, "PAL": null, "PAL SOLAR": null, "PIU": null, "GEOMETRY": "POINT (2.1656259972293093 41.39718945573578)", "Type": "Bus Stop", "Evaluation": "No PID" }, "geometry": { "type": "Point", "coordinates": [ 2.165625997229309, 41.397189455735777 ] } },
{ "type": "Feature", "properties": { "CODI_PARADA": 841, "NOM_PARADA": "Llúria - Mallorca", "MARQUESINA": 1.0, "PAL": null, "PAL SOLAR": null, "PIU": 1.0, "GEOMETRY": "POINT (2.165706238617575 41.39557567564333)", "Type": "Bus Stop", "Evaluation": "Has PID" }, "geometry": { "type": "Point", "coordinates": [ 2.165706238617575, 41.395575675643329 ] } },
{ "type": "Feature", "properties": { "CODI_PARADA": 842, "NOM_PARADA": "Aribau - Mallorca", "MARQUESINA": 1.0, "PAL": null, "PAL SOLAR": null, "PIU": 1.0, "GEOMETRY": "POINT (2.1577096631610084 41.38968671052158)", "Type": "Bus Stop", "Evaluation": "Has PID" }, "geometry": { "type": "Point", "coordinates": [ 2.157709663161008, 41.38968671052158 ] } },
{ "type": "Feature", "properties": { "CODI_PARADA": 843, "NOM_PARADA": "Mercabarna", "MARQUESINA": 1.0, "PAL": null, "PAL SOLAR": null, "PIU": null, "GEOMETRY": "POINT (2.11554491168406 41.33117378010475)", "Type": "Bus Stop", "Evaluation": "No PID" }, "geometry": { "type": "Point", "coordinates": [ 2.11554491168406, 41.331173780104749 ] } },
{ "type": "Feature", "properties": { "CODI_PARADA": 844, "NOM_PARADA": "Carrer número 6 - Carrer F", "MARQUESINA": 1.0, "PAL": null, "PAL SOLAR": null, "PIU": null, "GEOMETRY": "POINT (2.1181234300075773 41.32499066791248)", "Type": "Bus Stop", "Evaluation": "No PID" }, "geometry": { "type": "Point", "coordinates": [ 2.118123430007577, 41.324990667912481 ] } },
{ "type": "Feature", "properties": { "CODI_PARADA": 845, "NOM_PARADA": "Pg Mare de Déu del Coll - Ramon Rocafull", "MARQUESINA": null, "PAL": 1.0, "PAL SOLAR": null, "PIU": null, "GEOMETRY": "POINT (2.152114566170389 41.4248357306721)", "Type": "Bus Stop", "Evaluation": "No PID" }, "geometry": { "type": "Point", "coordinates": [ 2.152114566170389, 41.4248357306721 ] } },
{ "type": "Feature", "properties": { "CODI_PARADA": 847, "NOM_PARADA": "Vallcarca", "MARQUESINA": 1.0, "PAL": null, "PAL SOLAR": null, "PIU": null, "GEOMETRY": "POINT (2.144370952992232 41.4130260848498)", "Type": "Bus Stop", "Evaluation": "No PID" }, "geometry": { "type": "Point", "coordinates": [ 2.144370952992232, 41.413026084849797 ] } },
{ "type": "Feature", "properties": { "CODI_PARADA": 848, "NOM_PARADA": "Pg Mare de Déu del Coll - Cartago", "MARQUESINA": null, "PAL": 1.0, "PAL SOLAR": null, "PIU": null, "GEOMETRY": "POINT (2.1463799730221784 41.41542942698555)", "Type": "Bus Stop", "Evaluation": "No PID" }, "geometry": { "type": "Point", "coordinates": [ 2.146379973022178, 41.415429426985547 ] } },
{ "type": "Feature", "properties": { "CODI_PARADA": 849, "NOM_PARADA": "Pg Mare de Déu del Coll - Baixada de Sant Marià", "MARQUESINA": null, "PAL": 1.0, "PAL SOLAR": null, "PIU": null, "GEOMETRY": "POINT (2.147738880851058 41.41783197830339)", "Type": "Bus Stop", "Evaluation": "No PID" }, "geometry": { "type": "Point", "coordinates": [ 2.147738880851058, 41.41783197830339 ] } },
{ "type": "Feature", "properties": { "CODI_PARADA": 852, "NOM_PARADA": "Pg Mare de Déu del Coll - Baixada Solanell", "MARQUESINA": null, "PAL": 1.0, "PAL SOLAR": null, "PIU": null, "GEOMETRY": "POINT (2.147552771561052 41.417603035862925)", "Type": "Bus Stop", "Evaluation": "No PID" }, "geometry": { "type": "Point", "coordinates": [ 2.147552771561052, 41.417603035862925 ] } },
{ "type": "Feature", "properties": { "CODI_PARADA": 853, "NOM_PARADA": "Pg Mare de Déu del Coll - Pl Flandes", "MARQUESINA": null, "PAL": null, "PAL SOLAR": 1.0, "PIU": 1.0, "GEOMETRY": "POINT (2.1459240224174927 41.41530613352088)", "Type": "Bus Stop", "Evaluation": "Has PID" }, "geometry": { "type": "Point", "coordinates": [ 2.145924022417493, 41.415306133520879 ] } },
{ "type": "Feature", "properties": { "CODI_PARADA": 854, "NOM_PARADA": "Riera Blanca - Onze de Setembre", "MARQUESINA": 1.0, "PAL": null, "PAL SOLAR": null, "PIU": null, "GEOMETRY": "POINT (2.1214548031798897 41.37732152305808)", "Type": "Bus Stop", "Evaluation": "No PID" }, "geometry": { "type": "Point", "coordinates": [ 2.12145480317989, 41.377321523058079 ] } },
{ "type": "Feature", "properties": { "CODI_PARADA": 855, "NOM_PARADA": "Vallespir - Jardí de Magalí", "MARQUESINA": 1.0, "PAL": null, "PAL SOLAR": null, "PIU": null, "GEOMETRY": "POINT (2.1339902210371666 41.38390670272718)", "Type": "Bus Stop", "Evaluation": "No PID" }, "geometry": { "type": "Point", "coordinates": [ 2.133990221037167, 41.383906702727181 ] } },
{ "type": "Feature", "properties": { "CODI_PARADA": 856, "NOM_PARADA": "Arizala - Av Madrid", "MARQUESINA": 1.0, "PAL": null, "PAL SOLAR": null, "PIU": null, "GEOMETRY": "POINT (2.12510413239777 41.37642368438985)", "Type": "Bus Stop", "Evaluation": "No PID" }, "geometry": { "type": "Point", "coordinates": [ 2.12510413239777, 41.376423684389849 ] } },
{ "type": "Feature", "properties": { "CODI_PARADA": 857, "NOM_PARADA": "Rambla del Brasil - Miquel Àngel", "MARQUESINA": 1.0, "PAL": null, "PAL SOLAR": null, "PIU": null, "GEOMETRY": "POINT (2.1300951797099783 41.37732536257221)", "Type": "Bus Stop", "Evaluation": "No PID" }, "geometry": { "type": "Point", "coordinates": [ 2.130095179709978, 41.377325362572208 ] } },
{ "type": "Feature", "properties": { "CODI_PARADA": 858, "NOM_PARADA": "Carles III - Av Madrid", "MARQUESINA": 1.0, "PAL": null, "PAL SOLAR": null, "PIU": 1.0, "GEOMETRY": "POINT (2.1287294997531423 41.37978779612371)", "Type": "Bus Stop", "Evaluation": "Has PID" }, "geometry": { "type": "Point", "coordinates": [ 2.128729499753142, 41.379787796123708 ] } },
{ "type": "Feature", "properties": { "CODI_PARADA": 859, "NOM_PARADA": "Sant Antoni Maria Claret - Rambla Volart", "MARQUESINA": 1.0, "PAL": null, "PAL SOLAR": null, "PIU": 1.0, "GEOMETRY": "POINT (2.1796682001466987 41.41526944447349)", "Type": "Bus Stop", "Evaluation": "Has PID" }, "geometry": { "type": "Point", "coordinates": [ 2.179668200146699, 41.415269444473488 ] } },
{ "type": "Feature", "properties": { "CODI_PARADA": 861, "NOM_PARADA": "Pl Maragall - Navas de Tolosa", "MARQUESINA": 1.0, "PAL": null, "PAL SOLAR": null, "PIU": null, "GEOMETRY": "POINT (2.181377161702771 41.41979369668932)", "Type": "Bus Stop", "Evaluation": "No PID" }, "geometry": { "type": "Point", "coordinates": [ 2.181377161702771, 41.419793696689318 ] } },
{ "type": "Feature", "properties": { "CODI_PARADA": 863, "NOM_PARADA": "Jaume Puigvert - José Millán González", "MARQUESINA": null, "PAL": 1.0, "PAL SOLAR": null, "PIU": null, "GEOMETRY": "POINT (2.1601300973838025 41.416118509876476)", "Type": "Bus Stop", "Evaluation": "No PID" }, "geometry": { "type": "Point", "coordinates": [ 2.160130097383802, 41.416118509876476 ] } },
{ "type": "Feature", "properties": { "CODI_PARADA": 866, "NOM_PARADA": "Capità Arenas - Pg Manuel Girona", "MARQUESINA": 1.0, "PAL": null, "PAL SOLAR": null, "PIU": null, "GEOMETRY": "POINT (2.1257765359903056 41.39083458148255)", "Type": "Bus Stop", "Evaluation": "No PID" }, "geometry": { "type": "Point", "coordinates": [ 2.125776535990306, 41.390834581482551 ] } },
{ "type": "Feature", "properties": { "CODI_PARADA": 867, "NOM_PARADA": "Pg Zona Franca - Mineria", "MARQUESINA": 1.0, "PAL": null, "PAL SOLAR": null, "PIU": 1.0, "GEOMETRY": "POINT (2.137640325009272 41.36230315707798)", "Type": "Bus Stop", "Evaluation": "Has PID" }, "geometry": { "type": "Point", "coordinates": [ 2.137640325009272, 41.362303157077982 ] } },
{ "type": "Feature", "properties": { "CODI_PARADA": 868, "NOM_PARADA": "La Campana", "MARQUESINA": 1.0, "PAL": null, "PAL SOLAR": null, "PIU": 1.0, "GEOMETRY": "POINT (2.139984345480464 41.36802475569753)", "Type": "Bus Stop", "Evaluation": "Has PID" }, "geometry": { "type": "Point", "coordinates": [ 2.139984345480464, 41.368024755697533 ] } },
{ "type": "Feature", "properties": { "CODI_PARADA": 871, "NOM_PARADA": "Mallorca - Meridiana", "MARQUESINA": 1.0, "PAL": null, "PAL SOLAR": null, "PIU": 1.0, "GEOMETRY": "POINT (2.1873594261297606 41.412523677539426)", "Type": "Bus Stop", "Evaluation": "Has PID" }, "geometry": { "type": "Point", "coordinates": [ 2.187359426129761, 41.412523677539426 ] } },
{ "type": "Feature", "properties": { "CODI_PARADA": 872, "NOM_PARADA": "Estació d'Autobusos Fabra i Puig", "MARQUESINA": null, "PAL": 1.0, "PAL SOLAR": null, "PIU": null, "GEOMETRY": "POINT (2.1832005202877443 41.43167532892575)", "Type": "Bus Stop", "Evaluation": "No PID" }, "geometry": { "type": "Point", "coordinates": [ 2.183200520287744, 41.431675328925749 ] } },
{ "type": "Feature", "properties": { "CODI_PARADA": 873, "NOM_PARADA": "Fabra i Puig - Gran de Sant Andreu", "MARQUESINA": null, "PAL": null, "PAL SOLAR": 1.0, "PIU": 1.0, "GEOMETRY": "POINT (2.1891562298487623 41.43020228727164)", "Type": "Bus Stop", "Evaluation": "Has PID" }, "geometry": { "type": "Point", "coordinates": [ 2.189156229848762, 41.430202287271641 ] } },
{ "type": "Feature", "properties": { "CODI_PARADA": 874, "NOM_PARADA": "Fabra i Puig - Llenguadoc", "MARQUESINA": null, "PAL": null, "PAL SOLAR": 1.0, "PIU": 1.0, "GEOMETRY": "POINT (2.185482919536469 41.43025077103497)", "Type": "Bus Stop", "Evaluation": "Has PID" }, "geometry": { "type": "Point", "coordinates": [ 2.185482919536469, 41.43025077103497 ] } },
{ "type": "Feature", "properties": { "CODI_PARADA": 875, "NOM_PARADA": "Escòcia", "MARQUESINA": 1.0, "PAL": null, "PAL SOLAR": null, "PIU": null, "GEOMETRY": "POINT (2.179436205739791 41.42861903351313)", "Type": "Bus Stop", "Evaluation": "No PID" }, "geometry": { "type": "Point", "coordinates": [ 2.179436205739791, 41.428619033513129 ] } },
{ "type": "Feature", "properties": { "CODI_PARADA": 877, "NOM_PARADA": "Ctra de Ribes - Meridiana", "MARQUESINA": null, "PAL": 1.0, "PAL SOLAR": null, "PIU": null, "GEOMETRY": "POINT (2.189744180440158 41.44945857939587)", "Type": "Bus Stop", "Evaluation": "No PID" }, "geometry": { "type": "Point", "coordinates": [ 2.189744180440158, 41.449458579395873 ] } },
{ "type": "Feature", "properties": { "CODI_PARADA": 878, "NOM_PARADA": "Av Rasos de Peguera - Meridiana", "MARQUESINA": null, "PAL": 1.0, "PAL SOLAR": null, "PIU": null, "GEOMETRY": "POINT (2.179674359346991 41.46214781635826)", "Type": "Bus Stop", "Evaluation": "No PID" }, "geometry": { "type": "Point", "coordinates": [ 2.179674359346991, 41.462147816358261 ] } },
{ "type": "Feature", "properties": { "CODI_PARADA": 879, "NOM_PARADA": "Ctra C-17 Estació de Torre Baró", "MARQUESINA": 1.0, "PAL": null, "PAL SOLAR": null, "PIU": null, "GEOMETRY": "POINT (2.1814452479018662 41.460725656766314)", "Type": "Bus Stop", "Evaluation": "No PID" }, "geometry": { "type": "Point", "coordinates": [ 2.181445247901866, 41.460725656766314 ] } },
{ "type": "Feature", "properties": { "CODI_PARADA": 880, "NOM_PARADA": "Felip II - Palència", "MARQUESINA": 1.0, "PAL": null, "PAL SOLAR": null, "PIU": 1.0, "GEOMETRY": "POINT (2.1896874715974297 41.41841308469054)", "Type": "Bus Stop", "Evaluation": "Has PID" }, "geometry": { "type": "Point", "coordinates": [ 2.18968747159743, 41.418413084690542 ] } },
{ "type": "Feature", "properties": { "CODI_PARADA": 882, "NOM_PARADA": "Consell de Cent - Meridiana", "MARQUESINA": 1.0, "PAL": null, "PAL SOLAR": null, "PIU": null, "GEOMETRY": "POINT (2.186509646378713 41.40659506487991)", "Type": "Bus Stop", "Evaluation": "No PID" }, "geometry": { "type": "Point", "coordinates": [ 2.186509646378713, 41.406595064879909 ] } },
{ "type": "Feature", "properties": { "CODI_PARADA": 883, "NOM_PARADA": "Meridiana - Pl de Mossèn Clapés", "MARQUESINA": 1.0, "PAL": null, "PAL SOLAR": null, "PIU": null, "GEOMETRY": "POINT (2.1864383134191256 41.44233671589201)", "Type": "Bus Stop", "Evaluation": "No PID" }, "geometry": { "type": "Point", "coordinates": [ 2.186438313419126, 41.442336715892012 ] } },
{ "type": "Feature", "properties": { "CODI_PARADA": 884, "NOM_PARADA": "Av Sivatte - Ctra C-17", "MARQUESINA": null, "PAL": 1.0, "PAL SOLAR": null, "PIU": null, "GEOMETRY": "POINT (2.1807842535853714 41.46387381885971)", "Type": "Bus Stop", "Evaluation": "No PID" }, "geometry": { "type": "Point", "coordinates": [ 2.180784253585371, 41.46387381885971 ] } },
{ "type": "Feature", "properties": { "CODI_PARADA": 885, "NOM_PARADA": "Meridiana - Garbí", "MARQUESINA": 1.0, "PAL": null, "PAL SOLAR": null, "PIU": null, "GEOMETRY": "POINT (2.1887379272006005 41.452107513253516)", "Type": "Bus Stop", "Evaluation": "No PID" }, "geometry": { "type": "Point", "coordinates": [ 2.1887379272006, 41.452107513253516 ] } },
{ "type": "Feature", "properties": { "CODI_PARADA": 887, "NOM_PARADA": "Metro Maresme - Fòrum", "MARQUESINA": 1.0, "PAL": null, "PAL SOLAR": null, "PIU": 1.0, "GEOMETRY": "POINT (2.2166848706176734 41.412180763354996)", "Type": "Bus Stop", "Evaluation": "Has PID" }, "geometry": { "type": "Point", "coordinates": [ 2.216684870617673, 41.412180763354996 ] } },
{ "type": "Feature", "properties": { "CODI_PARADA": 888, "NOM_PARADA": "Gran Via - Maresme", "MARQUESINA": 1.0, "PAL": null, "PAL SOLAR": null, "PIU": null, "GEOMETRY": "POINT (2.2061846204210602 41.417631160905444)", "Type": "Bus Stop", "Evaluation": "No PID" }, "geometry": { "type": "Point", "coordinates": [ 2.20618462042106, 41.417631160905444 ] } },
{ "type": "Feature", "properties": { "CODI_PARADA": 889, "NOM_PARADA": "Gran Via - Maresme", "MARQUESINA": 1.0, "PAL": null, "PAL SOLAR": null, "PIU": 1.0, "GEOMETRY": "POINT (2.2069657000101857 41.418658448071874)", "Type": "Bus Stop", "Evaluation": "Has PID" }, "geometry": { "type": "Point", "coordinates": [ 2.206965700010186, 41.418658448071874 ] } },
{ "type": "Feature", "properties": { "CODI_PARADA": 893, "NOM_PARADA": "Av de la Fama - Tirso de Molina", "MARQUESINA": 1.0, "PAL": null, "PAL SOLAR": null, "PIU": null, "GEOMETRY": "POINT (2.0832402814131465 41.35040249135262)", "Type": "Bus Stop", "Evaluation": "No PID" }, "geometry": { "type": "Point", "coordinates": [ 2.083240281413147, 41.350402491352618 ] } },
{ "type": "Feature", "properties": { "CODI_PARADA": 894, "NOM_PARADA": "Pl Can Baró", "MARQUESINA": null, "PAL": 1.0, "PAL SOLAR": null, "PIU": null, "GEOMETRY": "POINT (2.1622881023847333 41.41619540045985)", "Type": "Bus Stop", "Evaluation": "No PID" }, "geometry": { "type": "Point", "coordinates": [ 2.162288102384733, 41.416195400459848 ] } },
{ "type": "Feature", "properties": { "CODI_PARADA": 895, "NOM_PARADA": "La Campana", "MARQUESINA": 1.0, "PAL": null, "PAL SOLAR": null, "PIU": 1.0, "GEOMETRY": "POINT (2.1400169835830045 41.368295655555336)", "Type": "Bus Stop", "Evaluation": "Has PID" }, "geometry": { "type": "Point", "coordinates": [ 2.140016983583005, 41.368295655555336 ] } },
{ "type": "Feature", "properties": { "CODI_PARADA": 897, "NOM_PARADA": "Pl Sanllehy", "MARQUESINA": 1.0, "PAL": null, "PAL SOLAR": null, "PIU": 1.0, "GEOMETRY": "POINT (2.1608142070877645 41.413941290998)", "Type": "Bus Stop", "Evaluation": "Has PID" }, "geometry": { "type": "Point", "coordinates": [ 2.160814207087765, 41.413941290997997 ] } },
{ "type": "Feature", "properties": { "CODI_PARADA": 898, "NOM_PARADA": "Pl Catalana - Amílcar", "MARQUESINA": 1.0, "PAL": null, "PAL SOLAR": null, "PIU": null, "GEOMETRY": "POINT (2.1729093713050727 41.42122246480785)", "Type": "Bus Stop", "Evaluation": "No PID" }, "geometry": { "type": "Point", "coordinates": [ 2.172909371305073, 41.421222464807848 ] } },
{ "type": "Feature", "properties": { "CODI_PARADA": 899, "NOM_PARADA": "La Verneda - Polígon Montsolís", "MARQUESINA": 1.0, "PAL": null, "PAL SOLAR": null, "PIU": null, "GEOMETRY": "POINT (2.2110729909063256 41.42682985801737)", "Type": "Bus Stop", "Evaluation": "No PID" }, "geometry": { "type": "Point", "coordinates": [ 2.211072990906326, 41.426829858017371 ] } },
{ "type": "Feature", "properties": { "CODI_PARADA": 902, "NOM_PARADA": "Rubió i Ors - Pl Quatre Camins", "MARQUESINA": null, "PAL": null, "PAL SOLAR": 1.0, "PIU": 1.0, "GEOMETRY": "POINT (2.066788215361436 41.35552339597256)", "Type": "Bus Stop", "Evaluation": "Has PID" }, "geometry": { "type": "Point", "coordinates": [ 2.066788215361436, 41.355523395972561 ] } },
{ "type": "Feature", "properties": { "CODI_PARADA": 903, "NOM_PARADA": "Rubió i Ors - Camí Vell de Sant Boi", "MARQUESINA": 1.0, "PAL": null, "PAL SOLAR": null, "PIU": null, "GEOMETRY": "POINT (2.0693072093993625 41.353116860858556)", "Type": "Bus Stop", "Evaluation": "No PID" }, "geometry": { "type": "Point", "coordinates": [ 2.069307209399363, 41.353116860858556 ] } },
{ "type": "Feature", "properties": { "CODI_PARADA": 904, "NOM_PARADA": "Poliesportiu Francesc Calvet", "MARQUESINA": 1.0, "PAL": null, "PAL SOLAR": null, "PIU": null, "GEOMETRY": "POINT (2.064253763239342 41.3678715606207)", "Type": "Bus Stop", "Evaluation": "No PID" }, "geometry": { "type": "Point", "coordinates": [ 2.064253763239342, 41.367871560620699 ] } },
{ "type": "Feature", "properties": { "CODI_PARADA": 905, "NOM_PARADA": "Can Rigal", "MARQUESINA": 1.0, "PAL": null, "PAL SOLAR": null, "PIU": null, "GEOMETRY": "POINT (2.1057776624956492 41.37621028936242)", "Type": "Bus Stop", "Evaluation": "No PID" }, "geometry": { "type": "Point", "coordinates": [ 2.105777662495649, 41.376210289362419 ] } },
{ "type": "Feature", "properties": { "CODI_PARADA": 906, "NOM_PARADA": "Ctra de Collblanc - Av Tomás Giménez", "MARQUESINA": 1.0, "PAL": null, "PAL SOLAR": null, "PIU": null, "GEOMETRY": "POINT (2.103439830530558 41.376147474657984)", "Type": "Bus Stop", "Evaluation": "No PID" }, "geometry": { "type": "Point", "coordinates": [ 2.103439830530558, 41.376147474657984 ] } },
{ "type": "Feature", "properties": { "CODI_PARADA": 907, "NOM_PARADA": "Gran Via - Moianès", "MARQUESINA": 1.0, "PAL": null, "PAL SOLAR": null, "PIU": 1.0, "GEOMETRY": "POINT (2.1426170831367672 41.37023193516887)", "Type": "Bus Stop", "Evaluation": "Has PID" }, "geometry": { "type": "Point", "coordinates": [ 2.142617083136767, 41.370231935168867 ] } },
{ "type": "Feature", "properties": { "CODI_PARADA": 908, "NOM_PARADA": "Ctra de la Bordeta - Àliga", "MARQUESINA": null, "PAL": 1.0, "PAL SOLAR": null, "PIU": null, "GEOMETRY": "POINT (2.143916232357036 41.37318454305769)", "Type": "Bus Stop", "Evaluation": "No PID" }, "geometry": { "type": "Point", "coordinates": [ 2.143916232357036, 41.37318454305769 ] } },
{ "type": "Feature", "properties": { "CODI_PARADA": 909, "NOM_PARADA": "Gavà - Ptge Solsona", "MARQUESINA": null, "PAL": 1.0, "PAL SOLAR": null, "PIU": null, "GEOMETRY": "POINT (2.1399941369904623 41.371128886612446)", "Type": "Bus Stop", "Evaluation": "No PID" }, "geometry": { "type": "Point", "coordinates": [ 2.139994136990462, 41.371128886612446 ] } },
{ "type": "Feature", "properties": { "CODI_PARADA": 910, "NOM_PARADA": "Providència - Alzina", "MARQUESINA": null, "PAL": 1.0, "PAL SOLAR": null, "PIU": null, "GEOMETRY": "POINT (2.1566130015218015 41.40645489508523)", "Type": "Bus Stop", "Evaluation": "No PID" }, "geometry": { "type": "Point", "coordinates": [ 2.156613001521801, 41.406454895085233 ] } },
{ "type": "Feature", "properties": { "CODI_PARADA": 911, "NOM_PARADA": "Biada - Torrent de l'Olla", "MARQUESINA": null, "PAL": 1.0, "PAL SOLAR": null, "PIU": null, "GEOMETRY": "POINT (2.1543170237816716 41.40493738941653)", "Type": "Bus Stop", "Evaluation": "No PID" }, "geometry": { "type": "Point", "coordinates": [ 2.154317023781672, 41.404937389416531 ] } },
{ "type": "Feature", "properties": { "CODI_PARADA": 913, "NOM_PARADA": "Indústria - Lepant", "MARQUESINA": 1.0, "PAL": null, "PAL SOLAR": null, "PIU": 1.0, "GEOMETRY": "POINT (2.1727209006169366 41.408208312317676)", "Type": "Bus Stop", "Evaluation": "Has PID" }, "geometry": { "type": "Point", "coordinates": [ 2.172720900616937, 41.408208312317676 ] } },
{ "type": "Feature", "properties": { "CODI_PARADA": 914, "NOM_PARADA": "Gran Via - Marina", "MARQUESINA": 1.0, "PAL": null, "PAL SOLAR": null, "PIU": 1.0, "GEOMETRY": "POINT (2.1806494981966176 41.39861051770448)", "Type": "Bus Stop", "Evaluation": "Has PID" }, "geometry": { "type": "Point", "coordinates": [ 2.180649498196618, 41.398610517704483 ] } },
{ "type": "Feature", "properties": { "CODI_PARADA": 915, "NOM_PARADA": "Vila Olímpica", "MARQUESINA": 1.0, "PAL": null, "PAL SOLAR": null, "PIU": 1.0, "GEOMETRY": "POINT (2.193668477445486 41.38844474811542)", "Type": "Bus Stop", "Evaluation": "Has PID" }, "geometry": { "type": "Point", "coordinates": [ 2.193668477445486, 41.388444748115418 ] } },
{ "type": "Feature", "properties": { "CODI_PARADA": 916, "NOM_PARADA": "Hospital Oncològic", "MARQUESINA": null, "PAL": null, "PAL SOLAR": 1.0, "PIU": 1.0, "GEOMETRY": "POINT (2.1107280220093436 41.34582555685551)", "Type": "Bus Stop", "Evaluation": "Has PID" }, "geometry": { "type": "Point", "coordinates": [ 2.110728022009344, 41.345825556855509 ] } },
{ "type": "Feature", "properties": { "CODI_PARADA": 917, "NOM_PARADA": "Av Granvia - Hospital de Bellvitge", "MARQUESINA": 1.0, "PAL": null, "PAL SOLAR": null, "PIU": null, "GEOMETRY": "POINT (2.1065450629217417 41.34262742740433)", "Type": "Bus Stop", "Evaluation": "No PID" }, "geometry": { "type": "Point", "coordinates": [ 2.106545062921742, 41.342627427404331 ] } },
{ "type": "Feature", "properties": { "CODI_PARADA": 921, "NOM_PARADA": "Pl de Sarrià", "MARQUESINA": 1.0, "PAL": null, "PAL SOLAR": null, "PIU": 1.0, "GEOMETRY": "POINT (2.1213787549575125 41.399878948487874)", "Type": "Bus Stop", "Evaluation": "Has PID" }, "geometry": { "type": "Point", "coordinates": [ 2.121378754957512, 41.399878948487874 ] } },
{ "type": "Feature", "properties": { "CODI_PARADA": 922, "NOM_PARADA": "Ronda de Dalt - Ràfols", "MARQUESINA": null, "PAL": 1.0, "PAL SOLAR": null, "PIU": null, "GEOMETRY": "POINT (2.1148357735413783 41.401583462260426)", "Type": "Bus Stop", "Evaluation": "No PID" }, "geometry": { "type": "Point", "coordinates": [ 2.114835773541378, 41.401583462260426 ] } },
{ "type": "Feature", "properties": { "CODI_PARADA": 923, "NOM_PARADA": "Les Corts - Mejía Lequerica", "MARQUESINA": 1.0, "PAL": null, "PAL SOLAR": null, "PIU": 1.0, "GEOMETRY": "POINT (2.1272545555119047 41.381910720577935)", "Type": "Bus Stop", "Evaluation": "Has PID" }, "geometry": { "type": "Point", "coordinates": [ 2.127254555511905, 41.381910720577935 ] } },
{ "type": "Feature", "properties": { "CODI_PARADA": 925, "NOM_PARADA": "Mini Estadi - Palau Blaugrana", "MARQUESINA": 1.0, "PAL": null, "PAL SOLAR": null, "PIU": null, "GEOMETRY": "POINT (2.1192270752481304 41.38083443559846)", "Type": "Bus Stop", "Evaluation": "No PID" }, "geometry": { "type": "Point", "coordinates": [ 2.11922707524813, 41.380834435598459 ] } },
{ "type": "Feature", "properties": { "CODI_PARADA": 927, "NOM_PARADA": "Gran Via - Muntaner", "MARQUESINA": 1.0, "PAL": null, "PAL SOLAR": null, "PIU": 1.0, "GEOMETRY": "POINT (2.1616854037895803 41.38437748401132)", "Type": "Bus Stop", "Evaluation": "Has PID" }, "geometry": { "type": "Point", "coordinates": [ 2.16168540378958, 41.384377484011317 ] } },
{ "type": "Feature", "properties": { "CODI_PARADA": 928, "NOM_PARADA": "Diagonal - Muntaner", "MARQUESINA": 1.0, "PAL": null, "PAL SOLAR": null, "PIU": 1.0, "GEOMETRY": "POINT (2.150402988714372 41.39430186447656)", "Type": "Bus Stop", "Evaluation": "Has PID" }, "geometry": { "type": "Point", "coordinates": [ 2.150402988714372, 41.39430186447656 ] } },
{ "type": "Feature", "properties": { "CODI_PARADA": 929, "NOM_PARADA": "Diagonal - Muntaner", "MARQUESINA": 1.0, "PAL": null, "PAL SOLAR": null, "PIU": 1.0, "GEOMETRY": "POINT (2.1505202815588036 41.394170815072286)", "Type": "Bus Stop", "Evaluation": "Has PID" }, "geometry": { "type": "Point", "coordinates": [ 2.150520281558804, 41.394170815072286 ] } },
{ "type": "Feature", "properties": { "CODI_PARADA": 930, "NOM_PARADA": "Còrsega - Aribau", "MARQUESINA": 1.0, "PAL": null, "PAL SOLAR": null, "PIU": null, "GEOMETRY": "POINT (2.1534728267034597 41.39217708811758)", "Type": "Bus Stop", "Evaluation": "No PID" }, "geometry": { "type": "Point", "coordinates": [ 2.15347282670346, 41.392177088117577 ] } },
{ "type": "Feature", "properties": { "CODI_PARADA": 931, "NOM_PARADA": "Via Augusta - Muntaner", "MARQUESINA": 1.0, "PAL": null, "PAL SOLAR": null, "PIU": 1.0, "GEOMETRY": "POINT (2.1435390684030606 41.399182700180326)", "Type": "Bus Stop", "Evaluation": "Has PID" }, "geometry": { "type": "Point", "coordinates": [ 2.143539068403061, 41.399182700180326 ] } },
{ "type": "Feature", "properties": { "CODI_PARADA": 932, "NOM_PARADA": "Trav de Gràcia - Muntaner", "MARQUESINA": null, "PAL": null, "PAL SOLAR": 1.0, "PIU": 1.0, "GEOMETRY": "POINT (2.1485039996210022 41.395343026894025)", "Type": "Bus Stop", "Evaluation": "Has PID" }, "geometry": { "type": "Point", "coordinates": [ 2.148503999621002, 41.395343026894025 ] } },
{ "type": "Feature", "properties": { "CODI_PARADA": 933, "NOM_PARADA": "Mitre - Balmes", "MARQUESINA": 1.0, "PAL": null, "PAL SOLAR": null, "PIU": 1.0, "GEOMETRY": "POINT (2.1410671270755195 41.40467734321709)", "Type": "Bus Stop", "Evaluation": "Has PID" }, "geometry": { "type": "Point", "coordinates": [ 2.141067127075519, 41.404677343217088 ] } },
{ "type": "Feature", "properties": { "CODI_PARADA": 934, "NOM_PARADA": "Mitre - Mandri", "MARQUESINA": 1.0, "PAL": null, "PAL SOLAR": null, "PIU": 1.0, "GEOMETRY": "POINT (2.1362809996426115 41.40113067514499)", "Type": "Bus Stop", "Evaluation": "Has PID" }, "geometry": { "type": "Point", "coordinates": [ 2.136280999642612, 41.401130675144991 ] } },
{ "type": "Feature", "properties": { "CODI_PARADA": 936, "NOM_PARADA": "Pg Sant Gervasi - Pl Bonanova", "MARQUESINA": 1.0, "PAL": null, "PAL SOLAR": null, "PIU": 1.0, "GEOMETRY": "POINT (2.1342492731838916 41.407863511741986)", "Type": "Bus Stop", "Evaluation": "Has PID" }, "geometry": { "type": "Point", "coordinates": [ 2.134249273183892, 41.407863511741986 ] } },
{ "type": "Feature", "properties": { "CODI_PARADA": 937, "NOM_PARADA": "Pg Sant Gervasi - Pl Kennedy", "MARQUESINA": 1.0, "PAL": null, "PAL SOLAR": null, "PIU": 1.0, "GEOMETRY": "POINT (2.135811357183706 41.410034823768946)", "Type": "Bus Stop", "Evaluation": "Has PID" }, "geometry": { "type": "Point", "coordinates": [ 2.135811357183706, 41.410034823768946 ] } },
{ "type": "Feature", "properties": { "CODI_PARADA": 938, "NOM_PARADA": "Provença - Aribau", "MARQUESINA": 1.0, "PAL": null, "PAL SOLAR": null, "PIU": null, "GEOMETRY": "POINT (2.1555087036861273 41.39030201239872)", "Type": "Bus Stop", "Evaluation": "No PID" }, "geometry": { "type": "Point", "coordinates": [ 2.155508703686127, 41.39030201239872 ] } },
{ "type": "Feature", "properties": { "CODI_PARADA": 940, "NOM_PARADA": "Mitre - Av Sarrià", "MARQUESINA": 1.0, "PAL": null, "PAL SOLAR": null, "PIU": 1.0, "GEOMETRY": "POINT (2.131147239815073 41.39302148697356)", "Type": "Bus Stop", "Evaluation": "Has PID" }, "geometry": { "type": "Point", "coordinates": [ 2.131147239815073, 41.393021486973559 ] } },
{ "type": "Feature", "properties": { "CODI_PARADA": 941, "NOM_PARADA": "Gran Via - Mandoni", "MARQUESINA": 1.0, "PAL": null, "PAL SOLAR": null, "PIU": 1.0, "GEOMETRY": "POINT (2.141953271863197 41.369504027643934)", "Type": "Bus Stop", "Evaluation": "Has PID" }, "geometry": { "type": "Point", "coordinates": [ 2.141953271863197, 41.369504027643934 ] } },
{ "type": "Feature", "properties": { "CODI_PARADA": 943, "NOM_PARADA": "Pl Espanya - Av Reina Maria Cristina", "MARQUESINA": 1.0, "PAL": null, "PAL SOLAR": null, "PIU": 1.0, "GEOMETRY": "POINT (2.1495700453119757 41.37412412482637)", "Type": "Bus Stop", "Evaluation": "Has PID" }, "geometry": { "type": "Point", "coordinates": [ 2.149570045311976, 41.374124124826373 ] } },
{ "type": "Feature", "properties": { "CODI_PARADA": 945, "NOM_PARADA": "Poble Espanyol", "MARQUESINA": 1.0, "PAL": null, "PAL SOLAR": null, "PIU": null, "GEOMETRY": "POINT (2.146999949605304 41.36942098897514)", "Type": "Bus Stop", "Evaluation": "No PID" }, "geometry": { "type": "Point", "coordinates": [ 2.146999949605304, 41.369420988975143 ] } },
{ "type": "Feature", "properties": { "CODI_PARADA": 946, "NOM_PARADA": "Berenguer de Palou - Pont del Treball Digne", "MARQUESINA": 1.0, "PAL": null, "PAL SOLAR": null, "PIU": 1.0, "GEOMETRY": "POINT (2.1917778725796353 41.42368823016745)", "Type": "Bus Stop", "Evaluation": "Has PID" }, "geometry": { "type": "Point", "coordinates": [ 2.191777872579635, 41.42368823016745 ] } },
{ "type": "Feature", "properties": { "CODI_PARADA": 947, "NOM_PARADA": "Berenguer de Palou - Pare Manyanet", "MARQUESINA": 1.0, "PAL": null, "PAL SOLAR": null, "PIU": null, "GEOMETRY": "POINT (2.1917107818936534 41.42701323140042)", "Type": "Bus Stop", "Evaluation": "No PID" }, "geometry": { "type": "Point", "coordinates": [ 2.191710781893653, 41.427013231400423 ] } },
{ "type": "Feature", "properties": { "CODI_PARADA": 949, "NOM_PARADA": "Indústria - Sardenya", "MARQUESINA": 1.0, "PAL": null, "PAL SOLAR": null, "PIU": 1.0, "GEOMETRY": "POINT (2.1702845214653137 41.406380642304306)", "Type": "Bus Stop", "Evaluation": "Has PID" }, "geometry": { "type": "Point", "coordinates": [ 2.170284521465314, 41.406380642304306 ] } },
{ "type": "Feature", "properties": { "CODI_PARADA": 954, "NOM_PARADA": "Pg Joan de Borbó - Pepe Rubianes", "MARQUESINA": 1.0, "PAL": null, "PAL SOLAR": null, "PIU": 1.0, "GEOMETRY": "POINT (2.1883622495722315 41.37764895040524)", "Type": "Bus Stop", "Evaluation": "Has PID" }, "geometry": { "type": "Point", "coordinates": [ 2.188362249572231, 41.377648950405238 ] } },
{ "type": "Feature", "properties": { "CODI_PARADA": 955, "NOM_PARADA": "Pg Joan de Borbó", "MARQUESINA": 1.0, "PAL": null, "PAL SOLAR": null, "PIU": 1.0, "GEOMETRY": "POINT (2.1874331904520514 41.37999541040556)", "Type": "Bus Stop", "Evaluation": "Has PID" }, "geometry": { "type": "Point", "coordinates": [ 2.187433190452051, 41.379995410405563 ] } },
{ "type": "Feature", "properties": { "CODI_PARADA": 956, "NOM_PARADA": "Pg Joan de Borbó", "MARQUESINA": 1.0, "PAL": null, "PAL SOLAR": null, "PIU": 1.0, "GEOMETRY": "POINT (2.1872547019654847 41.379833911815325)", "Type": "Bus Stop", "Evaluation": "Has PID" }, "geometry": { "type": "Point", "coordinates": [ 2.187254701965485, 41.379833911815325 ] } },
{ "type": "Feature", "properties": { "CODI_PARADA": 957, "NOM_PARADA": "Pg Joan de Borbó - Pepe Rubianes", "MARQUESINA": null, "PAL": 1.0, "PAL SOLAR": null, "PIU": null, "GEOMETRY": "POINT (2.18815547384731 41.37755917109646)", "Type": "Bus Stop", "Evaluation": "No PID" }, "geometry": { "type": "Point", "coordinates": [ 2.18815547384731, 41.377559171096458 ] } },
{ "type": "Feature", "properties": { "CODI_PARADA": 959, "NOM_PARADA": "Pg Joan de Borbó - Judici", "MARQUESINA": 1.0, "PAL": null, "PAL SOLAR": null, "PIU": 1.0, "GEOMETRY": "POINT (2.1889419239805714 41.37609862972344)", "Type": "Bus Stop", "Evaluation": "Has PID" }, "geometry": { "type": "Point", "coordinates": [ 2.188941923980571, 41.376098629723437 ] } },
{ "type": "Feature", "properties": { "CODI_PARADA": 960, "NOM_PARADA": "Pg Joan de Borbó - Pl del Mar", "MARQUESINA": 1.0, "PAL": null, "PAL SOLAR": null, "PIU": 1.0, "GEOMETRY": "POINT (2.188567306272124 41.37433186395595)", "Type": "Bus Stop", "Evaluation": "Has PID" }, "geometry": { "type": "Point", "coordinates": [ 2.188567306272124, 41.374331863955952 ] } },
{ "type": "Feature", "properties": { "CODI_PARADA": 962, "NOM_PARADA": "Metro Besòs", "MARQUESINA": 1.0, "PAL": null, "PAL SOLAR": null, "PIU": 1.0, "GEOMETRY": "POINT (2.2077038147973034 41.420480664576914)", "Type": "Bus Stop", "Evaluation": "Has PID" }, "geometry": { "type": "Point", "coordinates": [ 2.207703814797303, 41.420480664576914 ] } },
{ "type": "Feature", "properties": { "CODI_PARADA": 963, "NOM_PARADA": "Cantàbria - Andrade", "MARQUESINA": 1.0, "PAL": null, "PAL SOLAR": null, "PIU": 1.0, "GEOMETRY": "POINT (2.2035520980767465 41.41824345952121)", "Type": "Bus Stop", "Evaluation": "Has PID" }, "geometry": { "type": "Point", "coordinates": [ 2.203552098076746, 41.418243459521207 ] } },
{ "type": "Feature", "properties": { "CODI_PARADA": 965, "NOM_PARADA": "Pont del Treball Digne - Santander", "MARQUESINA": 1.0, "PAL": null, "PAL SOLAR": null, "PIU": 1.0, "GEOMETRY": "POINT (2.197446500384738 41.42209309014968)", "Type": "Bus Stop", "Evaluation": "Has PID" }, "geometry": { "type": "Point", "coordinates": [ 2.197446500384738, 41.42209309014968 ] } },
{ "type": "Feature", "properties": { "CODI_PARADA": 967, "NOM_PARADA": "Balmes - Jovellanos", "MARQUESINA": 1.0, "PAL": null, "PAL SOLAR": null, "PIU": null, "GEOMETRY": "POINT (2.2103185130798195 41.43011879015562)", "Type": "Bus Stop", "Evaluation": "No PID" }, "geometry": { "type": "Point", "coordinates": [ 2.21031851307982, 41.430118790155618 ] } },
{ "type": "Feature", "properties": { "CODI_PARADA": 968, "NOM_PARADA": "Balmes - Pereda", "MARQUESINA": null, "PAL": 1.0, "PAL SOLAR": null, "PIU": null, "GEOMETRY": "POINT (2.2078854228167986 41.43132664245328)", "Type": "Bus Stop", "Evaluation": "No PID" }, "geometry": { "type": "Point", "coordinates": [ 2.207885422816799, 41.431326642453278 ] } },
{ "type": "Feature", "properties": { "CODI_PARADA": 969, "NOM_PARADA": "Pg Enric Sanchis - Sant Adrià", "MARQUESINA": 1.0, "PAL": null, "PAL SOLAR": null, "PIU": 1.0, "GEOMETRY": "POINT (2.204846857808529 41.43551938883602)", "Type": "Bus Stop", "Evaluation": "Has PID" }, "geometry": { "type": "Point", "coordinates": [ 2.204846857808529, 41.43551938883602 ] } },
{ "type": "Feature", "properties": { "CODI_PARADA": 970, "NOM_PARADA": "Pg Enric Sanchis - Santander", "MARQUESINA": null, "PAL": 1.0, "PAL SOLAR": null, "PIU": null, "GEOMETRY": "POINT (2.2059715763853625 41.43349731060194)", "Type": "Bus Stop", "Evaluation": "No PID" }, "geometry": { "type": "Point", "coordinates": [ 2.205971576385362, 41.433497310601943 ] } },
{ "type": "Feature", "properties": { "CODI_PARADA": 971, "NOM_PARADA": "Rambla Prim - Santander", "MARQUESINA": 1.0, "PAL": null, "PAL SOLAR": null, "PIU": 1.0, "GEOMETRY": "POINT (2.2012824363893166 41.42527288042684)", "Type": "Bus Stop", "Evaluation": "Has PID" }, "geometry": { "type": "Point", "coordinates": [ 2.201282436389317, 41.425272880426839 ] } },
{ "type": "Feature", "properties": { "CODI_PARADA": 972, "NOM_PARADA": "Pl Botticelli", "MARQUESINA": 1.0, "PAL": null, "PAL SOLAR": null, "PIU": 1.0, "GEOMETRY": "POINT (2.153152009464516 41.43311564712082)", "Type": "Bus Stop", "Evaluation": "Has PID" }, "geometry": { "type": "Point", "coordinates": [ 2.153152009464516, 41.433115647120822 ] } },
{ "type": "Feature", "properties": { "CODI_PARADA": 973, "NOM_PARADA": "Artesania - Pl de la República", "MARQUESINA": 1.0, "PAL": null, "PAL SOLAR": null, "PIU": 1.0, "GEOMETRY": "POINT (2.174716662726466 41.439474103194215)", "Type": "Bus Stop", "Evaluation": "Has PID" }, "geometry": { "type": "Point", "coordinates": [ 2.174716662726466, 41.439474103194215 ] } },
{ "type": "Feature", "properties": { "CODI_PARADA": 974, "NOM_PARADA": "Artesania - Góngora", "MARQUESINA": null, "PAL": 1.0, "PAL SOLAR": null, "PIU": null, "GEOMETRY": "POINT (2.172807386767562 41.44183784702521)", "Type": "Bus Stop", "Evaluation": "No PID" }, "geometry": { "type": "Point", "coordinates": [ 2.172807386767562, 41.441837847025212 ] } },
{ "type": "Feature", "properties": { "CODI_PARADA": 975, "NOM_PARADA": "Almansa - Via Favència", "MARQUESINA": 1.0, "PAL": null, "PAL SOLAR": null, "PIU": 1.0, "GEOMETRY": "POINT (2.1743370850206993 41.44397459142297)", "Type": "Bus Stop", "Evaluation": "Has PID" }, "geometry": { "type": "Point", "coordinates": [ 2.174337085020699, 41.443974591422972 ] } },
{ "type": "Feature", "properties": { "CODI_PARADA": 977, "NOM_PARADA": "Via de Bàrcino - Ausona", "MARQUESINA": 1.0, "PAL": null, "PAL SOLAR": null, "PIU": null, "GEOMETRY": "POINT (2.1922389983773556 41.4505167022711)", "Type": "Bus Stop", "Evaluation": "No PID" }, "geometry": { "type": "Point", "coordinates": [ 2.192238998377356, 41.450516702271102 ] } },
{ "type": "Feature", "properties": { "CODI_PARADA": 979, "NOM_PARADA": "Av Riera de Sant Cugat - Pere de Montcada", "MARQUESINA": null, "PAL": 1.0, "PAL SOLAR": null, "PIU": null, "GEOMETRY": "POINT (2.178859417238108 41.48456786022078)", "Type": "Bus Stop", "Evaluation": "No PID" }, "geometry": { "type": "Point", "coordinates": [ 2.178859417238108, 41.484567860220778 ] } },
{ "type": "Feature", "properties": { "CODI_PARADA": 985, "NOM_PARADA": "Av Riera de Sant Cugat - Huc de Montcada", "MARQUESINA": 1.0, "PAL": null, "PAL SOLAR": null, "PIU": null, "GEOMETRY": "POINT (2.178947626913735 41.484509796831816)", "Type": "Bus Stop", "Evaluation": "No PID" }, "geometry": { "type": "Point", "coordinates": [ 2.178947626913735, 41.484509796831816 ] } },
{ "type": "Feature", "properties": { "CODI_PARADA": 988, "NOM_PARADA": "Santaló - Trav de Gràcia", "MARQUESINA": null, "PAL": null, "PAL SOLAR": 1.0, "PIU": 1.0, "GEOMETRY": "POINT (2.146914203162608 41.394837567618126)", "Type": "Bus Stop", "Evaluation": "Has PID" }, "geometry": { "type": "Point", "coordinates": [ 2.146914203162608, 41.394837567618126 ] } },
{ "type": "Feature", "properties": { "CODI_PARADA": 989, "NOM_PARADA": "Santaló - Mercat Galvany", "MARQUESINA": null, "PAL": 1.0, "PAL SOLAR": null, "PIU": null, "GEOMETRY": "POINT (2.144227485803869 41.396941173438805)", "Type": "Bus Stop", "Evaluation": "No PID" }, "geometry": { "type": "Point", "coordinates": [ 2.144227485803869, 41.396941173438805 ] } },
{ "type": "Feature", "properties": { "CODI_PARADA": 990, "NOM_PARADA": "Numància - Parc Les Corts", "MARQUESINA": 1.0, "PAL": null, "PAL SOLAR": null, "PIU": 1.0, "GEOMETRY": "POINT (2.1358693265737845 41.38613826944624)", "Type": "Bus Stop", "Evaluation": "Has PID" }, "geometry": { "type": "Point", "coordinates": [ 2.135869326573784, 41.386138269446242 ] } },
{ "type": "Feature", "properties": { "CODI_PARADA": 991, "NOM_PARADA": "Les Corts - Numància", "MARQUESINA": 1.0, "PAL": null, "PAL SOLAR": null, "PIU": 1.0, "GEOMETRY": "POINT (2.1357951231693884 41.38731058258357)", "Type": "Bus Stop", "Evaluation": "Has PID" }, "geometry": { "type": "Point", "coordinates": [ 2.135795123169388, 41.387310582583567 ] } },
{ "type": "Feature", "properties": { "CODI_PARADA": 993, "NOM_PARADA": "Mandri - Artesa de Segre", "MARQUESINA": 1.0, "PAL": null, "PAL SOLAR": null, "PIU": 1.0, "GEOMETRY": "POINT (2.134025340614617 41.402968405188346)", "Type": "Bus Stop", "Evaluation": "Has PID" }, "geometry": { "type": "Point", "coordinates": [ 2.134025340614617, 41.402968405188346 ] } },
{ "type": "Feature", "properties": { "CODI_PARADA": 994, "NOM_PARADA": "Mitre - Muntaner", "MARQUESINA": 1.0, "PAL": null, "PAL SOLAR": null, "PIU": 1.0, "GEOMETRY": "POINT (2.137557357559428 41.402619687523014)", "Type": "Bus Stop", "Evaluation": "Has PID" }, "geometry": { "type": "Point", "coordinates": [ 2.137557357559428, 41.402619687523014 ] } },
{ "type": "Feature", "properties": { "CODI_PARADA": 995, "NOM_PARADA": "Pg Bonanova - Ganduxer", "MARQUESINA": 1.0, "PAL": null, "PAL SOLAR": null, "PIU": 1.0, "GEOMETRY": "POINT (2.1301211647547245 41.40484333126395)", "Type": "Bus Stop", "Evaluation": "Has PID" }, "geometry": { "type": "Point", "coordinates": [ 2.130121164754724, 41.404843331263947 ] } },
{ "type": "Feature", "properties": { "CODI_PARADA": 996, "NOM_PARADA": "Pg Bonanova - Horaci", "MARQUESINA": 1.0, "PAL": null, "PAL SOLAR": null, "PIU": 1.0, "GEOMETRY": "POINT (2.1304849503578214 41.4049078009883)", "Type": "Bus Stop", "Evaluation": "Has PID" }, "geometry": { "type": "Point", "coordinates": [ 2.130484950357821, 41.404907800988298 ] } },
{ "type": "Feature", "properties": { "CODI_PARADA": 997, "NOM_PARADA": "Mandri - Jardins Ca n'Altimira", "MARQUESINA": 1.0, "PAL": null, "PAL SOLAR": null, "PIU": null, "GEOMETRY": "POINT (2.1326824427752182 41.40419314537431)", "Type": "Bus Stop", "Evaluation": "No PID" }, "geometry": { "type": "Point", "coordinates": [ 2.132682442775218, 41.404193145374308 ] } },
{ "type": "Feature", "properties": { "CODI_PARADA": 998, "NOM_PARADA": "Santuari - Ceuta", "MARQUESINA": 1.0, "PAL": null, "PAL SOLAR": null, "PIU": 1.0, "GEOMETRY": "POINT (2.151356704140522 41.4201260949374)", "Type": "Bus Stop", "Evaluation": "Has PID" }, "geometry": { "type": "Point", "coordinates": [ 2.151356704140522, 41.420126094937402 ] } },
{ "type": "Feature", "properties": { "CODI_PARADA": 999, "NOM_PARADA": "Santuari - La Murtra", "MARQUESINA": null, "PAL": 1.0, "PAL SOLAR": null, "PIU": null, "GEOMETRY": "POINT (2.155065575492617 41.41980902350301)", "Type": "Bus Stop", "Evaluation": "No PID" }, "geometry": { "type": "Point", "coordinates": [ 2.155065575492617, 41.419809023503007 ] } },
{ "type": "Feature", "properties": { "CODI_PARADA": 1000, "NOM_PARADA": "Santuari - La Murtra", "MARQUESINA": null, "PAL": 1.0, "PAL SOLAR": null, "PIU": null, "GEOMETRY": "POINT (2.1550845696597594 41.41994457584958)", "Type": "Bus Stop", "Evaluation": "No PID" }, "geometry": { "type": "Point", "coordinates": [ 2.155084569659759, 41.419944575849577 ] } },
{ "type": "Feature", "properties": { "CODI_PARADA": 1001, "NOM_PARADA": "Santuari - l'Hortal", "MARQUESINA": null, "PAL": null, "PAL SOLAR": 1.0, "PIU": 1.0, "GEOMETRY": "POINT (2.151003567252457 41.420234805543416)", "Type": "Bus Stop", "Evaluation": "Has PID" }, "geometry": { "type": "Point", "coordinates": [ 2.151003567252457, 41.420234805543416 ] } },
{ "type": "Feature", "properties": { "CODI_PARADA": 1002, "NOM_PARADA": "Av de Vallcarca - Metro Penitents", "MARQUESINA": 1.0, "PAL": null, "PAL SOLAR": null, "PIU": null, "GEOMETRY": "POINT (2.1409201254624706 41.418082116876214)", "Type": "Bus Stop", "Evaluation": "No PID" }, "geometry": { "type": "Point", "coordinates": [ 2.140920125462471, 41.418082116876214 ] } },
{ "type": "Feature", "properties": { "CODI_PARADA": 1003, "NOM_PARADA": "Pl Alfonso Comín - Pg Vall d'Hebron", "MARQUESINA": 1.0, "PAL": null, "PAL SOLAR": null, "PIU": 1.0, "GEOMETRY": "POINT (2.13822604754505 41.416211046958324)", "Type": "Bus Stop", "Evaluation": "Has PID" }, "geometry": { "type": "Point", "coordinates": [ 2.13822604754505, 41.416211046958324 ] } },
{ "type": "Feature", "properties": { "CODI_PARADA": 1004, "NOM_PARADA": "Metro Paral·lel", "MARQUESINA": 1.0, "PAL": null, "PAL SOLAR": null, "PIU": 1.0, "GEOMETRY": "POINT (2.170618930914126 41.37503140676714)", "Type": "Bus Stop", "Evaluation": "Has PID" }, "geometry": { "type": "Point", "coordinates": [ 2.170618930914126, 41.375031406767143 ] } },
{ "type": "Feature", "properties": { "CODI_PARADA": 1005, "NOM_PARADA": "Pl Josep Maria Folch", "MARQUESINA": 1.0, "PAL": null, "PAL SOLAR": null, "PIU": 1.0, "GEOMETRY": "POINT (2.1659328661633546 41.376648763653876)", "Type": "Bus Stop", "Evaluation": "Has PID" }, "geometry": { "type": "Point", "coordinates": [ 2.165932866163355, 41.376648763653876 ] } },
{ "type": "Feature", "properties": { "CODI_PARADA": 1006, "NOM_PARADA": "Ronda Sant Pau - Parlament", "MARQUESINA": 1.0, "PAL": null, "PAL SOLAR": null, "PIU": 1.0, "GEOMETRY": "POINT (2.163580695490226 41.3784470251624)", "Type": "Bus Stop", "Evaluation": "Has PID" }, "geometry": { "type": "Point", "coordinates": [ 2.163580695490226, 41.378447025162401 ] } },
{ "type": "Feature", "properties": { "CODI_PARADA": 1007, "NOM_PARADA": "Meridiana - Biscaia", "MARQUESINA": 1.0, "PAL": null, "PAL SOLAR": null, "PIU": null, "GEOMETRY": "POINT (2.186756170578619 41.41679107529633)", "Type": "Bus Stop", "Evaluation": "No PID" }, "geometry": { "type": "Point", "coordinates": [ 2.186756170578619, 41.416791075296331 ] } },
{ "type": "Feature", "properties": { "CODI_PARADA": 1008, "NOM_PARADA": "Pg Maragall - Trinxant", "MARQUESINA": 1.0, "PAL": null, "PAL SOLAR": null, "PIU": 1.0, "GEOMETRY": "POINT (2.180738126907131 41.419026587653356)", "Type": "Bus Stop", "Evaluation": "Has PID" }, "geometry": { "type": "Point", "coordinates": [ 2.180738126907131, 41.419026587653356 ] } },
{ "type": "Feature", "properties": { "CODI_PARADA": 1010, "NOM_PARADA": "Olvan", "MARQUESINA": null, "PAL": 1.0, "PAL SOLAR": null, "PIU": null, "GEOMETRY": "POINT (2.13327514204185 41.42968385534523)", "Type": "Bus Stop", "Evaluation": "No PID" }, "geometry": { "type": "Point", "coordinates": [ 2.13327514204185, 41.429683855345232 ] } },
{ "type": "Feature", "properties": { "CODI_PARADA": 1011, "NOM_PARADA": "Pl del Nou", "MARQUESINA": 1.0, "PAL": null, "PAL SOLAR": null, "PIU": null, "GEOMETRY": "POINT (2.1411387222492437 41.35325043705117)", "Type": "Bus Stop", "Evaluation": "No PID" }, "geometry": { "type": "Point", "coordinates": [ 2.141138722249244, 41.353250437051173 ] } },
{ "type": "Feature", "properties": { "CODI_PARADA": 1014, "NOM_PARADA": "Av Verge de Montserrat - Coronel Sanfeliu", "MARQUESINA": null, "PAL": 1.0, "PAL SOLAR": null, "PIU": null, "GEOMETRY": "POINT (2.0951489648763557 41.325735272555875)", "Type": "Bus Stop", "Evaluation": "No PID" }, "geometry": { "type": "Point", "coordinates": [ 2.095148964876356, 41.325735272555875 ] } },
{ "type": "Feature", "properties": { "CODI_PARADA": 1015, "NOM_PARADA": "Av Verge de Montserrat - Ctra Marina", "MARQUESINA": null, "PAL": 1.0, "PAL SOLAR": null, "PIU": null, "GEOMETRY": "POINT (2.0987313061329194 41.327374111002534)", "Type": "Bus Stop", "Evaluation": "No PID" }, "geometry": { "type": "Point", "coordinates": [ 2.098731306132919, 41.327374111002534 ] } },
{ "type": "Feature", "properties": { "CODI_PARADA": 1016, "NOM_PARADA": "Plaça Pau Casals", "MARQUESINA": null, "PAL": 1.0, "PAL SOLAR": null, "PIU": null, "GEOMETRY": "POINT (2.094454589296661 41.32572096749934)", "Type": "Bus Stop", "Evaluation": "No PID" }, "geometry": { "type": "Point", "coordinates": [ 2.094454589296661, 41.325720967499343 ] } },
{ "type": "Feature", "properties": { "CODI_PARADA": 1017, "NOM_PARADA": "Laureà Miró - Nord", "MARQUESINA": 1.0, "PAL": null, "PAL SOLAR": null, "PIU": null, "GEOMETRY": "POINT (2.08220077409021 41.37809479493594)", "Type": "Bus Stop", "Evaluation": "No PID" }, "geometry": { "type": "Point", "coordinates": [ 2.08220077409021, 41.37809479493594 ] } },
{ "type": "Feature", "properties": { "CODI_PARADA": 1018, "NOM_PARADA": "Av Can Corts - Ctra d'Esplugues", "MARQUESINA": 1.0, "PAL": null, "PAL SOLAR": null, "PIU": null, "GEOMETRY": "POINT (2.068282537408551 41.35749421702858)", "Type": "Bus Stop", "Evaluation": "No PID" }, "geometry": { "type": "Point", "coordinates": [ 2.068282537408551, 41.357494217028581 ] } },
{ "type": "Feature", "properties": { "CODI_PARADA": 1019, "NOM_PARADA": "Pg Vall d'Hebron - Av Jordà", "MARQUESINA": 1.0, "PAL": null, "PAL SOLAR": null, "PIU": 1.0, "GEOMETRY": "POINT (2.1417203986553024 41.42432805509249)", "Type": "Bus Stop", "Evaluation": "Has PID" }, "geometry": { "type": "Point", "coordinates": [ 2.141720398655302, 41.424328055092488 ] } },
{ "type": "Feature", "properties": { "CODI_PARADA": 1020, "NOM_PARADA": "Pg Vall d'Hebron - Natzaret", "MARQUESINA": null, "PAL": 1.0, "PAL SOLAR": null, "PIU": null, "GEOMETRY": "POINT (2.1405011968284033 41.42157554225625)", "Type": "Bus Stop", "Evaluation": "No PID" }, "geometry": { "type": "Point", "coordinates": [ 2.140501196828403, 41.421575542256249 ] } },
{ "type": "Feature", "properties": { "CODI_PARADA": 1021, "NOM_PARADA": "Ardena - Ronda de Dalt", "MARQUESINA": null, "PAL": 1.0, "PAL SOLAR": null, "PIU": null, "GEOMETRY": "POINT (2.1073319099796257 41.39061696538236)", "Type": "Bus Stop", "Evaluation": "No PID" }, "geometry": { "type": "Point", "coordinates": [ 2.107331909979626, 41.390616965382357 ] } },
{ "type": "Feature", "properties": { "CODI_PARADA": 1022, "NOM_PARADA": "Pg Calvell - Rambla del Poblenou", "MARQUESINA": 1.0, "PAL": null, "PAL SOLAR": null, "PIU": 1.0, "GEOMETRY": "POINT (2.2059161871732185 41.39701161738178)", "Type": "Bus Stop", "Evaluation": "Has PID" }, "geometry": { "type": "Point", "coordinates": [ 2.205916187173218, 41.397011617381779 ] } },
{ "type": "Feature", "properties": { "CODI_PARADA": 1023, "NOM_PARADA": "Sant Adrià - Pg Enric Sanchis", "MARQUESINA": 1.0, "PAL": null, "PAL SOLAR": null, "PIU": 1.0, "GEOMETRY": "POINT (2.2040513591812396 41.436014607856265)", "Type": "Bus Stop", "Evaluation": "Has PID" }, "geometry": { "type": "Point", "coordinates": [ 2.20405135918124, 41.436014607856265 ] } },
{ "type": "Feature", "properties": { "CODI_PARADA": 1025, "NOM_PARADA": "Ronda de Dalt - Moneders", "MARQUESINA": null, "PAL": 1.0, "PAL SOLAR": null, "PIU": null, "GEOMETRY": "POINT (2.1080937724913644 41.389977734028584)", "Type": "Bus Stop", "Evaluation": "No PID" }, "geometry": { "type": "Point", "coordinates": [ 2.108093772491364, 41.389977734028584 ] } },
{ "type": "Feature", "properties": { "CODI_PARADA": 1028, "NOM_PARADA": "Pg Torras i Bages - Joan Torras", "MARQUESINA": 1.0, "PAL": null, "PAL SOLAR": null, "PIU": 1.0, "GEOMETRY": "POINT (2.1910881122020425 41.43698206324763)", "Type": "Bus Stop", "Evaluation": "Has PID" }, "geometry": { "type": "Point", "coordinates": [ 2.191088112202042, 41.436982063247633 ] } },
{ "type": "Feature", "properties": { "CODI_PARADA": 1030, "NOM_PARADA": "Av Ferrer i Guàrdia - Av Montanyans", "MARQUESINA": null, "PAL": 1.0, "PAL SOLAR": null, "PIU": null, "GEOMETRY": "POINT (2.1451376651258793 41.36780413459026)", "Type": "Bus Stop", "Evaluation": "No PID" }, "geometry": { "type": "Point", "coordinates": [ 2.145137665125879, 41.367804134590259 ] } },
{ "type": "Feature", "properties": { "CODI_PARADA": 1033, "NOM_PARADA": "Guipúscoa - Verneda", "MARQUESINA": null, "PAL": null, "PAL SOLAR": 1.0, "PIU": 1.0, "GEOMETRY": "POINT (2.208422474728865 41.4250659679751)", "Type": "Bus Stop", "Evaluation": "Has PID" }, "geometry": { "type": "Point", "coordinates": [ 2.208422474728865, 41.425065967975101 ] } },
{ "type": "Feature", "properties": { "CODI_PARADA": 1034, "NOM_PARADA": "Laureà Miró - Primer de Maig", "MARQUESINA": 1.0, "PAL": null, "PAL SOLAR": null, "PIU": null, "GEOMETRY": "POINT (2.0921657066609067 41.37693344134698)", "Type": "Bus Stop", "Evaluation": "No PID" }, "geometry": { "type": "Point", "coordinates": [ 2.092165706660907, 41.376933441346978 ] } },
{ "type": "Feature", "properties": { "CODI_PARADA": 1035, "NOM_PARADA": "Via Favència - Molí", "MARQUESINA": 1.0, "PAL": null, "PAL SOLAR": null, "PIU": 1.0, "GEOMETRY": "POINT (2.1801462333535815 41.445945768886226)", "Type": "Bus Stop", "Evaluation": "Has PID" }, "geometry": { "type": "Point", "coordinates": [ 2.180146233353581, 41.445945768886226 ] } },
{ "type": "Feature", "properties": { "CODI_PARADA": 1036, "NOM_PARADA": "Aribau - Laforja", "MARQUESINA": 1.0, "PAL": null, "PAL SOLAR": null, "PIU": 1.0, "GEOMETRY": "POINT (2.147322891806602 41.39792631256793)", "Type": "Bus Stop", "Evaluation": "Has PID" }, "geometry": { "type": "Point", "coordinates": [ 2.147322891806602, 41.397926312567932 ] } },
{ "type": "Feature", "properties": { "CODI_PARADA": 1037, "NOM_PARADA": "Pg Maragall - Manigua", "MARQUESINA": 1.0, "PAL": null, "PAL SOLAR": null, "PIU": 1.0, "GEOMETRY": "POINT (2.179568171185765 41.421798698580474)", "Type": "Bus Stop", "Evaluation": "Has PID" }, "geometry": { "type": "Point", "coordinates": [ 2.179568171185765, 41.421798698580474 ] } },
{ "type": "Feature", "properties": { "CODI_PARADA": 1039, "NOM_PARADA": "Via Laietana - Comtal", "MARQUESINA": 1.0, "PAL": null, "PAL SOLAR": null, "PIU": 1.0, "GEOMETRY": "POINT (2.174754425296663 41.38704080509112)", "Type": "Bus Stop", "Evaluation": "Has PID" }, "geometry": { "type": "Point", "coordinates": [ 2.174754425296663, 41.387040805091118 ] } },
{ "type": "Feature", "properties": { "CODI_PARADA": 1040, "NOM_PARADA": "Pl Urquinaona", "MARQUESINA": null, "PAL": null, "PAL SOLAR": 1.0, "PIU": 1.0, "GEOMETRY": "POINT (2.1733223521558496 41.38878269265671)", "Type": "Bus Stop", "Evaluation": "Has PID" }, "geometry": { "type": "Point", "coordinates": [ 2.17332235215585, 41.388782692656712 ] } },
{ "type": "Feature", "properties": { "CODI_PARADA": 1042, "NOM_PARADA": "Policia Local", "MARQUESINA": 1.0, "PAL": null, "PAL SOLAR": null, "PIU": null, "GEOMETRY": "POINT (2.0834195958420225 41.31763324669652)", "Type": "Bus Stop", "Evaluation": "No PID" }, "geometry": { "type": "Point", "coordinates": [ 2.083419595842023, 41.317633246696523 ] } },
{ "type": "Feature", "properties": { "CODI_PARADA": 1043, "NOM_PARADA": "Av Remolar - Av Onze de Setembre", "MARQUESINA": 1.0, "PAL": null, "PAL SOLAR": null, "PIU": 1.0, "GEOMETRY": "POINT (2.0904140443034787 41.319686831440734)", "Type": "Bus Stop", "Evaluation": "Has PID" }, "geometry": { "type": "Point", "coordinates": [ 2.090414044303479, 41.319686831440734 ] } },
{ "type": "Feature", "properties": { "CODI_PARADA": 1044, "NOM_PARADA": "La Granja", "MARQUESINA": 1.0, "PAL": null, "PAL SOLAR": null, "PIU": 1.0, "GEOMETRY": "POINT (2.0912939143798432 41.318644476854494)", "Type": "Bus Stop", "Evaluation": "Has PID" }, "geometry": { "type": "Point", "coordinates": [ 2.091293914379843, 41.318644476854494 ] } },
{ "type": "Feature", "properties": { "CODI_PARADA": 1045, "NOM_PARADA": "Pg Zona Franca - Motors", "MARQUESINA": 1.0, "PAL": null, "PAL SOLAR": null, "PIU": null, "GEOMETRY": "POINT (2.145138956711464 41.35147627190702)", "Type": "Bus Stop", "Evaluation": "No PID" }, "geometry": { "type": "Point", "coordinates": [ 2.145138956711464, 41.351476271907018 ] } },
{ "type": "Feature", "properties": { "CODI_PARADA": 1047, "NOM_PARADA": "Felip II - Ramon Albó", "MARQUESINA": 1.0, "PAL": null, "PAL SOLAR": null, "PIU": 1.0, "GEOMETRY": "POINT (2.1777808869073128 41.42726133168422)", "Type": "Bus Stop", "Evaluation": "Has PID" }, "geometry": { "type": "Point", "coordinates": [ 2.177780886907313, 41.427261331684221 ] } },
{ "type": "Feature", "properties": { "CODI_PARADA": 1048, "NOM_PARADA": "Felip II - Pl Congrés", "MARQUESINA": 1.0, "PAL": null, "PAL SOLAR": null, "PIU": null, "GEOMETRY": "POINT (2.1798024891014016 41.42572098789272)", "Type": "Bus Stop", "Evaluation": "No PID" }, "geometry": { "type": "Point", "coordinates": [ 2.179802489101402, 41.425720987892717 ] } },
{ "type": "Feature", "properties": { "CODI_PARADA": 1051, "NOM_PARADA": "Jerez - Pl de la Ciutadella", "MARQUESINA": 1.0, "PAL": null, "PAL SOLAR": null, "PIU": null, "GEOMETRY": "POINT (2.155260857050822 41.431347138360266)", "Type": "Bus Stop", "Evaluation": "No PID" }, "geometry": { "type": "Point", "coordinates": [ 2.155260857050822, 41.431347138360266 ] } },
{ "type": "Feature", "properties": { "CODI_PARADA": 1052, "NOM_PARADA": "Parc de la Rambla", "MARQUESINA": 1.0, "PAL": null, "PAL SOLAR": null, "PIU": 1.0, "GEOMETRY": "POINT (2.075102920630917 41.380881587889014)", "Type": "Bus Stop", "Evaluation": "Has PID" }, "geometry": { "type": "Point", "coordinates": [ 2.075102920630917, 41.380881587889014 ] } },
{ "type": "Feature", "properties": { "CODI_PARADA": 1053, "NOM_PARADA": "El Parador", "MARQUESINA": 1.0, "PAL": null, "PAL SOLAR": null, "PIU": 1.0, "GEOMETRY": "POINT (2.0740918483119124 41.382966886588385)", "Type": "Bus Stop", "Evaluation": "Has PID" }, "geometry": { "type": "Point", "coordinates": [ 2.074091848311912, 41.382966886588385 ] } },
{ "type": "Feature", "properties": { "CODI_PARADA": 1054, "NOM_PARADA": "Casal de Joves", "MARQUESINA": 1.0, "PAL": null, "PAL SOLAR": null, "PIU": null, "GEOMETRY": "POINT (2.071439915362997 41.382749333860126)", "Type": "Bus Stop", "Evaluation": "No PID" }, "geometry": { "type": "Point", "coordinates": [ 2.071439915362997, 41.382749333860126 ] } },
{ "type": "Feature", "properties": { "CODI_PARADA": 1057, "NOM_PARADA": "Constitució - Mossèn Amadeu Oller", "MARQUESINA": 1.0, "PAL": null, "PAL SOLAR": null, "PIU": null, "GEOMETRY": "POINT (2.1377498328633093 41.369927544888036)", "Type": "Bus Stop", "Evaluation": "No PID" }, "geometry": { "type": "Point", "coordinates": [ 2.137749832863309, 41.369927544888036 ] } },
{ "type": "Feature", "properties": { "CODI_PARADA": 1058, "NOM_PARADA": "Viladomat - Manso", "MARQUESINA": 1.0, "PAL": null, "PAL SOLAR": null, "PIU": null, "GEOMETRY": "POINT (2.161440230222436 41.37648061080463)", "Type": "Bus Stop", "Evaluation": "No PID" }, "geometry": { "type": "Point", "coordinates": [ 2.161440230222436, 41.376480610804627 ] } },
{ "type": "Feature", "properties": { "CODI_PARADA": 1059, "NOM_PARADA": "Vilamarí - Av Mistral", "MARQUESINA": 1.0, "PAL": null, "PAL SOLAR": null, "PIU": null, "GEOMETRY": "POINT (2.153416270514392 41.375731234682064)", "Type": "Bus Stop", "Evaluation": "No PID" }, "geometry": { "type": "Point", "coordinates": [ 2.153416270514392, 41.375731234682064 ] } },
{ "type": "Feature", "properties": { "CODI_PARADA": 1061, "NOM_PARADA": "Paral·lel - Vila i Vilà", "MARQUESINA": 1.0, "PAL": null, "PAL SOLAR": null, "PIU": 1.0, "GEOMETRY": "POINT (2.1670408277530555 41.37486065687178)", "Type": "Bus Stop", "Evaluation": "Has PID" }, "geometry": { "type": "Point", "coordinates": [ 2.167040827753056, 41.374860656871782 ] } },
{ "type": "Feature", "properties": { "CODI_PARADA": 1062, "NOM_PARADA": "Av Paral·lel - Lleida", "MARQUESINA": 1.0, "PAL": null, "PAL SOLAR": null, "PIU": null, "GEOMETRY": "POINT (2.153057063308048 41.37482459527024)", "Type": "Bus Stop", "Evaluation": "No PID" }, "geometry": { "type": "Point", "coordinates": [ 2.153057063308048, 41.37482459527024 ] } },
{ "type": "Feature", "properties": { "CODI_PARADA": 1064, "NOM_PARADA": "Av Paral·lel - Llançà", "MARQUESINA": 1.0, "PAL": null, "PAL SOLAR": null, "PIU": null, "GEOMETRY": "POINT (2.1525615373946705 41.37483292090457)", "Type": "Bus Stop", "Evaluation": "No PID" }, "geometry": { "type": "Point", "coordinates": [ 2.15256153739467, 41.374832920904574 ] } },
{ "type": "Feature", "properties": { "CODI_PARADA": 1065, "NOM_PARADA": "Pl de la Font Castellana - Tenerife", "MARQUESINA": 1.0, "PAL": null, "PAL SOLAR": null, "PIU": null, "GEOMETRY": "POINT (2.1663457996411584 41.41520643822906)", "Type": "Bus Stop", "Evaluation": "No PID" }, "geometry": { "type": "Point", "coordinates": [ 2.166345799641158, 41.415206438229063 ] } },
{ "type": "Feature", "properties": { "CODI_PARADA": 1066, "NOM_PARADA": "Mallorca - Pau Claris", "MARQUESINA": 1.0, "PAL": null, "PAL SOLAR": null, "PIU": 1.0, "GEOMETRY": "POINT (2.1644542000502525 41.395337842946304)", "Type": "Bus Stop", "Evaluation": "Has PID" }, "geometry": { "type": "Point", "coordinates": [ 2.164454200050252, 41.395337842946304 ] } },
{ "type": "Feature", "properties": { "CODI_PARADA": 1067, "NOM_PARADA": "Pl Urquinaona - Pau Claris", "MARQUESINA": null, "PAL": 1.0, "PAL SOLAR": null, "PIU": null, "GEOMETRY": "POINT (2.1725427556979326 41.38910105907229)", "Type": "Bus Stop", "Evaluation": "No PID" }, "geometry": { "type": "Point", "coordinates": [ 2.172542755697933, 41.389101059072289 ] } },
{ "type": "Feature", "properties": { "CODI_PARADA": 1069, "NOM_PARADA": "Metro Urquinaona", "MARQUESINA": 1.0, "PAL": null, "PAL SOLAR": null, "PIU": 1.0, "GEOMETRY": "POINT (2.172785700915153 41.389020284625204)", "Type": "Bus Stop", "Evaluation": "Has PID" }, "geometry": { "type": "Point", "coordinates": [ 2.172785700915153, 41.389020284625204 ] } },
{ "type": "Feature", "properties": { "CODI_PARADA": 1070, "NOM_PARADA": "Gran Via - Pau Claris", "MARQUESINA": 1.0, "PAL": null, "PAL SOLAR": null, "PIU": 1.0, "GEOMETRY": "POINT (2.169376984503604 41.390143208467066)", "Type": "Bus Stop", "Evaluation": "Has PID" }, "geometry": { "type": "Point", "coordinates": [ 2.169376984503604, 41.390143208467066 ] } },
{ "type": "Feature", "properties": { "CODI_PARADA": 1071, "NOM_PARADA": "Pl Urquinaona", "MARQUESINA": 1.0, "PAL": null, "PAL SOLAR": null, "PIU": null, "GEOMETRY": "POINT (2.1728522114648046 41.389337177114434)", "Type": "Bus Stop", "Evaluation": "No PID" }, "geometry": { "type": "Point", "coordinates": [ 2.172852211464805, 41.389337177114434 ] } },
{ "type": "Feature", "properties": { "CODI_PARADA": 1072, "NOM_PARADA": "Mallorca - Padilla", "MARQUESINA": 1.0, "PAL": null, "PAL SOLAR": null, "PIU": 1.0, "GEOMETRY": "POINT (2.178123682749587 41.40559041282788)", "Type": "Bus Stop", "Evaluation": "Has PID" }, "geometry": { "type": "Point", "coordinates": [ 2.178123682749587, 41.405590412827877 ] } },
{ "type": "Feature", "properties": { "CODI_PARADA": 1075, "NOM_PARADA": "Pl Universitat", "MARQUESINA": 1.0, "PAL": null, "PAL SOLAR": null, "PIU": 1.0, "GEOMETRY": "POINT (2.163970342044979 41.386070445993425)", "Type": "Bus Stop", "Evaluation": "Has PID" }, "geometry": { "type": "Point", "coordinates": [ 2.163970342044979, 41.386070445993425 ] } },
{ "type": "Feature", "properties": { "CODI_PARADA": 1076, "NOM_PARADA": "Pl Universitat - Pelai", "MARQUESINA": 1.0, "PAL": null, "PAL SOLAR": null, "PIU": 1.0, "GEOMETRY": "POINT (2.16449256095366 41.38562891981612)", "Type": "Bus Stop", "Evaluation": "Has PID" }, "geometry": { "type": "Point", "coordinates": [ 2.16449256095366, 41.385628919816121 ] } },
{ "type": "Feature", "properties": { "CODI_PARADA": 1078, "NOM_PARADA": "València - Pg de Gràcia", "MARQUESINA": 1.0, "PAL": null, "PAL SOLAR": null, "PIU": 1.0, "GEOMETRY": "POINT (2.162947820525286 41.39234566903645)", "Type": "Bus Stop", "Evaluation": "Has PID" }, "geometry": { "type": "Point", "coordinates": [ 2.162947820525286, 41.392345669036452 ] } },
{ "type": "Feature", "properties": { "CODI_PARADA": 1079, "NOM_PARADA": "Ronda Sant Pere - Pl Urquinaona", "MARQUESINA": 1.0, "PAL": null, "PAL SOLAR": null, "PIU": null, "GEOMETRY": "POINT (2.1714476578344484 41.38858105315702)", "Type": "Bus Stop", "Evaluation": "No PID" }, "geometry": { "type": "Point", "coordinates": [ 2.171447657834448, 41.388581053157019 ] } },
{ "type": "Feature", "properties": { "CODI_PARADA": 1080, "NOM_PARADA": "Diagonal - Pau Claris", "MARQUESINA": 1.0, "PAL": null, "PAL SOLAR": null, "PIU": 1.0, "GEOMETRY": "POINT (2.160649044140958 41.39673660914659)", "Type": "Bus Stop", "Evaluation": "Has PID" }, "geometry": { "type": "Point", "coordinates": [ 2.160649044140958, 41.396736609146593 ] } },
{ "type": "Feature", "properties": { "CODI_PARADA": 1081, "NOM_PARADA": "Gran Via - Pau Claris", "MARQUESINA": null, "PAL": null, "PAL SOLAR": 1.0, "PIU": 1.0, "GEOMETRY": "POINT (2.1690549291018546 41.39029536168582)", "Type": "Bus Stop", "Evaluation": "Has PID" }, "geometry": { "type": "Point", "coordinates": [ 2.169054929101855, 41.390295361685823 ] } },
{ "type": "Feature", "properties": { "CODI_PARADA": 1082, "NOM_PARADA": "Ronda Sant Pere - Pl Catalunya", "MARQUESINA": 1.0, "PAL": null, "PAL SOLAR": null, "PIU": null, "GEOMETRY": "POINT (2.170632850083557 41.388275030273185)", "Type": "Bus Stop", "Evaluation": "No PID" }, "geometry": { "type": "Point", "coordinates": [ 2.170632850083557, 41.388275030273185 ] } },
{ "type": "Feature", "properties": { "CODI_PARADA": 1086, "NOM_PARADA": "Camèlies - Praga", "MARQUESINA": null, "PAL": 1.0, "PAL SOLAR": null, "PIU": null, "GEOMETRY": "POINT (2.162951664615313 41.41307749564795)", "Type": "Bus Stop", "Evaluation": "No PID" }, "geometry": { "type": "Point", "coordinates": [ 2.162951664615313, 41.413077495647947 ] } },
{ "type": "Feature", "properties": { "CODI_PARADA": 1088, "NOM_PARADA": "Casanova - París", "MARQUESINA": 1.0, "PAL": null, "PAL SOLAR": null, "PIU": 1.0, "GEOMETRY": "POINT (2.151077953373432 41.39128594527305)", "Type": "Bus Stop", "Evaluation": "Has PID" }, "geometry": { "type": "Point", "coordinates": [ 2.151077953373432, 41.391285945273047 ] } },
{ "type": "Feature", "properties": { "CODI_PARADA": 1089, "NOM_PARADA": "Rosselló - Bailèn", "MARQUESINA": 1.0, "PAL": null, "PAL SOLAR": null, "PIU": 1.0, "GEOMETRY": "POINT (2.1659905762102842 41.39976539667406)", "Type": "Bus Stop", "Evaluation": "Has PID" }, "geometry": { "type": "Point", "coordinates": [ 2.165990576210284, 41.399765396674063 ] } },
{ "type": "Feature", "properties": { "CODI_PARADA": 1090, "NOM_PARADA": "Metro Maresme - Fòrum", "MARQUESINA": 1.0, "PAL": null, "PAL SOLAR": null, "PIU": 1.0, "GEOMETRY": "POINT (2.2171673222573944 41.41223609855138)", "Type": "Bus Stop", "Evaluation": "Has PID" }, "geometry": { "type": "Point", "coordinates": [ 2.217167322257394, 41.412236098551382 ] } },
{ "type": "Feature", "properties": { "CODI_PARADA": 1092, "NOM_PARADA": "Metro La Pau", "MARQUESINA": null, "PAL": 1.0, "PAL SOLAR": null, "PIU": null, "GEOMETRY": "POINT (2.2054850530923256 41.42286572552068)", "Type": "Bus Stop", "Evaluation": "No PID" }, "geometry": { "type": "Point", "coordinates": [ 2.205485053092326, 41.42286572552068 ] } },
{ "type": "Feature", "properties": { "CODI_PARADA": 1095, "NOM_PARADA": "Av dels Quinze - Pg Maragall", "MARQUESINA": 1.0, "PAL": null, "PAL SOLAR": null, "PIU": 1.0, "GEOMETRY": "POINT (2.1758739443377344 41.42639993364296)", "Type": "Bus Stop", "Evaluation": "Has PID" }, "geometry": { "type": "Point", "coordinates": [ 2.175873944337734, 41.426399933642962 ] } },
{ "type": "Feature", "properties": { "CODI_PARADA": 1098, "NOM_PARADA": "Diagonal - Francesc Macià", "MARQUESINA": 1.0, "PAL": null, "PAL SOLAR": null, "PIU": 1.0, "GEOMETRY": "POINT (2.145855117579943 41.393154311948074)", "Type": "Bus Stop", "Evaluation": "Has PID" }, "geometry": { "type": "Point", "coordinates": [ 2.145855117579943, 41.393154311948074 ] } },
{ "type": "Feature", "properties": { "CODI_PARADA": 1099, "NOM_PARADA": "Josep Tarradellas - Comte Borrell", "MARQUESINA": null, "PAL": 1.0, "PAL SOLAR": null, "PIU": null, "GEOMETRY": "POINT (2.1442614972092335 41.39152418193408)", "Type": "Bus Stop", "Evaluation": "No PID" }, "geometry": { "type": "Point", "coordinates": [ 2.144261497209234, 41.391524181934081 ] } },
{ "type": "Feature", "properties": { "CODI_PARADA": 1101, "NOM_PARADA": "Pl Vila - Metro Sta Coloma", "MARQUESINA": 1.0, "PAL": null, "PAL SOLAR": null, "PIU": 1.0, "GEOMETRY": "POINT (2.208149381631416 41.45115819085002)", "Type": "Bus Stop", "Evaluation": "Has PID" }, "geometry": { "type": "Point", "coordinates": [ 2.208149381631416, 41.451158190850023 ] } },
{ "type": "Feature", "properties": { "CODI_PARADA": 1102, "NOM_PARADA": "Av Barcelona - Francesc Macià", "MARQUESINA": 1.0, "PAL": null, "PAL SOLAR": null, "PIU": null, "GEOMETRY": "POINT (2.0603750051572267 41.366536292632006)", "Type": "Bus Stop", "Evaluation": "No PID" }, "geometry": { "type": "Point", "coordinates": [ 2.060375005157227, 41.366536292632006 ] } },
{ "type": "Feature", "properties": { "CODI_PARADA": 1103, "NOM_PARADA": "Pl Catalunya - Portal de l'Àngel", "MARQUESINA": 1.0, "PAL": null, "PAL SOLAR": null, "PIU": 1.0, "GEOMETRY": "POINT (2.1708450202707956 41.38643464506193)", "Type": "Bus Stop", "Evaluation": "Has PID" }, "geometry": { "type": "Point", "coordinates": [ 2.170845020270796, 41.386434645061932 ] } },
{ "type": "Feature", "properties": { "CODI_PARADA": 1104, "NOM_PARADA": "Sardenya - Camèlies", "MARQUESINA": null, "PAL": null, "PAL SOLAR": 1.0, "PIU": 1.0, "GEOMETRY": "POINT (2.1615325065523847 41.41311409441618)", "Type": "Bus Stop", "Evaluation": "Has PID" }, "geometry": { "type": "Point", "coordinates": [ 2.161532506552385, 41.41311409441618 ] } },
{ "type": "Feature", "properties": { "CODI_PARADA": 1108, "NOM_PARADA": "Av Marquès de l'Argentera - Pg Picasso", "MARQUESINA": 1.0, "PAL": null, "PAL SOLAR": null, "PIU": 1.0, "GEOMETRY": "POINT (2.18518873883208 41.385091455749)", "Type": "Bus Stop", "Evaluation": "Has PID" }, "geometry": { "type": "Point", "coordinates": [ 2.18518873883208, 41.385091455748999 ] } },
{ "type": "Feature", "properties": { "CODI_PARADA": 1109, "NOM_PARADA": "Pallars - Pere IV", "MARQUESINA": 1.0, "PAL": null, "PAL SOLAR": null, "PIU": null, "GEOMETRY": "POINT (2.1946184046906225 41.398714479795345)", "Type": "Bus Stop", "Evaluation": "No PID" }, "geometry": { "type": "Point", "coordinates": [ 2.194618404690623, 41.398714479795345 ] } },
{ "type": "Feature", "properties": { "CODI_PARADA": 1111, "NOM_PARADA": "Rambla Prim - Marroc", "MARQUESINA": null, "PAL": null, "PAL SOLAR": 1.0, "PIU": 1.0, "GEOMETRY": "POINT (2.2112066408122035 41.41708577254121)", "Type": "Bus Stop", "Evaluation": "Has PID" }, "geometry": { "type": "Point", "coordinates": [ 2.211206640812204, 41.417085772541213 ] } },
{ "type": "Feature", "properties": { "CODI_PARADA": 1113, "NOM_PARADA": "Rambla Prim - Cristóbal de Moura", "MARQUESINA": 1.0, "PAL": null, "PAL SOLAR": null, "PIU": 1.0, "GEOMETRY": "POINT (2.212900408298988 41.4164647952347)", "Type": "Bus Stop", "Evaluation": "Has PID" }, "geometry": { "type": "Point", "coordinates": [ 2.212900408298988, 41.416464795234702 ] } },
{ "type": "Feature", "properties": { "CODI_PARADA": 1116, "NOM_PARADA": "Gran de Gràcia - Lesseps", "MARQUESINA": 1.0, "PAL": null, "PAL SOLAR": null, "PIU": 1.0, "GEOMETRY": "POINT (2.1500790408951804 41.40617556695725)", "Type": "Bus Stop", "Evaluation": "Has PID" }, "geometry": { "type": "Point", "coordinates": [ 2.15007904089518, 41.406175566957252 ] } },
{ "type": "Feature", "properties": { "CODI_PARADA": 1117, "NOM_PARADA": "Gran de Gràcia - Pl Trilla", "MARQUESINA": null, "PAL": null, "PAL SOLAR": 1.0, "PIU": 1.0, "GEOMETRY": "POINT (2.152181294763882 41.40347389995333)", "Type": "Bus Stop", "Evaluation": "Has PID" }, "geometry": { "type": "Point", "coordinates": [ 2.152181294763882, 41.403473899953333 ] } },
{ "type": "Feature", "properties": { "CODI_PARADA": 1118, "NOM_PARADA": "Av Riera de Cassoles - Pl Lesseps", "MARQUESINA": 1.0, "PAL": null, "PAL SOLAR": null, "PIU": 1.0, "GEOMETRY": "POINT (2.150125985286018 41.40574352845487)", "Type": "Bus Stop", "Evaluation": "Has PID" }, "geometry": { "type": "Point", "coordinates": [ 2.150125985286018, 41.40574352845487 ] } },
{ "type": "Feature", "properties": { "CODI_PARADA": 1119, "NOM_PARADA": "Av República Argentina - Escipió", "MARQUESINA": null, "PAL": null, "PAL SOLAR": 1.0, "PIU": 1.0, "GEOMETRY": "POINT (2.147060765840093 41.408629433649295)", "Type": "Bus Stop", "Evaluation": "Has PID" }, "geometry": { "type": "Point", "coordinates": [ 2.147060765840093, 41.408629433649295 ] } },
{ "type": "Feature", "properties": { "CODI_PARADA": 1120, "NOM_PARADA": "Mitre - Berna", "MARQUESINA": 1.0, "PAL": null, "PAL SOLAR": null, "PIU": 1.0, "GEOMETRY": "POINT (2.1466372307710144 41.40562230358714)", "Type": "Bus Stop", "Evaluation": "Has PID" }, "geometry": { "type": "Point", "coordinates": [ 2.146637230771014, 41.405622303587137 ] } },
{ "type": "Feature", "properties": { "CODI_PARADA": 1122, "NOM_PARADA": "Pl Lesseps - Riera de Vallcarca", "MARQUESINA": 1.0, "PAL": null, "PAL SOLAR": null, "PIU": 1.0, "GEOMETRY": "POINT (2.1495106033214864 41.40674453810915)", "Type": "Bus Stop", "Evaluation": "Has PID" }, "geometry": { "type": "Point", "coordinates": [ 2.149510603321486, 41.406744538109152 ] } },
{ "type": "Feature", "properties": { "CODI_PARADA": 1123, "NOM_PARADA": "Av Riera de Cassoles - Carolines", "MARQUESINA": 1.0, "PAL": null, "PAL SOLAR": null, "PIU": 1.0, "GEOMETRY": "POINT (2.1500811147358188 41.40363791933784)", "Type": "Bus Stop", "Evaluation": "Has PID" }, "geometry": { "type": "Point", "coordinates": [ 2.150081114735819, 41.403637919337839 ] } },
{ "type": "Feature", "properties": { "CODI_PARADA": 1124, "NOM_PARADA": "Ronda Universitat - Pl Universitat", "MARQUESINA": 1.0, "PAL": null, "PAL SOLAR": null, "PIU": 1.0, "GEOMETRY": "POINT (2.165264171775743 41.38626198809141)", "Type": "Bus Stop", "Evaluation": "Has PID" }, "geometry": { "type": "Point", "coordinates": [ 2.165264171775743, 41.386261988091412 ] } },
{ "type": "Feature", "properties": { "CODI_PARADA": 1127, "NOM_PARADA": "Pg Lluís Companys - Arc de Triomf", "MARQUESINA": 1.0, "PAL": null, "PAL SOLAR": null, "PIU": 1.0, "GEOMETRY": "POINT (2.180251573388125 41.39068991206427)", "Type": "Bus Stop", "Evaluation": "Has PID" }, "geometry": { "type": "Point", "coordinates": [ 2.180251573388125, 41.390689912064268 ] } },
{ "type": "Feature", "properties": { "CODI_PARADA": 1128, "NOM_PARADA": "Pg Lluís Companys - Parc de la Ciutadella", "MARQUESINA": 1.0, "PAL": null, "PAL SOLAR": null, "PIU": 1.0, "GEOMETRY": "POINT (2.1826969542343617 41.38883814269877)", "Type": "Bus Stop", "Evaluation": "Has PID" }, "geometry": { "type": "Point", "coordinates": [ 2.182696954234362, 41.388838142698773 ] } },
{ "type": "Feature", "properties": { "CODI_PARADA": 1129, "NOM_PARADA": "Parc de la Ciutadella - Princesa", "MARQUESINA": 1.0, "PAL": null, "PAL SOLAR": null, "PIU": 1.0, "GEOMETRY": "POINT (2.183053903806415 41.38780425169761)", "Type": "Bus Stop", "Evaluation": "Has PID" }, "geometry": { "type": "Point", "coordinates": [ 2.183053903806415, 41.387804251697609 ] } },
{ "type": "Feature", "properties": { "CODI_PARADA": 1130, "NOM_PARADA": "Pg Picasso - Comerç", "MARQUESINA": 1.0, "PAL": null, "PAL SOLAR": null, "PIU": null, "GEOMETRY": "POINT (2.1820871192691342 41.38836318412651)", "Type": "Bus Stop", "Evaluation": "No PID" }, "geometry": { "type": "Point", "coordinates": [ 2.182087119269134, 41.388363184126511 ] } },
{ "type": "Feature", "properties": { "CODI_PARADA": 1131, "NOM_PARADA": "Bac de Roda - Llull", "MARQUESINA": 1.0, "PAL": null, "PAL SOLAR": null, "PIU": 1.0, "GEOMETRY": "POINT (2.2067119357082863 41.40556801003612)", "Type": "Bus Stop", "Evaluation": "Has PID" }, "geometry": { "type": "Point", "coordinates": [ 2.206711935708286, 41.40556801003612 ] } },
{ "type": "Feature", "properties": { "CODI_PARADA": 1135, "NOM_PARADA": "Pau Claris - Rosselló", "MARQUESINA": 1.0, "PAL": null, "PAL SOLAR": null, "PIU": 1.0, "GEOMETRY": "POINT (2.162074424539057 41.39646713420591)", "Type": "Bus Stop", "Evaluation": "Has PID" }, "geometry": { "type": "Point", "coordinates": [ 2.162074424539057, 41.396467134205913 ] } },
{ "type": "Feature", "properties": { "CODI_PARADA": 1136, "NOM_PARADA": "Pg de Gràcia - Mallorca", "MARQUESINA": 1.0, "PAL": null, "PAL SOLAR": null, "PIU": 1.0, "GEOMETRY": "POINT (2.1633625901606823 41.393521839080556)", "Type": "Bus Stop", "Evaluation": "Has PID" }, "geometry": { "type": "Point", "coordinates": [ 2.163362590160682, 41.393521839080556 ] } },
{ "type": "Feature", "properties": { "CODI_PARADA": 1137, "NOM_PARADA": "Casanova - Mercat del Ninot", "MARQUESINA": 1.0, "PAL": null, "PAL SOLAR": null, "PIU": null, "GEOMETRY": "POINT (2.1546258871505266 41.38859729894201)", "Type": "Bus Stop", "Evaluation": "No PID" }, "geometry": { "type": "Point", "coordinates": [ 2.154625887150527, 41.38859729894201 ] } },
{ "type": "Feature", "properties": { "CODI_PARADA": 1138, "NOM_PARADA": "Pg de Sant Joan - València", "MARQUESINA": 1.0, "PAL": null, "PAL SOLAR": null, "PIU": 1.0, "GEOMETRY": "POINT (2.1704622616301523 41.398842672181694)", "Type": "Bus Stop", "Evaluation": "Has PID" }, "geometry": { "type": "Point", "coordinates": [ 2.170462261630152, 41.398842672181694 ] } },
{ "type": "Feature", "properties": { "CODI_PARADA": 1140, "NOM_PARADA": "Padilla - Mallorca", "MARQUESINA": 1.0, "PAL": null, "PAL SOLAR": null, "PIU": null, "GEOMETRY": "POINT (2.1781761225632903 41.40501558040376)", "Type": "Bus Stop", "Evaluation": "No PID" }, "geometry": { "type": "Point", "coordinates": [ 2.17817612256329, 41.405015580403763 ] } },
{ "type": "Feature", "properties": { "CODI_PARADA": 1141, "NOM_PARADA": "Av Gaudí", "MARQUESINA": 1.0, "PAL": null, "PAL SOLAR": null, "PIU": 1.0, "GEOMETRY": "POINT (2.174817004636646 41.405772305881456)", "Type": "Bus Stop", "Evaluation": "Has PID" }, "geometry": { "type": "Point", "coordinates": [ 2.174817004636646, 41.405772305881456 ] } },
{ "type": "Feature", "properties": { "CODI_PARADA": 1142, "NOM_PARADA": "Independència - Mallorca", "MARQUESINA": 1.0, "PAL": null, "PAL SOLAR": null, "PIU": 1.0, "GEOMETRY": "POINT (2.1819044929588944 41.408977537348235)", "Type": "Bus Stop", "Evaluation": "Has PID" }, "geometry": { "type": "Point", "coordinates": [ 2.181904492958894, 41.408977537348235 ] } },
{ "type": "Feature", "properties": { "CODI_PARADA": 1143, "NOM_PARADA": "Dos de Maig - Còrsega", "MARQUESINA": 1.0, "PAL": null, "PAL SOLAR": null, "PIU": 1.0, "GEOMETRY": "POINT (2.178277479786712 41.40981681065649)", "Type": "Bus Stop", "Evaluation": "Has PID" }, "geometry": { "type": "Point", "coordinates": [ 2.178277479786712, 41.409816810656487 ] } },
{ "type": "Feature", "properties": { "CODI_PARADA": 1144, "NOM_PARADA": "Pg de Gràcia - Rosselló", "MARQUESINA": 1.0, "PAL": null, "PAL SOLAR": null, "PIU": 1.0, "GEOMETRY": "POINT (2.1601159505782004 41.395893383635425)", "Type": "Bus Stop", "Evaluation": "Has PID" }, "geometry": { "type": "Point", "coordinates": [ 2.1601159505782, 41.395893383635425 ] } },
{ "type": "Feature", "properties": { "CODI_PARADA": 1145, "NOM_PARADA": "Jaume I - Pl Lluís Companys", "MARQUESINA": null, "PAL": null, "PAL SOLAR": 1.0, "PIU": 1.0, "GEOMETRY": "POINT (2.1886041667555345 41.482075326206655)", "Type": "Bus Stop", "Evaluation": "Has PID" }, "geometry": { "type": "Point", "coordinates": [ 2.188604166755534, 41.482075326206655 ] } },
{ "type": "Feature", "properties": { "CODI_PARADA": 1146, "NOM_PARADA": "Montbau", "MARQUESINA": 1.0, "PAL": null, "PAL SOLAR": null, "PIU": null, "GEOMETRY": "POINT (2.141504466344731 41.43303342876674)", "Type": "Bus Stop", "Evaluation": "No PID" }, "geometry": { "type": "Point", "coordinates": [ 2.141504466344731, 41.433033428766741 ] } },
{ "type": "Feature", "properties": { "CODI_PARADA": 1147, "NOM_PARADA": "Metro Montbau", "MARQUESINA": 1.0, "PAL": null, "PAL SOLAR": null, "PIU": 1.0, "GEOMETRY": "POINT (2.144753680931759 41.43066704601196)", "Type": "Bus Stop", "Evaluation": "Has PID" }, "geometry": { "type": "Point", "coordinates": [ 2.144753680931759, 41.430667046011962 ] } },
{ "type": "Feature", "properties": { "CODI_PARADA": 1148, "NOM_PARADA": "Pg Vall d'Hebron - Mundet", "MARQUESINA": 1.0, "PAL": null, "PAL SOLAR": null, "PIU": null, "GEOMETRY": "POINT (2.1470396487615755 41.43503341875671)", "Type": "Bus Stop", "Evaluation": "No PID" }, "geometry": { "type": "Point", "coordinates": [ 2.147039648761575, 41.43503341875671 ] } },
{ "type": "Feature", "properties": { "CODI_PARADA": 1150, "NOM_PARADA": "Vayreda - Arquitectura", "MARQUESINA": null, "PAL": 1.0, "PAL SOLAR": null, "PIU": null, "GEOMETRY": "POINT (2.1401757140266597 41.430385424280274)", "Type": "Bus Stop", "Evaluation": "No PID" }, "geometry": { "type": "Point", "coordinates": [ 2.14017571402666, 41.430385424280274 ] } },
{ "type": "Feature", "properties": { "CODI_PARADA": 1153, "NOM_PARADA": "Cèntric", "MARQUESINA": 1.0, "PAL": null, "PAL SOLAR": null, "PIU": 1.0, "GEOMETRY": "POINT (2.09347373344603 41.32164242503498)", "Type": "Bus Stop", "Evaluation": "Has PID" }, "geometry": { "type": "Point", "coordinates": [ 2.09347373344603, 41.32164242503498 ] } },
{ "type": "Feature", "properties": { "CODI_PARADA": 1155, "NOM_PARADA": "Cèntric", "MARQUESINA": 1.0, "PAL": null, "PAL SOLAR": null, "PIU": 1.0, "GEOMETRY": "POINT (2.09354771806396 41.32155669504764)", "Type": "Bus Stop", "Evaluation": "Has PID" }, "geometry": { "type": "Point", "coordinates": [ 2.09354771806396, 41.32155669504764 ] } },
{ "type": "Feature", "properties": { "CODI_PARADA": 1156, "NOM_PARADA": "Av del Parc - Bellaterra", "MARQUESINA": 1.0, "PAL": null, "PAL SOLAR": null, "PIU": null, "GEOMETRY": "POINT (2.0736045732764743 41.35892751449964)", "Type": "Bus Stop", "Evaluation": "No PID" }, "geometry": { "type": "Point", "coordinates": [ 2.073604573276474, 41.358927514499641 ] } },
{ "type": "Feature", "properties": { "CODI_PARADA": 1157, "NOM_PARADA": "Av del Parc - Bonavista", "MARQUESINA": null, "PAL": 1.0, "PAL SOLAR": null, "PIU": null, "GEOMETRY": "POINT (2.0762647441172506 41.35956170739704)", "Type": "Bus Stop", "Evaluation": "No PID" }, "geometry": { "type": "Point", "coordinates": [ 2.076264744117251, 41.359561707397042 ] } },
{ "type": "Feature", "properties": { "CODI_PARADA": 1158, "NOM_PARADA": "Pg Torras i Bages - Residència", "MARQUESINA": 1.0, "PAL": null, "PAL SOLAR": null, "PIU": 1.0, "GEOMETRY": "POINT (2.1911090295331555 41.439348087136864)", "Type": "Bus Stop", "Evaluation": "Has PID" }, "geometry": { "type": "Point", "coordinates": [ 2.191109029533155, 41.439348087136864 ] } },
{ "type": "Feature", "properties": { "CODI_PARADA": 1159, "NOM_PARADA": "Pg Torras i Bages - Palomar", "MARQUESINA": 1.0, "PAL": null, "PAL SOLAR": null, "PIU": 1.0, "GEOMETRY": "POINT (2.1909349190294907 41.44180904030294)", "Type": "Bus Stop", "Evaluation": "Has PID" }, "geometry": { "type": "Point", "coordinates": [ 2.190934919029491, 41.441809040302942 ] } },
{ "type": "Feature", "properties": { "CODI_PARADA": 1161, "NOM_PARADA": "Pg Torras i Bages - Palomar", "MARQUESINA": 1.0, "PAL": null, "PAL SOLAR": null, "PIU": null, "GEOMETRY": "POINT (2.1907065334660216 41.44229786347722)", "Type": "Bus Stop", "Evaluation": "No PID" }, "geometry": { "type": "Point", "coordinates": [ 2.190706533466022, 41.442297863477222 ] } },
{ "type": "Feature", "properties": { "CODI_PARADA": 1163, "NOM_PARADA": "Pg Picasso - Princesa", "MARQUESINA": 1.0, "PAL": null, "PAL SOLAR": null, "PIU": 1.0, "GEOMETRY": "POINT (2.183522840776038 41.38713319665197)", "Type": "Bus Stop", "Evaluation": "Has PID" }, "geometry": { "type": "Point", "coordinates": [ 2.183522840776038, 41.387133196651973 ] } },
{ "type": "Feature", "properties": { "CODI_PARADA": 1164, "NOM_PARADA": "Pla de Palau - Pl Pau Vila", "MARQUESINA": 1.0, "PAL": null, "PAL SOLAR": null, "PIU": 1.0, "GEOMETRY": "POINT (2.1850045973391805 41.38255034318391)", "Type": "Bus Stop", "Evaluation": "Has PID" }, "geometry": { "type": "Point", "coordinates": [ 2.185004597339181, 41.382550343183908 ] } },
{ "type": "Feature", "properties": { "CODI_PARADA": 1166, "NOM_PARADA": "Meridiana - Estació d'Autobusos Fabra i Puig", "MARQUESINA": 1.0, "PAL": null, "PAL SOLAR": null, "PIU": 1.0, "GEOMETRY": "POINT (2.183016499046385 41.43056132351689)", "Type": "Bus Stop", "Evaluation": "Has PID" }, "geometry": { "type": "Point", "coordinates": [ 2.183016499046385, 41.430561323516891 ] } },
{ "type": "Feature", "properties": { "CODI_PARADA": 1167, "NOM_PARADA": "CAP Sant Andreu", "MARQUESINA": 1.0, "PAL": null, "PAL SOLAR": null, "PIU": 1.0, "GEOMETRY": "POINT (2.1836206249827397 41.43333208359636)", "Type": "Bus Stop", "Evaluation": "Has PID" }, "geometry": { "type": "Point", "coordinates": [ 2.18362062498274, 41.433332083596362 ] } },
{ "type": "Feature", "properties": { "CODI_PARADA": 1168, "NOM_PARADA": "S'Agaró - Llosa", "MARQUESINA": null, "PAL": 1.0, "PAL SOLAR": null, "PIU": null, "GEOMETRY": "POINT (2.187541045054818 41.449237471616755)", "Type": "Bus Stop", "Evaluation": "No PID" }, "geometry": { "type": "Point", "coordinates": [ 2.187541045054818, 41.449237471616755 ] } },
{ "type": "Feature", "properties": { "CODI_PARADA": 1172, "NOM_PARADA": "Via Favència - IES Guineueta", "MARQUESINA": 1.0, "PAL": null, "PAL SOLAR": null, "PIU": 1.0, "GEOMETRY": "POINT (2.1722570731277497 41.44344963650299)", "Type": "Bus Stop", "Evaluation": "Has PID" }, "geometry": { "type": "Point", "coordinates": [ 2.17225707312775, 41.44344963650299 ] } },
{ "type": "Feature", "properties": { "CODI_PARADA": 1173, "NOM_PARADA": "Gran Via - Química", "MARQUESINA": 1.0, "PAL": null, "PAL SOLAR": null, "PIU": 1.0, "GEOMETRY": "POINT (2.136399222189565 41.365222868632685)", "Type": "Bus Stop", "Evaluation": "Has PID" }, "geometry": { "type": "Point", "coordinates": [ 2.136399222189565, 41.365222868632685 ] } },
{ "type": "Feature", "properties": { "CODI_PARADA": 1174, "NOM_PARADA": "Artesania - Antonio Machado", "MARQUESINA": null, "PAL": 1.0, "PAL SOLAR": null, "PIU": null, "GEOMETRY": "POINT (2.1709699347345923 41.44516715457104)", "Type": "Bus Stop", "Evaluation": "No PID" }, "geometry": { "type": "Point", "coordinates": [ 2.170969934734592, 41.445167154571038 ] } },
{ "type": "Feature", "properties": { "CODI_PARADA": 1176, "NOM_PARADA": "Via Favència - Palamós", "MARQUESINA": 1.0, "PAL": null, "PAL SOLAR": null, "PIU": null, "GEOMETRY": "POINT (2.184237885514926 41.44649611322711)", "Type": "Bus Stop", "Evaluation": "No PID" }, "geometry": { "type": "Point", "coordinates": [ 2.184237885514926, 41.446496113227113 ] } },
{ "type": "Feature", "properties": { "CODI_PARADA": 1178, "NOM_PARADA": "Pont del Treball Digne - Santander", "MARQUESINA": 1.0, "PAL": null, "PAL SOLAR": null, "PIU": 1.0, "GEOMETRY": "POINT (2.1964942932939384 41.42207266136161)", "Type": "Bus Stop", "Evaluation": "Has PID" }, "geometry": { "type": "Point", "coordinates": [ 2.196494293293938, 41.422072661361611 ] } },
{ "type": "Feature", "properties": { "CODI_PARADA": 1180, "NOM_PARADA": "Rambla Prim - Cantàbria", "MARQUESINA": 1.0, "PAL": null, "PAL SOLAR": null, "PIU": 1.0, "GEOMETRY": "POINT (2.200925155716267 41.424881224870965)", "Type": "Bus Stop", "Evaluation": "Has PID" }, "geometry": { "type": "Point", "coordinates": [ 2.200925155716267, 41.424881224870965 ] } },
{ "type": "Feature", "properties": { "CODI_PARADA": 1181, "NOM_PARADA": "Rambla Prim - Guipúscoa", "MARQUESINA": 1.0, "PAL": null, "PAL SOLAR": null, "PIU": 1.0, "GEOMETRY": "POINT (2.2042692182894132 41.42235923967989)", "Type": "Bus Stop", "Evaluation": "Has PID" }, "geometry": { "type": "Point", "coordinates": [ 2.204269218289413, 41.422359239679892 ] } },
{ "type": "Feature", "properties": { "CODI_PARADA": 1185, "NOM_PARADA": "Paral·lel - Av Mistral", "MARQUESINA": 1.0, "PAL": null, "PAL SOLAR": null, "PIU": 1.0, "GEOMETRY": "POINT (2.152629119321041 41.37512773809813)", "Type": "Bus Stop", "Evaluation": "Has PID" }, "geometry": { "type": "Point", "coordinates": [ 2.152629119321041, 41.375127738098129 ] } },
{ "type": "Feature", "properties": { "CODI_PARADA": 1187, "NOM_PARADA": "Universitat Autònoma de Barcelona", "MARQUESINA": null, "PAL": 1.0, "PAL SOLAR": null, "PIU": null, "GEOMETRY": "POINT (2.137190524697108 41.42808797826857)", "Type": "Bus Stop", "Evaluation": "No PID" }, "geometry": { "type": "Point", "coordinates": [ 2.137190524697108, 41.428087978268572 ] } },
{ "type": "Feature", "properties": { "CODI_PARADA": 1188, "NOM_PARADA": "Natzaret - Av Jordà", "MARQUESINA": null, "PAL": 1.0, "PAL SOLAR": null, "PIU": null, "GEOMETRY": "POINT (2.1368395766874664 41.427514476656775)", "Type": "Bus Stop", "Evaluation": "No PID" }, "geometry": { "type": "Point", "coordinates": [ 2.136839576687466, 41.427514476656775 ] } },
{ "type": "Feature", "properties": { "CODI_PARADA": 1190, "NOM_PARADA": "Bac de Roda - Gran Via", "MARQUESINA": 1.0, "PAL": null, "PAL SOLAR": null, "PIU": 1.0, "GEOMETRY": "POINT (2.1975212075070747 41.4124931742956)", "Type": "Bus Stop", "Evaluation": "Has PID" }, "geometry": { "type": "Point", "coordinates": [ 2.197521207507075, 41.412493174295598 ] } },
{ "type": "Feature", "properties": { "CODI_PARADA": 1191, "NOM_PARADA": "Bilbao - Concili de Trento", "MARQUESINA": 1.0, "PAL": null, "PAL SOLAR": null, "PIU": null, "GEOMETRY": "POINT (2.1920251099024446 41.41133553090222)", "Type": "Bus Stop", "Evaluation": "No PID" }, "geometry": { "type": "Point", "coordinates": [ 2.192025109902445, 41.411335530902221 ] } },
{ "type": "Feature", "properties": { "CODI_PARADA": 1193, "NOM_PARADA": "Jorge Manrique - Can Travi", "MARQUESINA": 1.0, "PAL": null, "PAL SOLAR": null, "PIU": null, "GEOMETRY": "POINT (2.1494902458368452 41.43156073067106)", "Type": "Bus Stop", "Evaluation": "No PID" }, "geometry": { "type": "Point", "coordinates": [ 2.149490245836845, 41.431560730671059 ] } },
{ "type": "Feature", "properties": { "CODI_PARADA": 1194, "NOM_PARADA": "Badal - Constitució", "MARQUESINA": null, "PAL": 1.0, "PAL SOLAR": null, "PIU": null, "GEOMETRY": "POINT (2.132775585593586 41.368596597992116)", "Type": "Bus Stop", "Evaluation": "No PID" }, "geometry": { "type": "Point", "coordinates": [ 2.132775585593586, 41.368596597992116 ] } },
{ "type": "Feature", "properties": { "CODI_PARADA": 1195, "NOM_PARADA": "Vallcarca", "MARQUESINA": null, "PAL": 1.0, "PAL SOLAR": null, "PIU": null, "GEOMETRY": "POINT (2.1442355104898336 41.413061568367944)", "Type": "Bus Stop", "Evaluation": "No PID" }, "geometry": { "type": "Point", "coordinates": [ 2.144235510489834, 41.413061568367944 ] } },
{ "type": "Feature", "properties": { "CODI_PARADA": 1196, "NOM_PARADA": "Isaac Newton - Lleó XIII", "MARQUESINA": 1.0, "PAL": null, "PAL SOLAR": null, "PIU": 1.0, "GEOMETRY": "POINT (2.135836458945553 41.41489457657879)", "Type": "Bus Stop", "Evaluation": "Has PID" }, "geometry": { "type": "Point", "coordinates": [ 2.135836458945553, 41.414894576578789 ] } },
{ "type": "Feature", "properties": { "CODI_PARADA": 1197, "NOM_PARADA": "Ctra d'Esplugues - Oliverar", "MARQUESINA": 1.0, "PAL": null, "PAL SOLAR": null, "PIU": null, "GEOMETRY": "POINT (2.0778294575571254 41.3666513203364)", "Type": "Bus Stop", "Evaluation": "No PID" }, "geometry": { "type": "Point", "coordinates": [ 2.077829457557125, 41.366651320336402 ] } },
{ "type": "Feature", "properties": { "CODI_PARADA": 1198, "NOM_PARADA": "Av Sant Ildefons - Dàlia", "MARQUESINA": null, "PAL": null, "PAL SOLAR": 1.0, "PIU": 1.0, "GEOMETRY": "POINT (2.082364279098731 41.362153739276245)", "Type": "Bus Stop", "Evaluation": "Has PID" }, "geometry": { "type": "Point", "coordinates": [ 2.082364279098731, 41.362153739276245 ] } },
{ "type": "Feature", "properties": { "CODI_PARADA": 1199, "NOM_PARADA": "Av Sant Ildefons - Marfull", "MARQUESINA": 1.0, "PAL": null, "PAL SOLAR": null, "PIU": null, "GEOMETRY": "POINT (2.081164666274202 41.36052451679089)", "Type": "Bus Stop", "Evaluation": "No PID" }, "geometry": { "type": "Point", "coordinates": [ 2.081164666274202, 41.360524516790889 ] } },
{ "type": "Feature", "properties": { "CODI_PARADA": 1200, "NOM_PARADA": "Ctra d'Esplugues - La Miranda", "MARQUESINA": 1.0, "PAL": null, "PAL SOLAR": null, "PIU": null, "GEOMETRY": "POINT (2.072780096468885 41.36113564224087)", "Type": "Bus Stop", "Evaluation": "No PID" }, "geometry": { "type": "Point", "coordinates": [ 2.072780096468885, 41.361135642240868 ] } },
{ "type": "Feature", "properties": { "CODI_PARADA": 1201, "NOM_PARADA": "Ctra d'Esplugues - Pl del Sol", "MARQUESINA": null, "PAL": null, "PAL SOLAR": 1.0, "PIU": 1.0, "GEOMETRY": "POINT (2.0759463469242796 41.36440123956796)", "Type": "Bus Stop", "Evaluation": "Has PID" }, "geometry": { "type": "Point", "coordinates": [ 2.07594634692428, 41.364401239567961 ] } },
{ "type": "Feature", "properties": { "CODI_PARADA": 1202, "NOM_PARADA": "Av de Sant Ildefons - Avet", "MARQUESINA": null, "PAL": null, "PAL SOLAR": 1.0, "PIU": 1.0, "GEOMETRY": "POINT (2.082788728261234 41.365504130238186)", "Type": "Bus Stop", "Evaluation": "Has PID" }, "geometry": { "type": "Point", "coordinates": [ 2.082788728261234, 41.365504130238186 ] } },
{ "type": "Feature", "properties": { "CODI_PARADA": 1203, "NOM_PARADA": "Av de Sant Ildefons - Ctra d'Esplugues", "MARQUESINA": 1.0, "PAL": null, "PAL SOLAR": null, "PIU": null, "GEOMETRY": "POINT (2.0802796661697145 41.367453527801324)", "Type": "Bus Stop", "Evaluation": "No PID" }, "geometry": { "type": "Point", "coordinates": [ 2.080279666169714, 41.367453527801324 ] } },
{ "type": "Feature", "properties": { "CODI_PARADA": 1204, "NOM_PARADA": "Pg Santa Coloma - Pl de la Modernitat", "MARQUESINA": 1.0, "PAL": null, "PAL SOLAR": null, "PIU": null, "GEOMETRY": "POINT (2.1934503479020333 41.446179402142434)", "Type": "Bus Stop", "Evaluation": "No PID" }, "geometry": { "type": "Point", "coordinates": [ 2.193450347902033, 41.446179402142434 ] } },
{ "type": "Feature", "properties": { "CODI_PARADA": 1205, "NOM_PARADA": "Pg Santa Coloma - Tiana", "MARQUESINA": 1.0, "PAL": null, "PAL SOLAR": null, "PIU": 1.0, "GEOMETRY": "POINT (2.1995439590709553 41.44831297789975)", "Type": "Bus Stop", "Evaluation": "Has PID" }, "geometry": { "type": "Point", "coordinates": [ 2.199543959070955, 41.448312977899747 ] } },
{ "type": "Feature", "properties": { "CODI_PARADA": 1206, "NOM_PARADA": "CEM Julio Méndez", "MARQUESINA": 1.0, "PAL": null, "PAL SOLAR": null, "PIU": null, "GEOMETRY": "POINT (2.0910603321275034 41.31612627707926)", "Type": "Bus Stop", "Evaluation": "No PID" }, "geometry": { "type": "Point", "coordinates": [ 2.091060332127503, 41.316126277079263 ] } },
{ "type": "Feature", "properties": { "CODI_PARADA": 1207, "NOM_PARADA": "Mallorca - Pg de Gràcia", "MARQUESINA": 1.0, "PAL": null, "PAL SOLAR": null, "PIU": 1.0, "GEOMETRY": "POINT (2.1617992601541283 41.39333604025315)", "Type": "Bus Stop", "Evaluation": "Has PID" }, "geometry": { "type": "Point", "coordinates": [ 2.161799260154128, 41.393336040253153 ] } },
{ "type": "Feature", "properties": { "CODI_PARADA": 1208, "NOM_PARADA": "Pl Catalunya - Rambla Catalunya", "MARQUESINA": 1.0, "PAL": null, "PAL SOLAR": null, "PIU": null, "GEOMETRY": "POINT (2.1688313847287133 41.3875747173585)", "Type": "Bus Stop", "Evaluation": "No PID" }, "geometry": { "type": "Point", "coordinates": [ 2.168831384728713, 41.387574717358497 ] } },
{ "type": "Feature", "properties": { "CODI_PARADA": 1209, "NOM_PARADA": "Gran Via - Balmes", "MARQUESINA": 1.0, "PAL": null, "PAL SOLAR": null, "PIU": 1.0, "GEOMETRY": "POINT (2.1664308690297944 41.38793112806899)", "Type": "Bus Stop", "Evaluation": "Has PID" }, "geometry": { "type": "Point", "coordinates": [ 2.166430869029794, 41.387931128068992 ] } },
{ "type": "Feature", "properties": { "CODI_PARADA": 1210, "NOM_PARADA": "Pl Catalunya - Pg de Gràcia", "MARQUESINA": 1.0, "PAL": null, "PAL SOLAR": null, "PIU": 1.0, "GEOMETRY": "POINT (2.169316231437628 41.38775693199625)", "Type": "Bus Stop", "Evaluation": "Has PID" }, "geometry": { "type": "Point", "coordinates": [ 2.169316231437628, 41.38775693199625 ] } },
{ "type": "Feature", "properties": { "CODI_PARADA": 1211, "NOM_PARADA": "Rambla Sant Just - Ctra Reial", "MARQUESINA": 1.0, "PAL": null, "PAL SOLAR": null, "PIU": null, "GEOMETRY": "POINT (2.075891716968165 41.37935094348523)", "Type": "Bus Stop", "Evaluation": "No PID" }, "geometry": { "type": "Point", "coordinates": [ 2.075891716968165, 41.379350943485228 ] } },
{ "type": "Feature", "properties": { "CODI_PARADA": 1212, "NOM_PARADA": "Parc de la Rambla", "MARQUESINA": 1.0, "PAL": null, "PAL SOLAR": null, "PIU": null, "GEOMETRY": "POINT (2.075248914332885 41.38034049073146)", "Type": "Bus Stop", "Evaluation": "No PID" }, "geometry": { "type": "Point", "coordinates": [ 2.075248914332885, 41.380340490731463 ] } },
{ "type": "Feature", "properties": { "CODI_PARADA": 1213, "NOM_PARADA": "Anselm Clavé - Av Catalunya", "MARQUESINA": null, "PAL": 1.0, "PAL SOLAR": null, "PIU": null, "GEOMETRY": "POINT (2.183393367394636 41.492141849069164)", "Type": "Bus Stop", "Evaluation": "No PID" }, "geometry": { "type": "Point", "coordinates": [ 2.183393367394636, 41.492141849069164 ] } },
{ "type": "Feature", "properties": { "CODI_PARADA": 1214, "NOM_PARADA": "Ana María Matute - Pl Sanllehy", "MARQUESINA": 1.0, "PAL": null, "PAL SOLAR": null, "PIU": 1.0, "GEOMETRY": "POINT (2.160693831835782 41.41397056956866)", "Type": "Bus Stop", "Evaluation": "Has PID" }, "geometry": { "type": "Point", "coordinates": [ 2.160693831835782, 41.413970569568662 ] } },
{ "type": "Feature", "properties": { "CODI_PARADA": 1215, "NOM_PARADA": "Ana María Matute - Miquel Sants Oliver", "MARQUESINA": null, "PAL": 1.0, "PAL SOLAR": null, "PIU": null, "GEOMETRY": "POINT (2.1584123746292625 41.41520706650557)", "Type": "Bus Stop", "Evaluation": "No PID" }, "geometry": { "type": "Point", "coordinates": [ 2.158412374629262, 41.415207066505573 ] } },
{ "type": "Feature", "properties": { "CODI_PARADA": 1217, "NOM_PARADA": "Ctra del Carmel - Albert Llanas", "MARQUESINA": 1.0, "PAL": null, "PAL SOLAR": null, "PIU": null, "GEOMETRY": "POINT (2.156468707874496 41.416461567934086)", "Type": "Bus Stop", "Evaluation": "No PID" }, "geometry": { "type": "Point", "coordinates": [ 2.156468707874496, 41.416461567934086 ] } },
{ "type": "Feature", "properties": { "CODI_PARADA": 1218, "NOM_PARADA": "Ctra del Carmel - Pl Raimon Casellas", "MARQUESINA": 1.0, "PAL": null, "PAL SOLAR": null, "PIU": 1.0, "GEOMETRY": "POINT (2.1588328635790766 41.41683470035339)", "Type": "Bus Stop", "Evaluation": "Has PID" }, "geometry": { "type": "Point", "coordinates": [ 2.158832863579077, 41.416834700353391 ] } },
{ "type": "Feature", "properties": { "CODI_PARADA": 1219, "NOM_PARADA": "Ctra del Carmel - Can Xirot", "MARQUESINA": 1.0, "PAL": null, "PAL SOLAR": null, "PIU": null, "GEOMETRY": "POINT (2.1564579301238243 41.41697200193968)", "Type": "Bus Stop", "Evaluation": "No PID" }, "geometry": { "type": "Point", "coordinates": [ 2.156457930123824, 41.416972001939683 ] } },
{ "type": "Feature", "properties": { "CODI_PARADA": 1221, "NOM_PARADA": "Ctra del Carmel - Ptge Josefina Torrens Illas", "MARQUESINA": 1.0, "PAL": null, "PAL SOLAR": null, "PIU": null, "GEOMETRY": "POINT (2.1568035374514225 41.415645642745694)", "Type": "Bus Stop", "Evaluation": "No PID" }, "geometry": { "type": "Point", "coordinates": [ 2.156803537451423, 41.415645642745694 ] } },
{ "type": "Feature", "properties": { "CODI_PARADA": 1222, "NOM_PARADA": "Ana María Matute - Av Pompeu Fabra", "MARQUESINA": null, "PAL": 1.0, "PAL SOLAR": null, "PIU": null, "GEOMETRY": "POINT (2.1586042448736245 41.414883599162614)", "Type": "Bus Stop", "Evaluation": "No PID" }, "geometry": { "type": "Point", "coordinates": [ 2.158604244873624, 41.414883599162614 ] } },
{ "type": "Feature", "properties": { "CODI_PARADA": 1223, "NOM_PARADA": "C N Catalunya - Park Güell", "MARQUESINA": 1.0, "PAL": null, "PAL SOLAR": null, "PIU": 1.0, "GEOMETRY": "POINT (2.1567933308854514 41.41578173400051)", "Type": "Bus Stop", "Evaluation": "Has PID" }, "geometry": { "type": "Point", "coordinates": [ 2.156793330885451, 41.415781734000511 ] } },
{ "type": "Feature", "properties": { "CODI_PARADA": 1224, "NOM_PARADA": "Mallorca - Rogent", "MARQUESINA": 1.0, "PAL": null, "PAL SOLAR": null, "PIU": 1.0, "GEOMETRY": "POINT (2.184429036957633 41.41032401499738)", "Type": "Bus Stop", "Evaluation": "Has PID" }, "geometry": { "type": "Point", "coordinates": [ 2.184429036957633, 41.410324014997379 ] } },
{ "type": "Feature", "properties": { "CODI_PARADA": 1225, "NOM_PARADA": "Sant Antoni Maria Claret - Nàpols", "MARQUESINA": 1.0, "PAL": null, "PAL SOLAR": null, "PIU": 1.0, "GEOMETRY": "POINT (2.1658756219655544 41.40490017993776)", "Type": "Bus Stop", "Evaluation": "Has PID" }, "geometry": { "type": "Point", "coordinates": [ 2.165875621965554, 41.404900179937762 ] } },
{ "type": "Feature", "properties": { "CODI_PARADA": 1226, "NOM_PARADA": "Pg Pujades - Parc de la Ciutadella", "MARQUESINA": 1.0, "PAL": null, "PAL SOLAR": null, "PIU": 1.0, "GEOMETRY": "POINT (2.1853651556096287 41.390461126407864)", "Type": "Bus Stop", "Evaluation": "Has PID" }, "geometry": { "type": "Point", "coordinates": [ 2.185365155609629, 41.390461126407864 ] } },
{ "type": "Feature", "properties": { "CODI_PARADA": 1227, "NOM_PARADA": "Mallorca - Pg Sant Joan", "MARQUESINA": 1.0, "PAL": null, "PAL SOLAR": null, "PIU": 1.0, "GEOMETRY": "POINT (2.1704281920231985 41.39983881487022)", "Type": "Bus Stop", "Evaluation": "Has PID" }, "geometry": { "type": "Point", "coordinates": [ 2.170428192023198, 41.399838814870222 ] } },
{ "type": "Feature", "properties": { "CODI_PARADA": 1228, "NOM_PARADA": "València - Pg Sant Joan", "MARQUESINA": 1.0, "PAL": null, "PAL SOLAR": null, "PIU": 1.0, "GEOMETRY": "POINT (2.171627740393997 41.39887304932722)", "Type": "Bus Stop", "Evaluation": "Has PID" }, "geometry": { "type": "Point", "coordinates": [ 2.171627740393997, 41.398873049327221 ] } },
{ "type": "Feature", "properties": { "CODI_PARADA": 1230, "NOM_PARADA": "Gran Via - Roger de Flor", "MARQUESINA": null, "PAL": null, "PAL SOLAR": 1.0, "PIU": 1.0, "GEOMETRY": "POINT (2.176897936515442 41.396190517010055)", "Type": "Bus Stop", "Evaluation": "Has PID" }, "geometry": { "type": "Point", "coordinates": [ 2.176897936515442, 41.396190517010055 ] } },
{ "type": "Feature", "properties": { "CODI_PARADA": 1232, "NOM_PARADA": "Pg Maragall - Rda Guinardó", "MARQUESINA": null, "PAL": null, "PAL SOLAR": 1.0, "PIU": 1.0, "GEOMETRY": "POINT (2.1770858702228146 41.4242419829872)", "Type": "Bus Stop", "Evaluation": "Has PID" }, "geometry": { "type": "Point", "coordinates": [ 2.177085870222815, 41.424241982987198 ] } },
{ "type": "Feature", "properties": { "CODI_PARADA": 1234, "NOM_PARADA": "Padilla - Llorens i Barba", "MARQUESINA": 1.0, "PAL": null, "PAL SOLAR": null, "PIU": null, "GEOMETRY": "POINT (2.1699067553113798 41.41130635167585)", "Type": "Bus Stop", "Evaluation": "No PID" }, "geometry": { "type": "Point", "coordinates": [ 2.16990675531138, 41.411306351675847 ] } },
{ "type": "Feature", "properties": { "CODI_PARADA": 1235, "NOM_PARADA": "Pg Maragall - Av Frederic Rahola", "MARQUESINA": 1.0, "PAL": null, "PAL SOLAR": null, "PIU": null, "GEOMETRY": "POINT (2.164693706421728 41.42776278381151)", "Type": "Bus Stop", "Evaluation": "No PID" }, "geometry": { "type": "Point", "coordinates": [ 2.164693706421728, 41.427762783811509 ] } },
{ "type": "Feature", "properties": { "CODI_PARADA": 1236, "NOM_PARADA": "Pedrell - Font d'en Fargas", "MARQUESINA": null, "PAL": 1.0, "PAL SOLAR": null, "PIU": null, "GEOMETRY": "POINT (2.166169636141232 41.42446532966803)", "Type": "Bus Stop", "Evaluation": "No PID" }, "geometry": { "type": "Point", "coordinates": [ 2.166169636141232, 41.424465329668031 ] } },
{ "type": "Feature", "properties": { "CODI_PARADA": 1237, "NOM_PARADA": "Pedrell - Av Frederic Rahola", "MARQUESINA": null, "PAL": 1.0, "PAL SOLAR": null, "PIU": null, "GEOMETRY": "POINT (2.168548934341645 41.42417454858948)", "Type": "Bus Stop", "Evaluation": "No PID" }, "geometry": { "type": "Point", "coordinates": [ 2.168548934341645, 41.424174548589477 ] } },
{ "type": "Feature", "properties": { "CODI_PARADA": 1240, "NOM_PARADA": "Meridiana - Av Rio de Janeiro", "MARQUESINA": 1.0, "PAL": null, "PAL SOLAR": null, "PIU": null, "GEOMETRY": "POINT (2.1862099006713187 41.443040609522036)", "Type": "Bus Stop", "Evaluation": "No PID" }, "geometry": { "type": "Point", "coordinates": [ 2.186209900671319, 41.443040609522036 ] } },
{ "type": "Feature", "properties": { "CODI_PARADA": 1242, "NOM_PARADA": "Pg Valldaura - Av Rio de Janeiro", "MARQUESINA": 1.0, "PAL": null, "PAL SOLAR": null, "PIU": 1.0, "GEOMETRY": "POINT (2.1826041136559997 41.439439873671205)", "Type": "Bus Stop", "Evaluation": "Has PID" }, "geometry": { "type": "Point", "coordinates": [ 2.182604113656, 41.439439873671205 ] } },
{ "type": "Feature", "properties": { "CODI_PARADA": 1243, "NOM_PARADA": "Montserrat de Casanovas - Marí", "MARQUESINA": null, "PAL": 1.0, "PAL SOLAR": null, "PIU": null, "GEOMETRY": "POINT (2.161914479803308 41.42241415979644)", "Type": "Bus Stop", "Evaluation": "No PID" }, "geometry": { "type": "Point", "coordinates": [ 2.161914479803308, 41.422414159796439 ] } },
{ "type": "Feature", "properties": { "CODI_PARADA": 1244, "NOM_PARADA": "Montserrat de Casanovas - Passerell", "MARQUESINA": null, "PAL": 1.0, "PAL SOLAR": null, "PIU": null, "GEOMETRY": "POINT (2.159241480332353 41.42154697182292)", "Type": "Bus Stop", "Evaluation": "No PID" }, "geometry": { "type": "Point", "coordinates": [ 2.159241480332353, 41.42154697182292 ] } },
{ "type": "Feature", "properties": { "CODI_PARADA": 1246, "NOM_PARADA": "Gran Via - Llúria", "MARQUESINA": null, "PAL": null, "PAL SOLAR": 1.0, "PIU": 1.0, "GEOMETRY": "POINT (2.1712363131296697 41.3919370694665)", "Type": "Bus Stop", "Evaluation": "Has PID" }, "geometry": { "type": "Point", "coordinates": [ 2.17123631312967, 41.391937069466501 ] } },
{ "type": "Feature", "properties": { "CODI_PARADA": 1247, "NOM_PARADA": "València - Roger de Llúria", "MARQUESINA": 1.0, "PAL": null, "PAL SOLAR": null, "PIU": 1.0, "GEOMETRY": "POINT (2.166027845652521 41.394665715733176)", "Type": "Bus Stop", "Evaluation": "Has PID" }, "geometry": { "type": "Point", "coordinates": [ 2.166027845652521, 41.394665715733176 ] } },
{ "type": "Feature", "properties": { "CODI_PARADA": 1252, "NOM_PARADA": "Mercat Vall d'Hebron", "MARQUESINA": 1.0, "PAL": null, "PAL SOLAR": null, "PIU": 1.0, "GEOMETRY": "POINT (2.1429081604393576 41.425199436126306)", "Type": "Bus Stop", "Evaluation": "Has PID" }, "geometry": { "type": "Point", "coordinates": [ 2.142908160439358, 41.425199436126306 ] } },
{ "type": "Feature", "properties": { "CODI_PARADA": 1253, "NOM_PARADA": "Josep Tarradellas - París", "MARQUESINA": 1.0, "PAL": null, "PAL SOLAR": null, "PIU": 1.0, "GEOMETRY": "POINT (2.1429760160684315 41.38641012785513)", "Type": "Bus Stop", "Evaluation": "Has PID" }, "geometry": { "type": "Point", "coordinates": [ 2.142976016068431, 41.386410127855129 ] } },
{ "type": "Feature", "properties": { "CODI_PARADA": 1254, "NOM_PARADA": "Gran Via - Entença", "MARQUESINA": 1.0, "PAL": null, "PAL SOLAR": null, "PIU": 1.0, "GEOMETRY": "POINT (2.153719341344082 41.378385053005495)", "Type": "Bus Stop", "Evaluation": "Has PID" }, "geometry": { "type": "Point", "coordinates": [ 2.153719341344082, 41.378385053005495 ] } },
{ "type": "Feature", "properties": { "CODI_PARADA": 1255, "NOM_PARADA": "Sepúlveda - Rocafort", "MARQUESINA": 1.0, "PAL": null, "PAL SOLAR": null, "PIU": 1.0, "GEOMETRY": "POINT (2.1546696178949656 41.37737725539947)", "Type": "Bus Stop", "Evaluation": "Has PID" }, "geometry": { "type": "Point", "coordinates": [ 2.154669617894966, 41.377377255399473 ] } },
{ "type": "Feature", "properties": { "CODI_PARADA": 1257, "NOM_PARADA": "Pl Catalunya - Ronda Sant Pere", "MARQUESINA": 1.0, "PAL": null, "PAL SOLAR": null, "PIU": 1.0, "GEOMETRY": "POINT (2.1705469249195475 41.38772685497326)", "Type": "Bus Stop", "Evaluation": "Has PID" }, "geometry": { "type": "Point", "coordinates": [ 2.170546924919547, 41.387726854973259 ] } },
{ "type": "Feature", "properties": { "CODI_PARADA": 1258, "NOM_PARADA": "La Rambla - Pl Catalunya", "MARQUESINA": null, "PAL": null, "PAL SOLAR": 1.0, "PIU": 1.0, "GEOMETRY": "POINT (2.1704227156285465 41.38535983156951)", "Type": "Bus Stop", "Evaluation": "Has PID" }, "geometry": { "type": "Point", "coordinates": [ 2.170422715628546, 41.385359831569509 ] } },
{ "type": "Feature", "properties": { "CODI_PARADA": 1259, "NOM_PARADA": "Collblanc - Cardenal Reig", "MARQUESINA": null, "PAL": 1.0, "PAL SOLAR": null, "PIU": null, "GEOMETRY": "POINT (2.1146390084502737 41.37591909829384)", "Type": "Bus Stop", "Evaluation": "No PID" }, "geometry": { "type": "Point", "coordinates": [ 2.114639008450274, 41.375919098293842 ] } },
{ "type": "Feature", "properties": { "CODI_PARADA": 1260, "NOM_PARADA": "Gran de Gràcia - Trav de Gràcia", "MARQUESINA": null, "PAL": 1.0, "PAL SOLAR": null, "PIU": null, "GEOMETRY": "POINT (2.155028718851668 41.40027888481943)", "Type": "Bus Stop", "Evaluation": "No PID" }, "geometry": { "type": "Point", "coordinates": [ 2.155028718851668, 41.400278884819429 ] } },
{ "type": "Feature", "properties": { "CODI_PARADA": 1261, "NOM_PARADA": "Gran de Gràcia - Metro Fontana", "MARQUESINA": 1.0, "PAL": null, "PAL SOLAR": null, "PIU": 1.0, "GEOMETRY": "POINT (2.1532740974486053 41.401808844866274)", "Type": "Bus Stop", "Evaluation": "Has PID" }, "geometry": { "type": "Point", "coordinates": [ 2.153274097448605, 41.401808844866274 ] } },
{ "type": "Feature", "properties": { "CODI_PARADA": 1262, "NOM_PARADA": "Pl Gal·la Placídia", "MARQUESINA": 1.0, "PAL": null, "PAL SOLAR": null, "PIU": 1.0, "GEOMETRY": "POINT (2.152082281350405 41.39990117212517)", "Type": "Bus Stop", "Evaluation": "Has PID" }, "geometry": { "type": "Point", "coordinates": [ 2.152082281350405, 41.399901172125169 ] } },
{ "type": "Feature", "properties": { "CODI_PARADA": 1263, "NOM_PARADA": "Bruc - Còrsega", "MARQUESINA": 1.0, "PAL": null, "PAL SOLAR": null, "PIU": null, "GEOMETRY": "POINT (2.163438762082296 41.39884037106272)", "Type": "Bus Stop", "Evaluation": "No PID" }, "geometry": { "type": "Point", "coordinates": [ 2.163438762082296, 41.398840371062718 ] } },
{ "type": "Feature", "properties": { "CODI_PARADA": 1264, "NOM_PARADA": "Villarroel - Hospital Clínic", "MARQUESINA": 1.0, "PAL": null, "PAL SOLAR": null, "PIU": 1.0, "GEOMETRY": "POINT (2.1511342522268415 41.38938229832065)", "Type": "Bus Stop", "Evaluation": "Has PID" }, "geometry": { "type": "Point", "coordinates": [ 2.151134252226842, 41.389382298320648 ] } },
{ "type": "Feature", "properties": { "CODI_PARADA": 1265, "NOM_PARADA": "Pg de Sant Joan - Còrsega", "MARQUESINA": null, "PAL": null, "PAL SOLAR": 1.0, "PIU": 1.0, "GEOMETRY": "POINT (2.165655185730431 41.40207425826821)", "Type": "Bus Stop", "Evaluation": "Has PID" }, "geometry": { "type": "Point", "coordinates": [ 2.165655185730431, 41.402074258268208 ] } },
{ "type": "Feature", "properties": { "CODI_PARADA": 1267, "NOM_PARADA": "Calàbria - Provença", "MARQUESINA": 1.0, "PAL": null, "PAL SOLAR": null, "PIU": null, "GEOMETRY": "POINT (2.147953944210127 41.38509923599778)", "Type": "Bus Stop", "Evaluation": "No PID" }, "geometry": { "type": "Point", "coordinates": [ 2.147953944210127, 41.385099235997778 ] } },
{ "type": "Feature", "properties": { "CODI_PARADA": 1268, "NOM_PARADA": "Muntaner - Rosselló", "MARQUESINA": 1.0, "PAL": null, "PAL SOLAR": null, "PIU": 1.0, "GEOMETRY": "POINT (2.153438855907815 41.39105904545249)", "Type": "Bus Stop", "Evaluation": "Has PID" }, "geometry": { "type": "Point", "coordinates": [ 2.153438855907815, 41.391059045452486 ] } },
{ "type": "Feature", "properties": { "CODI_PARADA": 1271, "NOM_PARADA": "Pl Catalunya - Bergara", "MARQUESINA": 1.0, "PAL": null, "PAL SOLAR": null, "PIU": null, "GEOMETRY": "POINT (2.169525158601391 41.38655187972881)", "Type": "Bus Stop", "Evaluation": "No PID" }, "geometry": { "type": "Point", "coordinates": [ 2.169525158601391, 41.386551879728813 ] } },
{ "type": "Feature", "properties": { "CODI_PARADA": 1273, "NOM_PARADA": "Llull - Llacuna", "MARQUESINA": 1.0, "PAL": null, "PAL SOLAR": null, "PIU": 1.0, "GEOMETRY": "POINT (2.2010197894630386 41.40006589991338)", "Type": "Bus Stop", "Evaluation": "Has PID" }, "geometry": { "type": "Point", "coordinates": [ 2.201019789463039, 41.400065899913379 ] } },
{ "type": "Feature", "properties": { "CODI_PARADA": 1274, "NOM_PARADA": "Pujades - Bilbao", "MARQUESINA": 1.0, "PAL": null, "PAL SOLAR": null, "PIU": null, "GEOMETRY": "POINT (2.202359995035031 41.40301392772398)", "Type": "Bus Stop", "Evaluation": "No PID" }, "geometry": { "type": "Point", "coordinates": [ 2.202359995035031, 41.403013927723983 ] } },
{ "type": "Feature", "properties": { "CODI_PARADA": 1275, "NOM_PARADA": "Pallars - Rambla del Poblenou", "MARQUESINA": 1.0, "PAL": null, "PAL SOLAR": null, "PIU": null, "GEOMETRY": "POINT (2.199050154151314 41.402029230363944)", "Type": "Bus Stop", "Evaluation": "No PID" }, "geometry": { "type": "Point", "coordinates": [ 2.199050154151314, 41.402029230363944 ] } },
{ "type": "Feature", "properties": { "CODI_PARADA": 1278, "NOM_PARADA": "Marina - Doctor Trueta", "MARQUESINA": 1.0, "PAL": null, "PAL SOLAR": null, "PIU": 1.0, "GEOMETRY": "POINT (2.1921811039897454 41.390943915570865)", "Type": "Bus Stop", "Evaluation": "Has PID" }, "geometry": { "type": "Point", "coordinates": [ 2.192181103989745, 41.390943915570865 ] } },
{ "type": "Feature", "properties": { "CODI_PARADA": 1279, "NOM_PARADA": "Av Elies Pagès", "MARQUESINA": null, "PAL": 1.0, "PAL SOLAR": null, "PIU": null, "GEOMETRY": "POINT (2.132870107683607 41.42836367344769)", "Type": "Bus Stop", "Evaluation": "No PID" }, "geometry": { "type": "Point", "coordinates": [ 2.132870107683607, 41.428363673447691 ] } },
{ "type": "Feature", "properties": { "CODI_PARADA": 1281, "NOM_PARADA": "Ramon Trias Fargas - Pg Marítim", "MARQUESINA": null, "PAL": 1.0, "PAL SOLAR": null, "PIU": null, "GEOMETRY": "POINT (2.1964586395981542 41.38581012371462)", "Type": "Bus Stop", "Evaluation": "No PID" }, "geometry": { "type": "Point", "coordinates": [ 2.196458639598154, 41.38581012371462 ] } },
{ "type": "Feature", "properties": { "CODI_PARADA": 1282, "NOM_PARADA": "Platja de la Barceloneta", "MARQUESINA": 1.0, "PAL": null, "PAL SOLAR": null, "PIU": null, "GEOMETRY": "POINT (2.192840833644306 41.38030795429388)", "Type": "Bus Stop", "Evaluation": "No PID" }, "geometry": { "type": "Point", "coordinates": [ 2.192840833644306, 41.380307954293883 ] } },
{ "type": "Feature", "properties": { "CODI_PARADA": 1283, "NOM_PARADA": "Platja de la Barceloneta", "MARQUESINA": 1.0, "PAL": null, "PAL SOLAR": null, "PIU": null, "GEOMETRY": "POINT (2.1931300821780586 41.38051263212801)", "Type": "Bus Stop", "Evaluation": "No PID" }, "geometry": { "type": "Point", "coordinates": [ 2.193130082178059, 41.38051263212801 ] } },
{ "type": "Feature", "properties": { "CODI_PARADA": 1284, "NOM_PARADA": "Hospital del Mar", "MARQUESINA": 1.0, "PAL": null, "PAL SOLAR": null, "PIU": 1.0, "GEOMETRY": "POINT (2.194608732654252 41.38316891146904)", "Type": "Bus Stop", "Evaluation": "Has PID" }, "geometry": { "type": "Point", "coordinates": [ 2.194608732654252, 41.383168911469042 ] } },
{ "type": "Feature", "properties": { "CODI_PARADA": 1285, "NOM_PARADA": "Ramon Trias Fargas - Ronda Litoral", "MARQUESINA": 1.0, "PAL": null, "PAL SOLAR": null, "PIU": null, "GEOMETRY": "POINT (2.1958519991713534 41.38627390214992)", "Type": "Bus Stop", "Evaluation": "No PID" }, "geometry": { "type": "Point", "coordinates": [ 2.195851999171353, 41.386273902149917 ] } },
{ "type": "Feature", "properties": { "CODI_PARADA": 1289, "NOM_PARADA": "La Rambla - Pl del Teatre", "MARQUESINA": null, "PAL": null, "PAL SOLAR": 1.0, "PIU": 1.0, "GEOMETRY": "POINT (2.1756179776811626 41.37872575666335)", "Type": "Bus Stop", "Evaluation": "Has PID" }, "geometry": { "type": "Point", "coordinates": [ 2.175617977681163, 41.37872575666335 ] } },
{ "type": "Feature", "properties": { "CODI_PARADA": 1290, "NOM_PARADA": "La Rambla - Liceu", "MARQUESINA": null, "PAL": null, "PAL SOLAR": 1.0, "PIU": 1.0, "GEOMETRY": "POINT (2.1730764863228282 41.38161062202836)", "Type": "Bus Stop", "Evaluation": "Has PID" }, "geometry": { "type": "Point", "coordinates": [ 2.173076486322828, 41.381610622028361 ] } },
{ "type": "Feature", "properties": { "CODI_PARADA": 1297, "NOM_PARADA": "Mallorca - Marina", "MARQUESINA": 1.0, "PAL": null, "PAL SOLAR": null, "PIU": 1.0, "GEOMETRY": "POINT (2.175936919630538 41.40395439267403)", "Type": "Bus Stop", "Evaluation": "Has PID" }, "geometry": { "type": "Point", "coordinates": [ 2.175936919630538, 41.403954392674031 ] } },
{ "type": "Feature", "properties": { "CODI_PARADA": 1298, "NOM_PARADA": "Gran Via - Sardenya", "MARQUESINA": null, "PAL": null, "PAL SOLAR": 1.0, "PIU": 1.0, "GEOMETRY": "POINT (2.180295398546257 41.39873892760221)", "Type": "Bus Stop", "Evaluation": "Has PID" }, "geometry": { "type": "Point", "coordinates": [ 2.180295398546257, 41.39873892760221 ] } },
{ "type": "Feature", "properties": { "CODI_PARADA": 1299, "NOM_PARADA": "Av Mare de Déu de Montserrat - Sanllehy", "MARQUESINA": 1.0, "PAL": null, "PAL SOLAR": null, "PIU": null, "GEOMETRY": "POINT (2.160759101470614 41.41319175197646)", "Type": "Bus Stop", "Evaluation": "No PID" }, "geometry": { "type": "Point", "coordinates": [ 2.160759101470614, 41.413191751976463 ] } },
{ "type": "Feature", "properties": { "CODI_PARADA": 1301, "NOM_PARADA": "Pi i Margall - Sardenya", "MARQUESINA": 1.0, "PAL": null, "PAL SOLAR": null, "PIU": null, "GEOMETRY": "POINT (2.164139640171588 41.40931247894079)", "Type": "Bus Stop", "Evaluation": "No PID" }, "geometry": { "type": "Point", "coordinates": [ 2.164139640171588, 41.409312478940791 ] } },
{ "type": "Feature", "properties": { "CODI_PARADA": 1302, "NOM_PARADA": "Buenaventura Muñoz - Sardenya", "MARQUESINA": 1.0, "PAL": null, "PAL SOLAR": null, "PIU": 1.0, "GEOMETRY": "POINT (2.1875455576411484 41.39358372812628)", "Type": "Bus Stop", "Evaluation": "Has PID" }, "geometry": { "type": "Point", "coordinates": [ 2.187545557641148, 41.393583728126281 ] } },
{ "type": "Feature", "properties": { "CODI_PARADA": 1305, "NOM_PARADA": "Pg Maragall - Indústria", "MARQUESINA": 1.0, "PAL": null, "PAL SOLAR": null, "PIU": 1.0, "GEOMETRY": "POINT (2.180783933621732 41.4151553983794)", "Type": "Bus Stop", "Evaluation": "Has PID" }, "geometry": { "type": "Point", "coordinates": [ 2.180783933621732, 41.415155398379397 ] } },
{ "type": "Feature", "properties": { "CODI_PARADA": 1306, "NOM_PARADA": "Padilla - Indústria", "MARQUESINA": 1.0, "PAL": null, "PAL SOLAR": null, "PIU": 1.0, "GEOMETRY": "POINT (2.1727949300171248 41.40909030979915)", "Type": "Bus Stop", "Evaluation": "Has PID" }, "geometry": { "type": "Point", "coordinates": [ 2.172794930017125, 41.409090309799147 ] } },
{ "type": "Feature", "properties": { "CODI_PARADA": 1307, "NOM_PARADA": "Pg de Sant Joan - Trav de Gràcia", "MARQUESINA": null, "PAL": 1.0, "PAL SOLAR": null, "PIU": null, "GEOMETRY": "POINT (2.1631876760353785 41.40392858518768)", "Type": "Bus Stop", "Evaluation": "No PID" }, "geometry": { "type": "Point", "coordinates": [ 2.163187676035379, 41.403928585187678 ] } },
{ "type": "Feature", "properties": { "CODI_PARADA": 1310, "NOM_PARADA": "Gran Via - Santa Dorotea", "MARQUESINA": 1.0, "PAL": null, "PAL SOLAR": null, "PIU": 1.0, "GEOMETRY": "POINT (2.1448802264793954 41.37170525644771)", "Type": "Bus Stop", "Evaluation": "Has PID" }, "geometry": { "type": "Point", "coordinates": [ 2.144880226479395, 41.371705256447711 ] } },
{ "type": "Feature", "properties": { "CODI_PARADA": 1313, "NOM_PARADA": "Via Augusta - Tres Reis", "MARQUESINA": null, "PAL": 1.0, "PAL SOLAR": null, "PIU": null, "GEOMETRY": "POINT (2.1180161073327266 41.40414343768204)", "Type": "Bus Stop", "Evaluation": "No PID" }, "geometry": { "type": "Point", "coordinates": [ 2.118016107332727, 41.404143437682038 ] } },
{ "type": "Feature", "properties": { "CODI_PARADA": 1314, "NOM_PARADA": "Josep Sangenís - Dante Alighieri", "MARQUESINA": 1.0, "PAL": null, "PAL SOLAR": null, "PIU": null, "GEOMETRY": "POINT (2.152039087904028 41.42521777988421)", "Type": "Bus Stop", "Evaluation": "No PID" }, "geometry": { "type": "Point", "coordinates": [ 2.152039087904028, 41.425217779884207 ] } },
{ "type": "Feature", "properties": { "CODI_PARADA": 1315, "NOM_PARADA": "Josep Sangenís - Santa Gemma", "MARQUESINA": null, "PAL": 1.0, "PAL SOLAR": null, "PIU": null, "GEOMETRY": "POINT (2.1487920339422764 41.42398040812352)", "Type": "Bus Stop", "Evaluation": "No PID" }, "geometry": { "type": "Point", "coordinates": [ 2.148792033942276, 41.423980408123519 ] } },
{ "type": "Feature", "properties": { "CODI_PARADA": 1316, "NOM_PARADA": "Av Mare de Déu de Montserrat - Praga", "MARQUESINA": 1.0, "PAL": null, "PAL SOLAR": null, "PIU": 1.0, "GEOMETRY": "POINT (2.162303315424577 41.41417957950397)", "Type": "Bus Stop", "Evaluation": "Has PID" }, "geometry": { "type": "Point", "coordinates": [ 2.162303315424577, 41.414179579503973 ] } },
{ "type": "Feature", "properties": { "CODI_PARADA": 1318, "NOM_PARADA": "València - Diagonal", "MARQUESINA": 1.0, "PAL": null, "PAL SOLAR": null, "PIU": 1.0, "GEOMETRY": "POINT (2.1740578333392984 41.400688371844836)", "Type": "Bus Stop", "Evaluation": "Has PID" }, "geometry": { "type": "Point", "coordinates": [ 2.174057833339298, 41.400688371844836 ] } },
{ "type": "Feature", "properties": { "CODI_PARADA": 1319, "NOM_PARADA": "Gran Via - Roger de Flor", "MARQUESINA": 1.0, "PAL": null, "PAL SOLAR": null, "PIU": 1.0, "GEOMETRY": "POINT (2.177304457347607 41.3961007519702)", "Type": "Bus Stop", "Evaluation": "Has PID" }, "geometry": { "type": "Point", "coordinates": [ 2.177304457347607, 41.396100751970202 ] } },
{ "type": "Feature", "properties": { "CODI_PARADA": 1321, "NOM_PARADA": "Mare de Déu de la Salut - Hospital de l'Esperança", "MARQUESINA": null, "PAL": 1.0, "PAL SOLAR": null, "PIU": null, "GEOMETRY": "POINT (2.15488171081855 41.410346378724924)", "Type": "Bus Stop", "Evaluation": "No PID" }, "geometry": { "type": "Point", "coordinates": [ 2.15488171081855, 41.410346378724924 ] } },
{ "type": "Feature", "properties": { "CODI_PARADA": 1323, "NOM_PARADA": "Pg Zona Franca - Cisell", "MARQUESINA": 1.0, "PAL": null, "PAL SOLAR": null, "PIU": 1.0, "GEOMETRY": "POINT (2.1431686678789537 41.35476754164137)", "Type": "Bus Stop", "Evaluation": "Has PID" }, "geometry": { "type": "Point", "coordinates": [ 2.143168667878954, 41.354767541641372 ] } },
{ "type": "Feature", "properties": { "CODI_PARADA": 1324, "NOM_PARADA": "Santa Rosalia - Sant Dalmir", "MARQUESINA": null, "PAL": 1.0, "PAL SOLAR": null, "PIU": null, "GEOMETRY": "POINT (2.1488148631852457 41.42323838187794)", "Type": "Bus Stop", "Evaluation": "No PID" }, "geometry": { "type": "Point", "coordinates": [ 2.148814863185246, 41.423238381877937 ] } },
{ "type": "Feature", "properties": { "CODI_PARADA": 1326, "NOM_PARADA": "Paral·lel - Drassanes", "MARQUESINA": 1.0, "PAL": null, "PAL SOLAR": null, "PIU": 1.0, "GEOMETRY": "POINT (2.1746403052954535 41.37478837449894)", "Type": "Bus Stop", "Evaluation": "Has PID" }, "geometry": { "type": "Point", "coordinates": [ 2.174640305295453, 41.374788374498941 ] } },
{ "type": "Feature", "properties": { "CODI_PARADA": 1327, "NOM_PARADA": "Pi i Margall - Pau Alsina", "MARQUESINA": 1.0, "PAL": null, "PAL SOLAR": null, "PIU": null, "GEOMETRY": "POINT (2.163831161887551 41.40897616485601)", "Type": "Bus Stop", "Evaluation": "No PID" }, "geometry": { "type": "Point", "coordinates": [ 2.163831161887551, 41.408976164856007 ] } },
{ "type": "Feature", "properties": { "CODI_PARADA": 1328, "NOM_PARADA": "Camèlies - Pau Alsina", "MARQUESINA": 1.0, "PAL": null, "PAL SOLAR": null, "PIU": 1.0, "GEOMETRY": "POINT (2.1597702270746546 41.411349015147906)", "Type": "Bus Stop", "Evaluation": "Has PID" }, "geometry": { "type": "Point", "coordinates": [ 2.159770227074655, 41.411349015147906 ] } },
{ "type": "Feature", "properties": { "CODI_PARADA": 1329, "NOM_PARADA": "Providència - Pi i Margall", "MARQUESINA": null, "PAL": 1.0, "PAL SOLAR": null, "PIU": null, "GEOMETRY": "POINT (2.163589838302078 41.410366054180656)", "Type": "Bus Stop", "Evaluation": "No PID" }, "geometry": { "type": "Point", "coordinates": [ 2.163589838302078, 41.410366054180656 ] } },
{ "type": "Feature", "properties": { "CODI_PARADA": 1335, "NOM_PARADA": "Escorial - Pl Joanic", "MARQUESINA": 1.0, "PAL": null, "PAL SOLAR": null, "PIU": null, "GEOMETRY": "POINT (2.162516782160796 41.406113565858924)", "Type": "Bus Stop", "Evaluation": "No PID" }, "geometry": { "type": "Point", "coordinates": [ 2.162516782160796, 41.406113565858924 ] } },
{ "type": "Feature", "properties": { "CODI_PARADA": 1336, "NOM_PARADA": "Llorenç Serra", "MARQUESINA": 1.0, "PAL": null, "PAL SOLAR": null, "PIU": null, "GEOMETRY": "POINT (2.2039869946708603 41.4498756324806)", "Type": "Bus Stop", "Evaluation": "No PID" }, "geometry": { "type": "Point", "coordinates": [ 2.20398699467086, 41.449875632480598 ] } },
{ "type": "Feature", "properties": { "CODI_PARADA": 1338, "NOM_PARADA": "Segre - Sant Adrià", "MARQUESINA": 1.0, "PAL": null, "PAL SOLAR": null, "PIU": null, "GEOMETRY": "POINT (2.1924127464430905 41.43358124575442)", "Type": "Bus Stop", "Evaluation": "No PID" }, "geometry": { "type": "Point", "coordinates": [ 2.19241274644309, 41.433581245754418 ] } },
{ "type": "Feature", "properties": { "CODI_PARADA": 1339, "NOM_PARADA": "Dublín - Meridiana", "MARQUESINA": 1.0, "PAL": null, "PAL SOLAR": null, "PIU": 1.0, "GEOMETRY": "POINT (2.185140316186292 41.428612698639796)", "Type": "Bus Stop", "Evaluation": "Has PID" }, "geometry": { "type": "Point", "coordinates": [ 2.185140316186292, 41.428612698639796 ] } },
{ "type": "Feature", "properties": { "CODI_PARADA": 1340, "NOM_PARADA": "Meridiana - Riera de Sant Andreu", "MARQUESINA": 1.0, "PAL": null, "PAL SOLAR": null, "PIU": null, "GEOMETRY": "POINT (2.18442467896374 41.43549465295253)", "Type": "Bus Stop", "Evaluation": "No PID" }, "geometry": { "type": "Point", "coordinates": [ 2.18442467896374, 41.435494652952528 ] } },
{ "type": "Feature", "properties": { "CODI_PARADA": 1341, "NOM_PARADA": "Bartrina - Pont del Dragó", "MARQUESINA": 1.0, "PAL": null, "PAL SOLAR": null, "PIU": null, "GEOMETRY": "POINT (2.1861327175054623 41.43952523309618)", "Type": "Bus Stop", "Evaluation": "No PID" }, "geometry": { "type": "Point", "coordinates": [ 2.186132717505462, 41.439525233096177 ] } },
{ "type": "Feature", "properties": { "CODI_PARADA": 1342, "NOM_PARADA": "Pl de Mossèn Clapés", "MARQUESINA": 1.0, "PAL": null, "PAL SOLAR": null, "PIU": null, "GEOMETRY": "POINT (2.1875204324485935 41.4417261225463)", "Type": "Bus Stop", "Evaluation": "No PID" }, "geometry": { "type": "Point", "coordinates": [ 2.187520432448594, 41.441726122546299 ] } },
{ "type": "Feature", "properties": { "CODI_PARADA": 1344, "NOM_PARADA": "Onze de Setembre - Virgili", "MARQUESINA": null, "PAL": null, "PAL SOLAR": 1.0, "PIU": 1.0, "GEOMETRY": "POINT (2.1931253080275717 41.430162531255206)", "Type": "Bus Stop", "Evaluation": "Has PID" }, "geometry": { "type": "Point", "coordinates": [ 2.193125308027572, 41.430162531255206 ] } },
{ "type": "Feature", "properties": { "CODI_PARADA": 1345, "NOM_PARADA": "Pg Maragall - Segle XX", "MARQUESINA": 1.0, "PAL": null, "PAL SOLAR": null, "PIU": 1.0, "GEOMETRY": "POINT (2.1790917271336294 41.422076265308604)", "Type": "Bus Stop", "Evaluation": "Has PID" }, "geometry": { "type": "Point", "coordinates": [ 2.179091727133629, 41.422076265308604 ] } },
{ "type": "Feature", "properties": { "CODI_PARADA": 1347, "NOM_PARADA": "Les Agudes 27", "MARQUESINA": null, "PAL": 1.0, "PAL SOLAR": null, "PIU": null, "GEOMETRY": "POINT (2.178338436451187 41.463640013070886)", "Type": "Bus Stop", "Evaluation": "No PID" }, "geometry": { "type": "Point", "coordinates": [ 2.178338436451187, 41.463640013070886 ] } },
{ "type": "Feature", "properties": { "CODI_PARADA": 1348, "NOM_PARADA": "Les Agudes - Fusters", "MARQUESINA": null, "PAL": 1.0, "PAL SOLAR": null, "PIU": null, "GEOMETRY": "POINT (2.1751567766901383 41.46385030785789)", "Type": "Bus Stop", "Evaluation": "No PID" }, "geometry": { "type": "Point", "coordinates": [ 2.175156776690138, 41.463850307857889 ] } },
{ "type": "Feature", "properties": { "CODI_PARADA": 1349, "NOM_PARADA": "Circumval·lació - Les Agudes", "MARQUESINA": null, "PAL": 1.0, "PAL SOLAR": null, "PIU": null, "GEOMETRY": "POINT (2.173652501829939 41.46255073094775)", "Type": "Bus Stop", "Evaluation": "No PID" }, "geometry": { "type": "Point", "coordinates": [ 2.173652501829939, 41.462550730947747 ] } },
{ "type": "Feature", "properties": { "CODI_PARADA": 1350, "NOM_PARADA": "Torrent del Bosc", "MARQUESINA": 1.0, "PAL": null, "PAL SOLAR": null, "PIU": null, "GEOMETRY": "POINT (2.174038799128554 41.46220000744968)", "Type": "Bus Stop", "Evaluation": "No PID" }, "geometry": { "type": "Point", "coordinates": [ 2.174038799128554, 41.462200007449681 ] } },
{ "type": "Feature", "properties": { "CODI_PARADA": 1351, "NOM_PARADA": "Rovira i Virgili - Parc de la Pegaso", "MARQUESINA": 1.0, "PAL": null, "PAL SOLAR": null, "PIU": 1.0, "GEOMETRY": "POINT (2.189329764571062 41.42789983060962)", "Type": "Bus Stop", "Evaluation": "Has PID" }, "geometry": { "type": "Point", "coordinates": [ 2.189329764571062, 41.427899830609618 ] } },
{ "type": "Feature", "properties": { "CODI_PARADA": 1352, "NOM_PARADA": "Balmes - Mitre", "MARQUESINA": null, "PAL": 1.0, "PAL SOLAR": null, "PIU": null, "GEOMETRY": "POINT (2.140168670464219 41.4048433621614)", "Type": "Bus Stop", "Evaluation": "No PID" }, "geometry": { "type": "Point", "coordinates": [ 2.140168670464219, 41.404843362161401 ] } },
{ "type": "Feature", "properties": { "CODI_PARADA": 1353, "NOM_PARADA": "Balmes - Joaquim Folguera", "MARQUESINA": 1.0, "PAL": null, "PAL SOLAR": null, "PIU": 1.0, "GEOMETRY": "POINT (2.1387348325122604 41.406783863617996)", "Type": "Bus Stop", "Evaluation": "Has PID" }, "geometry": { "type": "Point", "coordinates": [ 2.13873483251226, 41.406783863617996 ] } },
{ "type": "Feature", "properties": { "CODI_PARADA": 1354, "NOM_PARADA": "Balmes - Pl Kennedy", "MARQUESINA": 1.0, "PAL": null, "PAL SOLAR": null, "PIU": 1.0, "GEOMETRY": "POINT (2.1373637839609043 41.40945270670989)", "Type": "Bus Stop", "Evaluation": "Has PID" }, "geometry": { "type": "Point", "coordinates": [ 2.137363783960904, 41.409452706709892 ] } },
{ "type": "Feature", "properties": { "CODI_PARADA": 1358, "NOM_PARADA": "Av Tibidabo - Josep Maria Florensa", "MARQUESINA": 1.0, "PAL": null, "PAL SOLAR": null, "PIU": 1.0, "GEOMETRY": "POINT (2.1349152391219537 41.41295204046815)", "Type": "Bus Stop", "Evaluation": "Has PID" }, "geometry": { "type": "Point", "coordinates": [ 2.134915239121954, 41.412952040468149 ] } },
{ "type": "Feature", "properties": { "CODI_PARADA": 1360, "NOM_PARADA": "Pl Bonanova", "MARQUESINA": 1.0, "PAL": null, "PAL SOLAR": null, "PIU": 1.0, "GEOMETRY": "POINT (2.1337617609902 41.4066026613333)", "Type": "Bus Stop", "Evaluation": "Has PID" }, "geometry": { "type": "Point", "coordinates": [ 2.1337617609902, 41.406602661333302 ] } },
{ "type": "Feature", "properties": { "CODI_PARADA": 1361, "NOM_PARADA": "Riera Blanca - Trav de les Corts", "MARQUESINA": 1.0, "PAL": null, "PAL SOLAR": null, "PIU": null, "GEOMETRY": "POINT (2.121488890405139 41.376050163008046)", "Type": "Bus Stop", "Evaluation": "No PID" }, "geometry": { "type": "Point", "coordinates": [ 2.121488890405139, 41.376050163008046 ] } },
{ "type": "Feature", "properties": { "CODI_PARADA": 1362, "NOM_PARADA": "Badal - Sants", "MARQUESINA": 1.0, "PAL": null, "PAL SOLAR": null, "PIU": null, "GEOMETRY": "POINT (2.130778554343554 41.375223398825085)", "Type": "Bus Stop", "Evaluation": "No PID" }, "geometry": { "type": "Point", "coordinates": [ 2.130778554343554, 41.375223398825085 ] } },
{ "type": "Feature", "properties": { "CODI_PARADA": 1363, "NOM_PARADA": "Rambla del Brasil - Violant d'Hongria", "MARQUESINA": null, "PAL": 1.0, "PAL SOLAR": null, "PIU": null, "GEOMETRY": "POINT (2.1289857704484967 41.378894202778525)", "Type": "Bus Stop", "Evaluation": "No PID" }, "geometry": { "type": "Point", "coordinates": [ 2.128985770448497, 41.378894202778525 ] } },
{ "type": "Feature", "properties": { "CODI_PARADA": 1364, "NOM_PARADA": "Metro Pl de Sants", "MARQUESINA": null, "PAL": null, "PAL SOLAR": 1.0, "PIU": 1.0, "GEOMETRY": "POINT (2.136603747479704 41.3754382661719)", "Type": "Bus Stop", "Evaluation": "Has PID" }, "geometry": { "type": "Point", "coordinates": [ 2.136603747479704, 41.375438266171898 ] } },
{ "type": "Feature", "properties": { "CODI_PARADA": 1365, "NOM_PARADA": "Sants - Premià", "MARQUESINA": 1.0, "PAL": null, "PAL SOLAR": null, "PIU": 1.0, "GEOMETRY": "POINT (2.1393119084578673 41.37538455078479)", "Type": "Bus Stop", "Evaluation": "Has PID" }, "geometry": { "type": "Point", "coordinates": [ 2.139311908457867, 41.375384550784787 ] } },
{ "type": "Feature", "properties": { "CODI_PARADA": 1366, "NOM_PARADA": "Villarroel - Sepúlveda", "MARQUESINA": 1.0, "PAL": null, "PAL SOLAR": null, "PIU": 1.0, "GEOMETRY": "POINT (2.161561295152805 41.381507174652164)", "Type": "Bus Stop", "Evaluation": "Has PID" }, "geometry": { "type": "Point", "coordinates": [ 2.161561295152805, 41.381507174652164 ] } },
{ "type": "Feature", "properties": { "CODI_PARADA": 1367, "NOM_PARADA": "Paral·lel - Tamarit", "MARQUESINA": 1.0, "PAL": null, "PAL SOLAR": null, "PIU": 1.0, "GEOMETRY": "POINT (2.155468470262347 41.37488884423554)", "Type": "Bus Stop", "Evaluation": "Has PID" }, "geometry": { "type": "Point", "coordinates": [ 2.155468470262347, 41.374888844235542 ] } },
{ "type": "Feature", "properties": { "CODI_PARADA": 1368, "NOM_PARADA": "Tamarit - Lleida", "MARQUESINA": null, "PAL": 1.0, "PAL SOLAR": null, "PIU": null, "GEOMETRY": "POINT (2.155173100827874 41.374198772119065)", "Type": "Bus Stop", "Evaluation": "No PID" }, "geometry": { "type": "Point", "coordinates": [ 2.155173100827874, 41.374198772119065 ] } },
{ "type": "Feature", "properties": { "CODI_PARADA": 1369, "NOM_PARADA": "Lleida - Av Paral·lel", "MARQUESINA": 1.0, "PAL": null, "PAL SOLAR": null, "PIU": null, "GEOMETRY": "POINT (2.1542012064674836 41.3745076816831)", "Type": "Bus Stop", "Evaluation": "No PID" }, "geometry": { "type": "Point", "coordinates": [ 2.154201206467484, 41.374507681683099 ] } },
{ "type": "Feature", "properties": { "CODI_PARADA": 1370, "NOM_PARADA": "Calàbria - Av Mistral", "MARQUESINA": 1.0, "PAL": null, "PAL SOLAR": null, "PIU": null, "GEOMETRY": "POINT (2.1583716885186135 41.37723672699396)", "Type": "Bus Stop", "Evaluation": "No PID" }, "geometry": { "type": "Point", "coordinates": [ 2.158371688518613, 41.377236726993956 ] } },
{ "type": "Feature", "properties": { "CODI_PARADA": 1372, "NOM_PARADA": "Pg Vall d'Hebron - Patronat Ribes", "MARQUESINA": 1.0, "PAL": null, "PAL SOLAR": null, "PIU": 1.0, "GEOMETRY": "POINT (2.141292603794951 41.422340615703625)", "Type": "Bus Stop", "Evaluation": "Has PID" }, "geometry": { "type": "Point", "coordinates": [ 2.141292603794951, 41.422340615703625 ] } },
{ "type": "Feature", "properties": { "CODI_PARADA": 1373, "NOM_PARADA": "Arizala - Les Corts", "MARQUESINA": 1.0, "PAL": null, "PAL SOLAR": null, "PIU": null, "GEOMETRY": "POINT (2.123686918074135 41.378573092741426)", "Type": "Bus Stop", "Evaluation": "No PID" }, "geometry": { "type": "Point", "coordinates": [ 2.123686918074135, 41.378573092741426 ] } },
{ "type": "Feature", "properties": { "CODI_PARADA": 1376, "NOM_PARADA": "Carles III - Maria Cristina", "MARQUESINA": 1.0, "PAL": null, "PAL SOLAR": null, "PIU": 1.0, "GEOMETRY": "POINT (2.126944847339405 41.38743614301709)", "Type": "Bus Stop", "Evaluation": "Has PID" }, "geometry": { "type": "Point", "coordinates": [ 2.126944847339405, 41.387436143017091 ] } },
{ "type": "Feature", "properties": { "CODI_PARADA": 1377, "NOM_PARADA": "Nicaragua - Parc Les Corts", "MARQUESINA": 1.0, "PAL": null, "PAL SOLAR": null, "PIU": 1.0, "GEOMETRY": "POINT (2.1377751355810592 41.3862527691469)", "Type": "Bus Stop", "Evaluation": "Has PID" }, "geometry": { "type": "Point", "coordinates": [ 2.137775135581059, 41.3862527691469 ] } },
{ "type": "Feature", "properties": { "CODI_PARADA": 1378, "NOM_PARADA": "Carles III - Mejía Lequerica", "MARQUESINA": 1.0, "PAL": null, "PAL SOLAR": null, "PIU": 1.0, "GEOMETRY": "POINT (2.1272331168007224 41.38421432942716)", "Type": "Bus Stop", "Evaluation": "Has PID" }, "geometry": { "type": "Point", "coordinates": [ 2.127233116800722, 41.384214329427159 ] } },
{ "type": "Feature", "properties": { "CODI_PARADA": 1379, "NOM_PARADA": "Gran Via Carles III - Av Madrid", "MARQUESINA": 1.0, "PAL": null, "PAL SOLAR": null, "PIU": 1.0, "GEOMETRY": "POINT (2.1292275682465776 41.37997987956932)", "Type": "Bus Stop", "Evaluation": "Has PID" }, "geometry": { "type": "Point", "coordinates": [ 2.129227568246578, 41.379979879569319 ] } },
{ "type": "Feature", "properties": { "CODI_PARADA": 1380, "NOM_PARADA": "Numància - Diagonal", "MARQUESINA": 1.0, "PAL": null, "PAL SOLAR": null, "PIU": 1.0, "GEOMETRY": "POINT (2.132858735202598 41.389152680954986)", "Type": "Bus Stop", "Evaluation": "Has PID" }, "geometry": { "type": "Point", "coordinates": [ 2.132858735202598, 41.389152680954986 ] } },
{ "type": "Feature", "properties": { "CODI_PARADA": 1381, "NOM_PARADA": "Entença - Montnegre", "MARQUESINA": 1.0, "PAL": null, "PAL SOLAR": null, "PIU": 1.0, "GEOMETRY": "POINT (2.1394631426910973 41.38853286247887)", "Type": "Bus Stop", "Evaluation": "Has PID" }, "geometry": { "type": "Point", "coordinates": [ 2.139463142691097, 41.388532862478868 ] } },
{ "type": "Feature", "properties": { "CODI_PARADA": 1382, "NOM_PARADA": "Estació de França", "MARQUESINA": 1.0, "PAL": null, "PAL SOLAR": null, "PIU": 1.0, "GEOMETRY": "POINT (2.185399375374405 41.38483869935266)", "Type": "Bus Stop", "Evaluation": "Has PID" }, "geometry": { "type": "Point", "coordinates": [ 2.185399375374405, 41.384838699352663 ] } },
{ "type": "Feature", "properties": { "CODI_PARADA": 1383, "NOM_PARADA": "Parc Nou", "MARQUESINA": 1.0, "PAL": null, "PAL SOLAR": null, "PIU": 1.0, "GEOMETRY": "POINT (2.0910298205389597 41.31628862999978)", "Type": "Bus Stop", "Evaluation": "Has PID" }, "geometry": { "type": "Point", "coordinates": [ 2.09102982053896, 41.316288629999782 ] } },
{ "type": "Feature", "properties": { "CODI_PARADA": 1384, "NOM_PARADA": "Metro Parc Nou", "MARQUESINA": 1.0, "PAL": null, "PAL SOLAR": null, "PIU": 1.0, "GEOMETRY": "POINT (423729.33416 4574509.02043)", "Type": "Bus Stop", "Evaluation": "Has PID" }, "geometry": { "type": "Point", "coordinates": [ 2.088716935512111, 41.318445734253679 ] } },
{ "type": "Feature", "properties": { "CODI_PARADA": 1385, "NOM_PARADA": "Providència - Torrent de les Flors", "MARQUESINA": null, "PAL": 1.0, "PAL SOLAR": null, "PIU": null, "GEOMETRY": "POINT (2.158927902274696 41.407901171701454)", "Type": "Bus Stop", "Evaluation": "No PID" }, "geometry": { "type": "Point", "coordinates": [ 2.158927902274696, 41.407901171701454 ] } },
{ "type": "Feature", "properties": { "CODI_PARADA": 1386, "NOM_PARADA": "Aribau - Diagonal", "MARQUESINA": 1.0, "PAL": null, "PAL SOLAR": null, "PIU": 1.0, "GEOMETRY": "POINT (2.15039493233778 41.3952084501613)", "Type": "Bus Stop", "Evaluation": "Has PID" }, "geometry": { "type": "Point", "coordinates": [ 2.15039493233778, 41.395208450161299 ] } },
{ "type": "Feature", "properties": { "CODI_PARADA": 1387, "NOM_PARADA": "Gal·la Placídia", "MARQUESINA": 1.0, "PAL": null, "PAL SOLAR": null, "PIU": 1.0, "GEOMETRY": "POINT (2.152383111876523 41.39920267185587)", "Type": "Bus Stop", "Evaluation": "Has PID" }, "geometry": { "type": "Point", "coordinates": [ 2.152383111876523, 41.399202671855868 ] } },
{ "type": "Feature", "properties": { "CODI_PARADA": 1388, "NOM_PARADA": "Pg de Sant Joan - Travessera de Gràcia", "MARQUESINA": null, "PAL": null, "PAL SOLAR": 1.0, "PIU": 1.0, "GEOMETRY": "POINT (2.163850668205874 41.40401009963102)", "Type": "Bus Stop", "Evaluation": "Has PID" }, "geometry": { "type": "Point", "coordinates": [ 2.163850668205874, 41.404010099631023 ] } },
{ "type": "Feature", "properties": { "CODI_PARADA": 1389, "NOM_PARADA": "Via Augusta - Diagonal", "MARQUESINA": 1.0, "PAL": null, "PAL SOLAR": null, "PIU": 1.0, "GEOMETRY": "POINT (2.1555602134654706 41.39607008509037)", "Type": "Bus Stop", "Evaluation": "Has PID" }, "geometry": { "type": "Point", "coordinates": [ 2.155560213465471, 41.396070085090372 ] } },
{ "type": "Feature", "properties": { "CODI_PARADA": 1390, "NOM_PARADA": "Balmes - Trav de Gràcia", "MARQUESINA": 1.0, "PAL": null, "PAL SOLAR": null, "PIU": 1.0, "GEOMETRY": "POINT (2.1511279944877355 41.39828078652281)", "Type": "Bus Stop", "Evaluation": "Has PID" }, "geometry": { "type": "Point", "coordinates": [ 2.151127994487736, 41.398280786522811 ] } },
{ "type": "Feature", "properties": { "CODI_PARADA": 1391, "NOM_PARADA": "Gran de Gràcia - Jesús", "MARQUESINA": null, "PAL": 1.0, "PAL SOLAR": null, "PIU": null, "GEOMETRY": "POINT (2.157307369847146 41.39835644858191)", "Type": "Bus Stop", "Evaluation": "No PID" }, "geometry": { "type": "Point", "coordinates": [ 2.157307369847146, 41.398356448581907 ] } },
{ "type": "Feature", "properties": { "CODI_PARADA": 1392, "NOM_PARADA": "Muntaner - Via Augusta", "MARQUESINA": 1.0, "PAL": null, "PAL SOLAR": null, "PIU": 1.0, "GEOMETRY": "POINT (2.1435013320310428 41.39856585633246)", "Type": "Bus Stop", "Evaluation": "Has PID" }, "geometry": { "type": "Point", "coordinates": [ 2.143501332031043, 41.398565856332461 ] } },
{ "type": "Feature", "properties": { "CODI_PARADA": 1393, "NOM_PARADA": "Muntaner - Laforja", "MARQUESINA": 1.0, "PAL": null, "PAL SOLAR": null, "PIU": 1.0, "GEOMETRY": "POINT (2.1457275618691996 41.396892665030144)", "Type": "Bus Stop", "Evaluation": "Has PID" }, "geometry": { "type": "Point", "coordinates": [ 2.1457275618692, 41.396892665030144 ] } },
{ "type": "Feature", "properties": { "CODI_PARADA": 1394, "NOM_PARADA": "Torrent de l'Olla - Astúries", "MARQUESINA": null, "PAL": 1.0, "PAL SOLAR": null, "PIU": null, "GEOMETRY": "POINT (2.1558896003390147 41.4032626564079)", "Type": "Bus Stop", "Evaluation": "No PID" }, "geometry": { "type": "Point", "coordinates": [ 2.155889600339015, 41.403262656407897 ] } },
{ "type": "Feature", "properties": { "CODI_PARADA": 1395, "NOM_PARADA": "Lepant - Jardins del Baix Guinardó", "MARQUESINA": 1.0, "PAL": null, "PAL SOLAR": null, "PIU": null, "GEOMETRY": "POINT (2.1687414975483064 41.41038506288624)", "Type": "Bus Stop", "Evaluation": "No PID" }, "geometry": { "type": "Point", "coordinates": [ 2.168741497548306, 41.410385062886242 ] } },
{ "type": "Feature", "properties": { "CODI_PARADA": 1396, "NOM_PARADA": "Lepant - Rda Guinardó", "MARQUESINA": 1.0, "PAL": null, "PAL SOLAR": null, "PIU": 1.0, "GEOMETRY": "POINT (2.1670107086706514 41.411697963302935)", "Type": "Bus Stop", "Evaluation": "Has PID" }, "geometry": { "type": "Point", "coordinates": [ 2.167010708670651, 41.411697963302935 ] } },
{ "type": "Feature", "properties": { "CODI_PARADA": 1397, "NOM_PARADA": "Av Tibidabo - Teodor Roviralta", "MARQUESINA": null, "PAL": 1.0, "PAL SOLAR": null, "PIU": null, "GEOMETRY": "POINT (2.1294210526307653 41.41541385295673)", "Type": "Bus Stop", "Evaluation": "No PID" }, "geometry": { "type": "Point", "coordinates": [ 2.129421052630765, 41.415413852956732 ] } },
{ "type": "Feature", "properties": { "CODI_PARADA": 1400, "NOM_PARADA": "Can Tunis", "MARQUESINA": null, "PAL": 1.0, "PAL SOLAR": null, "PIU": null, "GEOMETRY": "POINT (2.1582222262322692 41.35208403397858)", "Type": "Bus Stop", "Evaluation": "No PID" }, "geometry": { "type": "Point", "coordinates": [ 2.158222226232269, 41.352084033978578 ] } },
{ "type": "Feature", "properties": { "CODI_PARADA": 1402, "NOM_PARADA": "Pg de Fabra i Puig - Torrent Can Mariner", "MARQUESINA": null, "PAL": 1.0, "PAL SOLAR": null, "PIU": null, "GEOMETRY": "POINT (2.162990249466945 41.432685649390756)", "Type": "Bus Stop", "Evaluation": "No PID" }, "geometry": { "type": "Point", "coordinates": [ 2.162990249466945, 41.432685649390756 ] } },
{ "type": "Feature", "properties": { "CODI_PARADA": 1403, "NOM_PARADA": "Fabra i Puig - Petrarca", "MARQUESINA": 1.0, "PAL": null, "PAL SOLAR": null, "PIU": 1.0, "GEOMETRY": "POINT (2.168028472097268 41.43052431172808)", "Type": "Bus Stop", "Evaluation": "Has PID" }, "geometry": { "type": "Point", "coordinates": [ 2.168028472097268, 41.430524311728078 ] } },
{ "type": "Feature", "properties": { "CODI_PARADA": 1404, "NOM_PARADA": "Fabra i Puig - Petrarca", "MARQUESINA": 1.0, "PAL": null, "PAL SOLAR": null, "PIU": 1.0, "GEOMETRY": "POINT (2.168059105133879 41.43034859305956)", "Type": "Bus Stop", "Evaluation": "Has PID" }, "geometry": { "type": "Point", "coordinates": [ 2.168059105133879, 41.430348593059563 ] } },
{ "type": "Feature", "properties": { "CODI_PARADA": 1405, "NOM_PARADA": "Guipúscoa - Selva de Mar", "MARQUESINA": 1.0, "PAL": null, "PAL SOLAR": null, "PIU": 1.0, "GEOMETRY": "POINT (2.1982291615630265 41.417419299478716)", "Type": "Bus Stop", "Evaluation": "Has PID" }, "geometry": { "type": "Point", "coordinates": [ 2.198229161563027, 41.417419299478716 ] } },
{ "type": "Feature", "properties": { "CODI_PARADA": 1407, "NOM_PARADA": "Dante Alighieri - Sacedón", "MARQUESINA": null, "PAL": 1.0, "PAL SOLAR": null, "PIU": null, "GEOMETRY": "POINT (2.1544985175843996 41.42609169101486)", "Type": "Bus Stop", "Evaluation": "No PID" }, "geometry": { "type": "Point", "coordinates": [ 2.1544985175844, 41.426091691014861 ] } },
{ "type": "Feature", "properties": { "CODI_PARADA": 1409, "NOM_PARADA": "Pare Pérez del Pulgar - Peníscola", "MARQUESINA": null, "PAL": 1.0, "PAL SOLAR": null, "PIU": null, "GEOMETRY": "POINT (2.1895252150301108 41.4534409113798)", "Type": "Bus Stop", "Evaluation": "No PID" }, "geometry": { "type": "Point", "coordinates": [ 2.189525215030111, 41.453440911379801 ] } },
{ "type": "Feature", "properties": { "CODI_PARADA": 1410, "NOM_PARADA": "Dante Alighieri - Rambla del Carmel", "MARQUESINA": 1.0, "PAL": null, "PAL SOLAR": null, "PIU": 1.0, "GEOMETRY": "POINT (2.1575828000792767 41.42756642693183)", "Type": "Bus Stop", "Evaluation": "Has PID" }, "geometry": { "type": "Point", "coordinates": [ 2.157582800079277, 41.427566426931833 ] } },
{ "type": "Feature", "properties": { "CODI_PARADA": 1411, "NOM_PARADA": "Av de Cornellà - St Francesc Xavier", "MARQUESINA": null, "PAL": null, "PAL SOLAR": 1.0, "PIU": 1.0, "GEOMETRY": "POINT (2.0847426887712883 41.37369648738741)", "Type": "Bus Stop", "Evaluation": "Has PID" }, "geometry": { "type": "Point", "coordinates": [ 2.084742688771288, 41.373696487387413 ] } },
{ "type": "Feature", "properties": { "CODI_PARADA": 1412, "NOM_PARADA": "Av Mare de Déu de Montserrat - Periodistes", "MARQUESINA": 1.0, "PAL": null, "PAL SOLAR": null, "PIU": 1.0, "GEOMETRY": "POINT (2.1742790036019457 41.42168943532669)", "Type": "Bus Stop", "Evaluation": "Has PID" }, "geometry": { "type": "Point", "coordinates": [ 2.174279003601946, 41.421689435326691 ] } },
{ "type": "Feature", "properties": { "CODI_PARADA": 1413, "NOM_PARADA": "Av Pedralbes - Tòquio", "MARQUESINA": 1.0, "PAL": null, "PAL SOLAR": null, "PIU": 1.0, "GEOMETRY": "POINT (2.1190786309167366 41.39007922982782)", "Type": "Bus Stop", "Evaluation": "Has PID" }, "geometry": { "type": "Point", "coordinates": [ 2.119078630916737, 41.390079229827819 ] } },
{ "type": "Feature", "properties": { "CODI_PARADA": 1414, "NOM_PARADA": "Josep Tarradellas - Numància", "MARQUESINA": 1.0, "PAL": null, "PAL SOLAR": null, "PIU": 1.0, "GEOMETRY": "POINT (2.142088587543066 41.381163737582455)", "Type": "Bus Stop", "Evaluation": "Has PID" }, "geometry": { "type": "Point", "coordinates": [ 2.142088587543066, 41.381163737582455 ] } },
{ "type": "Feature", "properties": { "CODI_PARADA": 1418, "NOM_PARADA": "Pg Santa Coloma - Baró de Viver", "MARQUESINA": 1.0, "PAL": null, "PAL SOLAR": null, "PIU": 1.0, "GEOMETRY": "POINT (2.199742117728662 41.44856823906463)", "Type": "Bus Stop", "Evaluation": "Has PID" }, "geometry": { "type": "Point", "coordinates": [ 2.199742117728662, 41.448568239064628 ] } },
{ "type": "Feature", "properties": { "CODI_PARADA": 1419, "NOM_PARADA": "Pg Santa Coloma - Nus de la Trinitat", "MARQUESINA": 1.0, "PAL": null, "PAL SOLAR": null, "PIU": null, "GEOMETRY": "POINT (2.1935675510441563 41.44640830797906)", "Type": "Bus Stop", "Evaluation": "No PID" }, "geometry": { "type": "Point", "coordinates": [ 2.193567551044156, 41.446408307979063 ] } },
{ "type": "Feature", "properties": { "CODI_PARADA": 1420, "NOM_PARADA": "Pg Torras i Bages - Almirall Pròixida", "MARQUESINA": 1.0, "PAL": null, "PAL SOLAR": null, "PIU": null, "GEOMETRY": "POINT (2.190771170144655 41.441380224999534)", "Type": "Bus Stop", "Evaluation": "No PID" }, "geometry": { "type": "Point", "coordinates": [ 2.190771170144655, 41.441380224999534 ] } },
{ "type": "Feature", "properties": { "CODI_PARADA": 1424, "NOM_PARADA": "Costa Pacheco 26", "MARQUESINA": null, "PAL": 1.0, "PAL SOLAR": null, "PIU": null, "GEOMETRY": "POINT (2.131248984690645 41.42810240537277)", "Type": "Bus Stop", "Evaluation": "No PID" }, "geometry": { "type": "Point", "coordinates": [ 2.131248984690645, 41.428102405372769 ] } },
{ "type": "Feature", "properties": { "CODI_PARADA": 1425, "NOM_PARADA": "Diagonal - Balmes", "MARQUESINA": 1.0, "PAL": null, "PAL SOLAR": null, "PIU": 1.0, "GEOMETRY": "POINT (2.1549125635510133 41.3954459384991)", "Type": "Bus Stop", "Evaluation": "Has PID" }, "geometry": { "type": "Point", "coordinates": [ 2.154912563551013, 41.395445938499101 ] } },
{ "type": "Feature", "properties": { "CODI_PARADA": 1426, "NOM_PARADA": "Calvet - Tenor Viñas", "MARQUESINA": null, "PAL": null, "PAL SOLAR": 1.0, "PIU": 1.0, "GEOMETRY": "POINT (2.1418274984459873 41.39601137841164)", "Type": "Bus Stop", "Evaluation": "Has PID" }, "geometry": { "type": "Point", "coordinates": [ 2.141827498445987, 41.396011378411643 ] } },
{ "type": "Feature", "properties": { "CODI_PARADA": 1427, "NOM_PARADA": "Pg Vall d'Hebron - Ctra d'Horta", "MARQUESINA": 1.0, "PAL": null, "PAL SOLAR": null, "PIU": 1.0, "GEOMETRY": "POINT (2.153169290700441 41.43797383990189)", "Type": "Bus Stop", "Evaluation": "Has PID" }, "geometry": { "type": "Point", "coordinates": [ 2.153169290700441, 41.437973839901893 ] } },
{ "type": "Feature", "properties": { "CODI_PARADA": 1428, "NOM_PARADA": "Ctra d'Horta - Av Estatut de Catalunya", "MARQUESINA": 1.0, "PAL": null, "PAL SOLAR": null, "PIU": 1.0, "GEOMETRY": "POINT (2.1534906326012258 41.43742801376793)", "Type": "Bus Stop", "Evaluation": "Has PID" }, "geometry": { "type": "Point", "coordinates": [ 2.153490632601226, 41.437428013767928 ] } },
{ "type": "Feature", "properties": { "CODI_PARADA": 1430, "NOM_PARADA": "Pl de l'Estatut", "MARQUESINA": 1.0, "PAL": null, "PAL SOLAR": null, "PIU": null, "GEOMETRY": "POINT (2.1551937947476607 41.43078662640998)", "Type": "Bus Stop", "Evaluation": "No PID" }, "geometry": { "type": "Point", "coordinates": [ 2.155193794747661, 41.430786626409983 ] } },
{ "type": "Feature", "properties": { "CODI_PARADA": 1434, "NOM_PARADA": "Av Granvia - Can Tries", "MARQUESINA": 1.0, "PAL": null, "PAL SOLAR": null, "PIU": null, "GEOMETRY": "POINT (2.1220772151122094 41.35497089710384)", "Type": "Bus Stop", "Evaluation": "No PID" }, "geometry": { "type": "Point", "coordinates": [ 2.122077215112209, 41.35497089710384 ] } },
{ "type": "Feature", "properties": { "CODI_PARADA": 1435, "NOM_PARADA": "Sant Adrià - Sas", "MARQUESINA": 1.0, "PAL": null, "PAL SOLAR": null, "PIU": 1.0, "GEOMETRY": "POINT (2.203699949636872 41.43612220410231)", "Type": "Bus Stop", "Evaluation": "Has PID" }, "geometry": { "type": "Point", "coordinates": [ 2.203699949636872, 41.436122204102311 ] } },
{ "type": "Feature", "properties": { "CODI_PARADA": 1436, "NOM_PARADA": "Ciutat d'Asunción - Sant Adrià", "MARQUESINA": 1.0, "PAL": null, "PAL SOLAR": null, "PIU": 1.0, "GEOMETRY": "POINT (2.200978049284849 41.43646697681218)", "Type": "Bus Stop", "Evaluation": "Has PID" }, "geometry": { "type": "Point", "coordinates": [ 2.200978049284849, 41.436466976812177 ] } },
{ "type": "Feature", "properties": { "CODI_PARADA": 1437, "NOM_PARADA": "Via Júlia - Turó Blau", "MARQUESINA": 1.0, "PAL": null, "PAL SOLAR": null, "PIU": 1.0, "GEOMETRY": "POINT (2.17552518286009 41.4392834376651)", "Type": "Bus Stop", "Evaluation": "Has PID" }, "geometry": { "type": "Point", "coordinates": [ 2.17552518286009, 41.439283437665097 ] } },
{ "type": "Feature", "properties": { "CODI_PARADA": 1438, "NOM_PARADA": "Ctra de Collblanc - Metro Ernest Lluch", "MARQUESINA": null, "PAL": 1.0, "PAL SOLAR": null, "PIU": null, "GEOMETRY": "POINT (2.1108098345185313 41.37597297661748)", "Type": "Bus Stop", "Evaluation": "No PID" }, "geometry": { "type": "Point", "coordinates": [ 2.110809834518531, 41.375972976617483 ] } },
{ "type": "Feature", "properties": { "CODI_PARADA": 1439, "NOM_PARADA": "Metro Ernest Lluch", "MARQUESINA": null, "PAL": 1.0, "PAL SOLAR": null, "PIU": null, "GEOMETRY": "POINT (2.110328971708161 41.37583673189966)", "Type": "Bus Stop", "Evaluation": "No PID" }, "geometry": { "type": "Point", "coordinates": [ 2.110328971708161, 41.37583673189966 ] } },
{ "type": "Feature", "properties": { "CODI_PARADA": 1440, "NOM_PARADA": "Pg Vall d'Hebron - Scala Dei", "MARQUESINA": 1.0, "PAL": null, "PAL SOLAR": null, "PIU": null, "GEOMETRY": "POINT (2.1577677829148327 41.43908790639849)", "Type": "Bus Stop", "Evaluation": "No PID" }, "geometry": { "type": "Point", "coordinates": [ 2.157767782914833, 41.439087906398491 ] } },
{ "type": "Feature", "properties": { "CODI_PARADA": 1441, "NOM_PARADA": "Pg Vall d'Hebron - Cementiri d'Horta", "MARQUESINA": 1.0, "PAL": null, "PAL SOLAR": null, "PIU": null, "GEOMETRY": "POINT (2.158333263543861 41.43971896856284)", "Type": "Bus Stop", "Evaluation": "No PID" }, "geometry": { "type": "Point", "coordinates": [ 2.158333263543861, 41.439718968562843 ] } },
{ "type": "Feature", "properties": { "CODI_PARADA": 1442, "NOM_PARADA": "Av Verge de Montserrat - Ctra Marina", "MARQUESINA": null, "PAL": 1.0, "PAL SOLAR": null, "PIU": null, "GEOMETRY": "POINT (2.099254438465863 41.32734102665226)", "Type": "Bus Stop", "Evaluation": "No PID" }, "geometry": { "type": "Point", "coordinates": [ 2.099254438465863, 41.327341026652263 ] } },
{ "type": "Feature", "properties": { "CODI_PARADA": 1443, "NOM_PARADA": "Pl del Doctor Andreu - Funicular del Tibidabo", "MARQUESINA": 1.0, "PAL": null, "PAL SOLAR": null, "PIU": null, "GEOMETRY": "POINT (2.13077387200935 41.416443719198995)", "Type": "Bus Stop", "Evaluation": "No PID" }, "geometry": { "type": "Point", "coordinates": [ 2.13077387200935, 41.416443719198995 ] } },
{ "type": "Feature", "properties": { "CODI_PARADA": 1444, "NOM_PARADA": "Parc Municipal Font del Racó", "MARQUESINA": null, "PAL": 1.0, "PAL SOLAR": null, "PIU": null, "GEOMETRY": "POINT (2.129658090528326 41.415508196731096)", "Type": "Bus Stop", "Evaluation": "No PID" }, "geometry": { "type": "Point", "coordinates": [ 2.129658090528326, 41.415508196731096 ] } },
{ "type": "Feature", "properties": { "CODI_PARADA": 1446, "NOM_PARADA": "Arbeca - Lima", "MARQUESINA": 1.0, "PAL": null, "PAL SOLAR": null, "PIU": null, "GEOMETRY": "POINT (2.2080383915166517 41.43925505177168)", "Type": "Bus Stop", "Evaluation": "No PID" }, "geometry": { "type": "Point", "coordinates": [ 2.208038391516652, 41.439255051771681 ] } },
{ "type": "Feature", "properties": { "CODI_PARADA": 1447, "NOM_PARADA": "Ctra del Carmel - Pasteur", "MARQUESINA": null, "PAL": 1.0, "PAL SOLAR": null, "PIU": null, "GEOMETRY": "POINT (2.1584516693993168 41.41721602453878)", "Type": "Bus Stop", "Evaluation": "No PID" }, "geometry": { "type": "Point", "coordinates": [ 2.158451669399317, 41.417216024538781 ] } },
{ "type": "Feature", "properties": { "CODI_PARADA": 1448, "NOM_PARADA": "Ctra del Carmel - Mühlberg", "MARQUESINA": 1.0, "PAL": null, "PAL SOLAR": null, "PIU": 1.0, "GEOMETRY": "POINT (2.157657154942937 41.41795629065458)", "Type": "Bus Stop", "Evaluation": "Has PID" }, "geometry": { "type": "Point", "coordinates": [ 2.157657154942937, 41.41795629065458 ] } },
{ "type": "Feature", "properties": { "CODI_PARADA": 1449, "NOM_PARADA": "Ctra del Carmel - Gran Vista", "MARQUESINA": 1.0, "PAL": null, "PAL SOLAR": null, "PIU": 1.0, "GEOMETRY": "POINT (2.1573146672537162 41.41830120940635)", "Type": "Bus Stop", "Evaluation": "Has PID" }, "geometry": { "type": "Point", "coordinates": [ 2.157314667253716, 41.418301209406351 ] } },
{ "type": "Feature", "properties": { "CODI_PARADA": 1451, "NOM_PARADA": "Guipúscoa - Cantàbria", "MARQUESINA": null, "PAL": 1.0, "PAL SOLAR": null, "PIU": null, "GEOMETRY": "POINT (2.2020781892987924 41.41986415462875)", "Type": "Bus Stop", "Evaluation": "No PID" }, "geometry": { "type": "Point", "coordinates": [ 2.202078189298792, 41.419864154628748 ] } },
{ "type": "Feature", "properties": { "CODI_PARADA": 1452, "NOM_PARADA": "Av Catalunya - Serra d'Or", "MARQUESINA": null, "PAL": 1.0, "PAL SOLAR": null, "PIU": null, "GEOMETRY": "POINT (2.182342640474102 41.49394914533014)", "Type": "Bus Stop", "Evaluation": "No PID" }, "geometry": { "type": "Point", "coordinates": [ 2.182342640474102, 41.493949145330141 ] } },
{ "type": "Feature", "properties": { "CODI_PARADA": 1453, "NOM_PARADA": "Pg Guayaquil - Arbeca", "MARQUESINA": 1.0, "PAL": null, "PAL SOLAR": null, "PIU": null, "GEOMETRY": "POINT (2.208097425340745 41.4394927681831)", "Type": "Bus Stop", "Evaluation": "No PID" }, "geometry": { "type": "Point", "coordinates": [ 2.208097425340745, 41.439492768183101 ] } },
{ "type": "Feature", "properties": { "CODI_PARADA": 1455, "NOM_PARADA": "Ciutat d'Asunción - Potosí", "MARQUESINA": 1.0, "PAL": null, "PAL SOLAR": null, "PIU": 1.0, "GEOMETRY": "POINT (2.1998232607690524 41.44167117010019)", "Type": "Bus Stop", "Evaluation": "Has PID" }, "geometry": { "type": "Point", "coordinates": [ 2.199823260769052, 41.441671170100193 ] } },
{ "type": "Feature", "properties": { "CODI_PARADA": 1456, "NOM_PARADA": "El Parador", "MARQUESINA": 1.0, "PAL": null, "PAL SOLAR": null, "PIU": 1.0, "GEOMETRY": "POINT (2.0742134751352013 41.38238444354281)", "Type": "Bus Stop", "Evaluation": "Has PID" }, "geometry": { "type": "Point", "coordinates": [ 2.074213475135201, 41.382384443542811 ] } },
{ "type": "Feature", "properties": { "CODI_PARADA": 1457, "NOM_PARADA": "Mina - Molí", "MARQUESINA": null, "PAL": null, "PAL SOLAR": 1.0, "PIU": 1.0, "GEOMETRY": "POINT (2.1841482157919865 41.47224780403032)", "Type": "Bus Stop", "Evaluation": "Has PID" }, "geometry": { "type": "Point", "coordinates": [ 2.184148215791986, 41.472247804030317 ] } },
{ "type": "Feature", "properties": { "CODI_PARADA": 1458, "NOM_PARADA": "Av dels Països Catalans - David Carreras i Trias", "MARQUESINA": 1.0, "PAL": null, "PAL SOLAR": null, "PIU": null, "GEOMETRY": "POINT (2.0945273384493195 41.37954920782419)", "Type": "Bus Stop", "Evaluation": "No PID" }, "geometry": { "type": "Point", "coordinates": [ 2.094527338449319, 41.379549207824191 ] } },
{ "type": "Feature", "properties": { "CODI_PARADA": 1459, "NOM_PARADA": "Av dels Països Catalans - Laureà Miró", "MARQUESINA": 1.0, "PAL": null, "PAL SOLAR": null, "PIU": null, "GEOMETRY": "POINT (2.091657416586309 41.37785181120182)", "Type": "Bus Stop", "Evaluation": "No PID" }, "geometry": { "type": "Point", "coordinates": [ 2.091657416586309, 41.377851811201822 ] } },
{ "type": "Feature", "properties": { "CODI_PARADA": 1460, "NOM_PARADA": "Av de Cornellà - 8 de Març", "MARQUESINA": null, "PAL": null, "PAL SOLAR": 1.0, "PIU": 1.0, "GEOMETRY": "POINT (2.0861763467072545 41.37484405482989)", "Type": "Bus Stop", "Evaluation": "Has PID" }, "geometry": { "type": "Point", "coordinates": [ 2.086176346707254, 41.374844054829893 ] } },
{ "type": "Feature", "properties": { "CODI_PARADA": 1461, "NOM_PARADA": "Av de Cornellà - Pont d'Esplugues", "MARQUESINA": 1.0, "PAL": null, "PAL SOLAR": null, "PIU": null, "GEOMETRY": "POINT (2.0888628007280703 41.37682512920814)", "Type": "Bus Stop", "Evaluation": "No PID" }, "geometry": { "type": "Point", "coordinates": [ 2.08886280072807, 41.376825129208143 ] } },
{ "type": "Feature", "properties": { "CODI_PARADA": 1464, "NOM_PARADA": "Ronda Sant Antoni - Comte d'Urgell", "MARQUESINA": 1.0, "PAL": null, "PAL SOLAR": null, "PIU": null, "GEOMETRY": "POINT (2.1630683739054892 41.379250203505194)", "Type": "Bus Stop", "Evaluation": "No PID" }, "geometry": { "type": "Point", "coordinates": [ 2.163068373905489, 41.379250203505194 ] } },
{ "type": "Feature", "properties": { "CODI_PARADA": 1466, "NOM_PARADA": "Còrsega - Hospital Clínic", "MARQUESINA": 1.0, "PAL": null, "PAL SOLAR": null, "PIU": 1.0, "GEOMETRY": "POINT (2.1496430575075944 41.389296793286675)", "Type": "Bus Stop", "Evaluation": "Has PID" }, "geometry": { "type": "Point", "coordinates": [ 2.149643057507594, 41.389296793286675 ] } },
{ "type": "Feature", "properties": { "CODI_PARADA": 1467, "NOM_PARADA": "París - Comte d'Urgell", "MARQUESINA": 1.0, "PAL": null, "PAL SOLAR": null, "PIU": null, "GEOMETRY": "POINT (2.1477943632035057 41.38946090959996)", "Type": "Bus Stop", "Evaluation": "No PID" }, "geometry": { "type": "Point", "coordinates": [ 2.147794363203506, 41.389460909599961 ] } },
{ "type": "Feature", "properties": { "CODI_PARADA": 1468, "NOM_PARADA": "Gran Via - Villarroel", "MARQUESINA": null, "PAL": null, "PAL SOLAR": 1.0, "PIU": 1.0, "GEOMETRY": "POINT (2.158922211950379 41.38269445522757)", "Type": "Bus Stop", "Evaluation": "Has PID" }, "geometry": { "type": "Point", "coordinates": [ 2.158922211950379, 41.382694455227572 ] } },
{ "type": "Feature", "properties": { "CODI_PARADA": 1469, "NOM_PARADA": "Gran Via - Urgell", "MARQUESINA": 1.0, "PAL": null, "PAL SOLAR": null, "PIU": 1.0, "GEOMETRY": "POINT (2.159086247817935 41.38242317108947)", "Type": "Bus Stop", "Evaluation": "Has PID" }, "geometry": { "type": "Point", "coordinates": [ 2.159086247817935, 41.382423171089471 ] } },
{ "type": "Feature", "properties": { "CODI_PARADA": 1472, "NOM_PARADA": "Av Tibidabo - Josep Garí", "MARQUESINA": null, "PAL": 1.0, "PAL SOLAR": null, "PIU": null, "GEOMETRY": "POINT (2.133486124225595 41.41509785653472)", "Type": "Bus Stop", "Evaluation": "No PID" }, "geometry": { "type": "Point", "coordinates": [ 2.133486124225595, 41.415097856534722 ] } },
{ "type": "Feature", "properties": { "CODI_PARADA": 1473, "NOM_PARADA": "Av Tibidabo - Lluís Muntadas", "MARQUESINA": null, "PAL": 1.0, "PAL SOLAR": null, "PIU": null, "GEOMETRY": "POINT (2.1312971031346 41.41538956998359)", "Type": "Bus Stop", "Evaluation": "No PID" }, "geometry": { "type": "Point", "coordinates": [ 2.1312971031346, 41.415389569983589 ] } },
{ "type": "Feature", "properties": { "CODI_PARADA": 1474, "NOM_PARADA": "Arquitecte Moragas - Jorge Manrique", "MARQUESINA": 1.0, "PAL": null, "PAL SOLAR": null, "PIU": null, "GEOMETRY": "POINT (2.1474657373798083 41.43267574154635)", "Type": "Bus Stop", "Evaluation": "No PID" }, "geometry": { "type": "Point", "coordinates": [ 2.147465737379808, 41.432675741546348 ] } },
{ "type": "Feature", "properties": { "CODI_PARADA": 1476, "NOM_PARADA": "Pla de Palau", "MARQUESINA": 1.0, "PAL": null, "PAL SOLAR": null, "PIU": 1.0, "GEOMETRY": "POINT (2.184129644483907 41.38208095491802)", "Type": "Bus Stop", "Evaluation": "Has PID" }, "geometry": { "type": "Point", "coordinates": [ 2.184129644483907, 41.382080954918017 ] } },
{ "type": "Feature", "properties": { "CODI_PARADA": 1477, "NOM_PARADA": "Pas Sota Muralla - Pl Pau Vila", "MARQUESINA": null, "PAL": null, "PAL SOLAR": 1.0, "PIU": 1.0, "GEOMETRY": "POINT (2.184434862593263 41.38116433842991)", "Type": "Bus Stop", "Evaluation": "Has PID" }, "geometry": { "type": "Point", "coordinates": [ 2.184434862593263, 41.381164338429912 ] } },
{ "type": "Feature", "properties": { "CODI_PARADA": 1479, "NOM_PARADA": "Port Vell", "MARQUESINA": null, "PAL": 1.0, "PAL SOLAR": null, "PIU": null, "GEOMETRY": "POINT (2.1829339103385763 41.376597392981424)", "Type": "Bus Stop", "Evaluation": "No PID" }, "geometry": { "type": "Point", "coordinates": [ 2.182933910338576, 41.376597392981424 ] } },
{ "type": "Feature", "properties": { "CODI_PARADA": 1482, "NOM_PARADA": "Maremagnum", "MARQUESINA": null, "PAL": null, "PAL SOLAR": null, "PIU": null, "GEOMETRY": "POINT (2.182395877251081 41.37571749245306)", "Type": "Bus Stop", "Evaluation": "No PID" }, "geometry": { "type": "Point", "coordinates": [ 2.182395877251081, 41.375717492453063 ] } },
{ "type": "Feature", "properties": { "CODI_PARADA": 1483, "NOM_PARADA": "Port Vell", "MARQUESINA": null, "PAL": 1.0, "PAL SOLAR": null, "PIU": null, "GEOMETRY": "POINT (2.1835024659134383 41.377039776795165)", "Type": "Bus Stop", "Evaluation": "No PID" }, "geometry": { "type": "Point", "coordinates": [ 2.183502465913438, 41.377039776795165 ] } },
{ "type": "Feature", "properties": { "CODI_PARADA": 1484, "NOM_PARADA": "Jordi Girona - John M Keynes", "MARQUESINA": 1.0, "PAL": null, "PAL SOLAR": null, "PIU": null, "GEOMETRY": "POINT (2.11472858554303 41.38768105217723)", "Type": "Bus Stop", "Evaluation": "No PID" }, "geometry": { "type": "Point", "coordinates": [ 2.11472858554303, 41.387681052177228 ] } },
{ "type": "Feature", "properties": { "CODI_PARADA": 1485, "NOM_PARADA": "St Martí de l'Erm - Zona Esportiva Fontsanta", "MARQUESINA": null, "PAL": null, "PAL SOLAR": 1.0, "PIU": 1.0, "GEOMETRY": "POINT (2.0698921045544107 41.371552349140245)", "Type": "Bus Stop", "Evaluation": "Has PID" }, "geometry": { "type": "Point", "coordinates": [ 2.069892104554411, 41.371552349140245 ] } },
{ "type": "Feature", "properties": { "CODI_PARADA": 1486, "NOM_PARADA": "Estudis TV3", "MARQUESINA": null, "PAL": null, "PAL SOLAR": 1.0, "PIU": 1.0, "GEOMETRY": "POINT (2.0690128994021575 41.373355738782585)", "Type": "Bus Stop", "Evaluation": "Has PID" }, "geometry": { "type": "Point", "coordinates": [ 2.069012899402157, 41.373355738782585 ] } },
{ "type": "Feature", "properties": { "CODI_PARADA": 1487, "NOM_PARADA": "Via Favència - Lucena", "MARQUESINA": 1.0, "PAL": null, "PAL SOLAR": null, "PIU": null, "GEOMETRY": "POINT (2.1760110547593903 41.44487425267133)", "Type": "Bus Stop", "Evaluation": "No PID" }, "geometry": { "type": "Point", "coordinates": [ 2.17601105475939, 41.444874252671333 ] } },
{ "type": "Feature", "properties": { "CODI_PARADA": 1488, "NOM_PARADA": "Villarroel - Mercat del Ninot", "MARQUESINA": 1.0, "PAL": null, "PAL SOLAR": null, "PIU": 1.0, "GEOMETRY": "POINT (2.1545540180552223 41.386799032992045)", "Type": "Bus Stop", "Evaluation": "Has PID" }, "geometry": { "type": "Point", "coordinates": [ 2.154554018055222, 41.386799032992045 ] } },
{ "type": "Feature", "properties": { "CODI_PARADA": 1489, "NOM_PARADA": "Meridiana - València", "MARQUESINA": 1.0, "PAL": null, "PAL SOLAR": null, "PIU": 1.0, "GEOMETRY": "POINT (2.187052587773334 41.41107141251954)", "Type": "Bus Stop", "Evaluation": "Has PID" }, "geometry": { "type": "Point", "coordinates": [ 2.187052587773334, 41.41107141251954 ] } },
{ "type": "Feature", "properties": { "CODI_PARADA": 1490, "NOM_PARADA": "Pau Claris - Mallorca", "MARQUESINA": 1.0, "PAL": null, "PAL SOLAR": null, "PIU": 1.0, "GEOMETRY": "POINT (2.1646094433145384 41.39454777670728)", "Type": "Bus Stop", "Evaluation": "Has PID" }, "geometry": { "type": "Point", "coordinates": [ 2.164609443314538, 41.394547776707277 ] } },
{ "type": "Feature", "properties": { "CODI_PARADA": 1491, "NOM_PARADA": "Calàbria - Aragó", "MARQUESINA": 1.0, "PAL": null, "PAL SOLAR": null, "PIU": null, "GEOMETRY": "POINT (2.1513524654557705 41.3825452752238)", "Type": "Bus Stop", "Evaluation": "No PID" }, "geometry": { "type": "Point", "coordinates": [ 2.151352465455771, 41.382545275223798 ] } },
{ "type": "Feature", "properties": { "CODI_PARADA": 1492, "NOM_PARADA": "Pg de Sant Joan - Pl Mossèn Jacint Verdaguer", "MARQUESINA": 1.0, "PAL": null, "PAL SOLAR": null, "PIU": 1.0, "GEOMETRY": "POINT (2.1704290720678965 41.398624192133994)", "Type": "Bus Stop", "Evaluation": "Has PID" }, "geometry": { "type": "Point", "coordinates": [ 2.170429072067896, 41.398624192133994 ] } },
{ "type": "Feature", "properties": { "CODI_PARADA": 1493, "NOM_PARADA": "Balmes - València", "MARQUESINA": 1.0, "PAL": null, "PAL SOLAR": null, "PIU": 1.0, "GEOMETRY": "POINT (2.160074917856903 41.39113869617896)", "Type": "Bus Stop", "Evaluation": "Has PID" }, "geometry": { "type": "Point", "coordinates": [ 2.160074917856903, 41.391138696178963 ] } },
{ "type": "Feature", "properties": { "CODI_PARADA": 1494, "NOM_PARADA": "Meridiana - Pl Doctor Serrat", "MARQUESINA": 1.0, "PAL": null, "PAL SOLAR": null, "PIU": 1.0, "GEOMETRY": "POINT (2.1867163405673113 41.41090933240443)", "Type": "Bus Stop", "Evaluation": "Has PID" }, "geometry": { "type": "Point", "coordinates": [ 2.186716340567311, 41.41090933240443 ] } },
{ "type": "Feature", "properties": { "CODI_PARADA": 1495, "NOM_PARADA": "Muntaner - València", "MARQUESINA": 1.0, "PAL": null, "PAL SOLAR": null, "PIU": 1.0, "GEOMETRY": "POINT (2.156872618480297 41.388467803991745)", "Type": "Bus Stop", "Evaluation": "Has PID" }, "geometry": { "type": "Point", "coordinates": [ 2.156872618480297, 41.388467803991745 ] } },
{ "type": "Feature", "properties": { "CODI_PARADA": 1497, "NOM_PARADA": "Pg de Gràcia - València", "MARQUESINA": 1.0, "PAL": null, "PAL SOLAR": null, "PIU": 1.0, "GEOMETRY": "POINT (2.1632716394443854 41.39334789535104)", "Type": "Bus Stop", "Evaluation": "Has PID" }, "geometry": { "type": "Point", "coordinates": [ 2.163271639444385, 41.393347895351042 ] } },
{ "type": "Feature", "properties": { "CODI_PARADA": 1498, "NOM_PARADA": "Lepant - Mallorca", "MARQUESINA": 1.0, "PAL": null, "PAL SOLAR": null, "PIU": 1.0, "GEOMETRY": "POINT (2.177067370188979 41.40407280659123)", "Type": "Bus Stop", "Evaluation": "Has PID" }, "geometry": { "type": "Point", "coordinates": [ 2.177067370188979, 41.40407280659123 ] } },
{ "type": "Feature", "properties": { "CODI_PARADA": 1499, "NOM_PARADA": "Metro Tarragona", "MARQUESINA": 1.0, "PAL": null, "PAL SOLAR": null, "PIU": null, "GEOMETRY": "POINT (2.1452130698753638 41.37836933690188)", "Type": "Bus Stop", "Evaluation": "No PID" }, "geometry": { "type": "Point", "coordinates": [ 2.145213069875364, 41.378369336901883 ] } },
{ "type": "Feature", "properties": { "CODI_PARADA": 1503, "NOM_PARADA": "Castelladral - Oristà", "MARQUESINA": null, "PAL": 1.0, "PAL SOLAR": null, "PIU": null, "GEOMETRY": "POINT (2.1853094616953874 41.464139324636015)", "Type": "Bus Stop", "Evaluation": "No PID" }, "geometry": { "type": "Point", "coordinates": [ 2.185309461695387, 41.464139324636015 ] } },
{ "type": "Feature", "properties": { "CODI_PARADA": 1504, "NOM_PARADA": "CEIP Ciutat Comtal", "MARQUESINA": 1.0, "PAL": null, "PAL SOLAR": null, "PIU": null, "GEOMETRY": "POINT (2.182566075431233 41.46279299790678)", "Type": "Bus Stop", "Evaluation": "No PID" }, "geometry": { "type": "Point", "coordinates": [ 2.182566075431233, 41.462792997906782 ] } },
{ "type": "Feature", "properties": { "CODI_PARADA": 1508, "NOM_PARADA": "Av de Vallcarca - Viaducte de Vallcarca", "MARQUESINA": 1.0, "PAL": null, "PAL SOLAR": null, "PIU": null, "GEOMETRY": "POINT (2.1443328899139558 41.412054652750726)", "Type": "Bus Stop", "Evaluation": "No PID" }, "geometry": { "type": "Point", "coordinates": [ 2.144332889913956, 41.412054652750726 ] } },
{ "type": "Feature", "properties": { "CODI_PARADA": 1509, "NOM_PARADA": "Av República Argentina - Mare de Déu del Carmel", "MARQUESINA": null, "PAL": null, "PAL SOLAR": 1.0, "PIU": 1.0, "GEOMETRY": "POINT (2.1415161230541937 41.411604076046075)", "Type": "Bus Stop", "Evaluation": "Has PID" }, "geometry": { "type": "Point", "coordinates": [ 2.141516123054194, 41.411604076046075 ] } },
{ "type": "Feature", "properties": { "CODI_PARADA": 1510, "NOM_PARADA": "Doctor Pi i Molist - Maladeta", "MARQUESINA": 1.0, "PAL": null, "PAL SOLAR": null, "PIU": 1.0, "GEOMETRY": "POINT (2.173157827290185 41.4334896602605)", "Type": "Bus Stop", "Evaluation": "Has PID" }, "geometry": { "type": "Point", "coordinates": [ 2.173157827290185, 41.433489660260499 ] } },
{ "type": "Feature", "properties": { "CODI_PARADA": 1511, "NOM_PARADA": "Pla de las Madres de la Plaza de Mayo", "MARQUESINA": 1.0, "PAL": null, "PAL SOLAR": null, "PIU": 1.0, "GEOMETRY": "POINT (2.1722266981454528 41.435217155424155)", "Type": "Bus Stop", "Evaluation": "Has PID" }, "geometry": { "type": "Point", "coordinates": [ 2.172226698145453, 41.435217155424155 ] } },
{ "type": "Feature", "properties": { "CODI_PARADA": 1513, "NOM_PARADA": "Trav de Dalt - Verdi", "MARQUESINA": 1.0, "PAL": null, "PAL SOLAR": null, "PIU": 1.0, "GEOMETRY": "POINT (2.153017246172449 41.40890136810716)", "Type": "Bus Stop", "Evaluation": "Has PID" }, "geometry": { "type": "Point", "coordinates": [ 2.153017246172449, 41.408901368107159 ] } },
{ "type": "Feature", "properties": { "CODI_PARADA": 1515, "NOM_PARADA": "Pg Torras i Bages - Via Favència", "MARQUESINA": 1.0, "PAL": null, "PAL SOLAR": null, "PIU": null, "GEOMETRY": "POINT (2.1906535008030197 41.445864383356756)", "Type": "Bus Stop", "Evaluation": "No PID" }, "geometry": { "type": "Point", "coordinates": [ 2.19065350080302, 41.445864383356756 ] } },
{ "type": "Feature", "properties": { "CODI_PARADA": 1517, "NOM_PARADA": "Metro Via Júlia - Mas Duran", "MARQUESINA": 1.0, "PAL": null, "PAL SOLAR": null, "PIU": 1.0, "GEOMETRY": "POINT (2.178735637688423 41.44351090180277)", "Type": "Bus Stop", "Evaluation": "Has PID" }, "geometry": { "type": "Point", "coordinates": [ 2.178735637688423, 41.443510901802767 ] } },
{ "type": "Feature", "properties": { "CODI_PARADA": 1518, "NOM_PARADA": "Via Júlia - Via Favència", "MARQUESINA": 1.0, "PAL": null, "PAL SOLAR": null, "PIU": null, "GEOMETRY": "POINT (2.179556223445859 41.445408766990205)", "Type": "Bus Stop", "Evaluation": "No PID" }, "geometry": { "type": "Point", "coordinates": [ 2.179556223445859, 41.445408766990205 ] } },
{ "type": "Feature", "properties": { "CODI_PARADA": 1519, "NOM_PARADA": "Pl Karl Marx - Pg Valldaura", "MARQUESINA": 1.0, "PAL": null, "PAL SOLAR": null, "PIU": null, "GEOMETRY": "POINT (2.163210964380882 41.43973327561963)", "Type": "Bus Stop", "Evaluation": "No PID" }, "geometry": { "type": "Point", "coordinates": [ 2.163210964380882, 41.439733275619631 ] } },
{ "type": "Feature", "properties": { "CODI_PARADA": 1520, "NOM_PARADA": "Diagonal - Pg de Gràcia", "MARQUESINA": 1.0, "PAL": null, "PAL SOLAR": null, "PIU": 1.0, "GEOMETRY": "POINT (2.1603040363268353 41.39680944538143)", "Type": "Bus Stop", "Evaluation": "Has PID" }, "geometry": { "type": "Point", "coordinates": [ 2.160304036326835, 41.396809445381429 ] } },
{ "type": "Feature", "properties": { "CODI_PARADA": 1522, "NOM_PARADA": "Av Riera de Cassoles - Via Augusta", "MARQUESINA": 1.0, "PAL": null, "PAL SOLAR": null, "PIU": 1.0, "GEOMETRY": "POINT (2.151112265907768 41.40122559063809)", "Type": "Bus Stop", "Evaluation": "Has PID" }, "geometry": { "type": "Point", "coordinates": [ 2.151112265907768, 41.401225590638091 ] } },
{ "type": "Feature", "properties": { "CODI_PARADA": 1525, "NOM_PARADA": "Trav de Gràcia - Balmes", "MARQUESINA": null, "PAL": 1.0, "PAL SOLAR": null, "PIU": null, "GEOMETRY": "POINT (2.1523654664114527 41.397810432917474)", "Type": "Bus Stop", "Evaluation": "No PID" }, "geometry": { "type": "Point", "coordinates": [ 2.152365466411453, 41.397810432917474 ] } },
{ "type": "Feature", "properties": { "CODI_PARADA": 1527, "NOM_PARADA": "Via Augusta - Amigó", "MARQUESINA": 1.0, "PAL": null, "PAL SOLAR": null, "PIU": null, "GEOMETRY": "POINT (2.1407658565447325 41.39805977438237)", "Type": "Bus Stop", "Evaluation": "No PID" }, "geometry": { "type": "Point", "coordinates": [ 2.140765856544733, 41.398059774382368 ] } },
{ "type": "Feature", "properties": { "CODI_PARADA": 1528, "NOM_PARADA": "Via Augusta - Ganduxer", "MARQUESINA": 1.0, "PAL": null, "PAL SOLAR": null, "PIU": null, "GEOMETRY": "POINT (2.135854715736704 41.39770541819552)", "Type": "Bus Stop", "Evaluation": "No PID" }, "geometry": { "type": "Point", "coordinates": [ 2.135854715736704, 41.397705418195521 ] } },
{ "type": "Feature", "properties": { "CODI_PARADA": 1530, "NOM_PARADA": "Balmes - Copèrnic", "MARQUESINA": null, "PAL": 1.0, "PAL SOLAR": null, "PIU": null, "GEOMETRY": "POINT (2.1453480165289225 41.40234620911104)", "Type": "Bus Stop", "Evaluation": "No PID" }, "geometry": { "type": "Point", "coordinates": [ 2.145348016528922, 41.402346209111037 ] } },
{ "type": "Feature", "properties": { "CODI_PARADA": 1531, "NOM_PARADA": "Pg Bonanova - Escoles Pies", "MARQUESINA": 1.0, "PAL": null, "PAL SOLAR": null, "PIU": 1.0, "GEOMETRY": "POINT (2.127532145144624 41.40339546303959)", "Type": "Bus Stop", "Evaluation": "Has PID" }, "geometry": { "type": "Point", "coordinates": [ 2.127532145144624, 41.403395463039587 ] } },
{ "type": "Feature", "properties": { "CODI_PARADA": 1532, "NOM_PARADA": "Pg Bonanova - Carrasco i Formiguera", "MARQUESINA": 1.0, "PAL": null, "PAL SOLAR": null, "PIU": 1.0, "GEOMETRY": "POINT (2.1237200058875927 41.40126632185739)", "Type": "Bus Stop", "Evaluation": "Has PID" }, "geometry": { "type": "Point", "coordinates": [ 2.123720005887593, 41.401266321857392 ] } },
{ "type": "Feature", "properties": { "CODI_PARADA": 1533, "NOM_PARADA": "Av Riera de Cassoles - Guillem Tell", "MARQUESINA": 1.0, "PAL": null, "PAL SOLAR": null, "PIU": 1.0, "GEOMETRY": "POINT (2.1500298601223755 41.40280667191321)", "Type": "Bus Stop", "Evaluation": "Has PID" }, "geometry": { "type": "Point", "coordinates": [ 2.150029860122376, 41.402806671913211 ] } },
{ "type": "Feature", "properties": { "CODI_PARADA": 1535, "NOM_PARADA": "Muntaner - Parc de Monterols", "MARQUESINA": 1.0, "PAL": null, "PAL SOLAR": null, "PIU": 1.0, "GEOMETRY": "POINT (2.1399282890483557 41.40124520099157)", "Type": "Bus Stop", "Evaluation": "Has PID" }, "geometry": { "type": "Point", "coordinates": [ 2.139928289048356, 41.401245200991568 ] } },
{ "type": "Feature", "properties": { "CODI_PARADA": 1536, "NOM_PARADA": "Muntaner - Plató", "MARQUESINA": 1.0, "PAL": null, "PAL SOLAR": null, "PIU": 1.0, "GEOMETRY": "POINT (2.1417801103343628 41.399861128472246)", "Type": "Bus Stop", "Evaluation": "Has PID" }, "geometry": { "type": "Point", "coordinates": [ 2.141780110334363, 41.399861128472246 ] } },
{ "type": "Feature", "properties": { "CODI_PARADA": 1538, "NOM_PARADA": "Pl Borràs", "MARQUESINA": 1.0, "PAL": null, "PAL SOLAR": null, "PIU": 1.0, "GEOMETRY": "POINT (2.117183466082915 41.40395846532665)", "Type": "Bus Stop", "Evaluation": "Has PID" }, "geometry": { "type": "Point", "coordinates": [ 2.117183466082915, 41.403958465326653 ] } },
{ "type": "Feature", "properties": { "CODI_PARADA": 1540, "NOM_PARADA": "Rotonda de Bellesguard", "MARQUESINA": null, "PAL": 1.0, "PAL SOLAR": null, "PIU": null, "GEOMETRY": "POINT (2.125045510054008 41.410291747894775)", "Type": "Bus Stop", "Evaluation": "No PID" }, "geometry": { "type": "Point", "coordinates": [ 2.125045510054008, 41.410291747894775 ] } },
{ "type": "Feature", "properties": { "CODI_PARADA": 1541, "NOM_PARADA": "Terré - Iradier", "MARQUESINA": null, "PAL": 1.0, "PAL SOLAR": null, "PIU": null, "GEOMETRY": "POINT (2.1214283293452656 41.40696004452319)", "Type": "Bus Stop", "Evaluation": "No PID" }, "geometry": { "type": "Point", "coordinates": [ 2.121428329345266, 41.406960044523188 ] } },
{ "type": "Feature", "properties": { "CODI_PARADA": 1542, "NOM_PARADA": "Av Vallcarca - Capellades", "MARQUESINA": 1.0, "PAL": null, "PAL SOLAR": null, "PIU": null, "GEOMETRY": "POINT (2.1409205541870073 41.41911094381833)", "Type": "Bus Stop", "Evaluation": "No PID" }, "geometry": { "type": "Point", "coordinates": [ 2.140920554187007, 41.419110943818332 ] } },
{ "type": "Feature", "properties": { "CODI_PARADA": 1543, "NOM_PARADA": "Av República Argentina - Pl Alfonso Comín", "MARQUESINA": 1.0, "PAL": null, "PAL SOLAR": null, "PIU": 1.0, "GEOMETRY": "POINT (2.138571029043711 41.41342827872552)", "Type": "Bus Stop", "Evaluation": "Has PID" }, "geometry": { "type": "Point", "coordinates": [ 2.138571029043711, 41.413428278725519 ] } },
{ "type": "Feature", "properties": { "CODI_PARADA": 1544, "NOM_PARADA": "Jardins de Montbau", "MARQUESINA": null, "PAL": 1.0, "PAL SOLAR": null, "PIU": null, "GEOMETRY": "POINT (2.1440592358249337 41.43195466431373)", "Type": "Bus Stop", "Evaluation": "No PID" }, "geometry": { "type": "Point", "coordinates": [ 2.144059235824934, 41.431954664313729 ] } },
{ "type": "Feature", "properties": { "CODI_PARADA": 1545, "NOM_PARADA": "Floridablanca - Comte d'Urgell", "MARQUESINA": 1.0, "PAL": null, "PAL SOLAR": null, "PIU": 1.0, "GEOMETRY": "POINT (2.1614547399054937 41.380647042925844)", "Type": "Bus Stop", "Evaluation": "Has PID" }, "geometry": { "type": "Point", "coordinates": [ 2.161454739905494, 41.380647042925844 ] } },
{ "type": "Feature", "properties": { "CODI_PARADA": 1546, "NOM_PARADA": "Buenos Aires - Comte d'Urgell", "MARQUESINA": 1.0, "PAL": null, "PAL SOLAR": null, "PIU": 1.0, "GEOMETRY": "POINT (2.146620756299339 41.392023871349444)", "Type": "Bus Stop", "Evaluation": "Has PID" }, "geometry": { "type": "Point", "coordinates": [ 2.146620756299339, 41.392023871349444 ] } },
{ "type": "Feature", "properties": { "CODI_PARADA": 1547, "NOM_PARADA": "Torre de Collserola", "MARQUESINA": null, "PAL": 1.0, "PAL SOLAR": null, "PIU": null, "GEOMETRY": "POINT (2.1167375271031967 41.41890217530563)", "Type": "Bus Stop", "Evaluation": "No PID" }, "geometry": { "type": "Point", "coordinates": [ 2.116737527103197, 41.418902175305632 ] } },
{ "type": "Feature", "properties": { "CODI_PARADA": 1548, "NOM_PARADA": "Aiguablava - Nou Barris", "MARQUESINA": 1.0, "PAL": null, "PAL SOLAR": null, "PIU": 1.0, "GEOMETRY": "POINT (2.180499623782765 41.44738270980999)", "Type": "Bus Stop", "Evaluation": "Has PID" }, "geometry": { "type": "Point", "coordinates": [ 2.180499623782765, 41.447382709809993 ] } },
{ "type": "Feature", "properties": { "CODI_PARADA": 1549, "NOM_PARADA": "Almansa - Joan Riera", "MARQUESINA": 1.0, "PAL": null, "PAL SOLAR": null, "PIU": null, "GEOMETRY": "POINT (2.175553949308906 41.44243696855002)", "Type": "Bus Stop", "Evaluation": "No PID" }, "geometry": { "type": "Point", "coordinates": [ 2.175553949308906, 41.44243696855002 ] } },
{ "type": "Feature", "properties": { "CODI_PARADA": 1552, "NOM_PARADA": "Av de la Ribera - Llevant", "MARQUESINA": 1.0, "PAL": null, "PAL SOLAR": null, "PIU": null, "GEOMETRY": "POINT (2.18909967695928 41.47686819948462)", "Type": "Bus Stop", "Evaluation": "No PID" }, "geometry": { "type": "Point", "coordinates": [ 2.18909967695928, 41.47686819948462 ] } },
{ "type": "Feature", "properties": { "CODI_PARADA": 1553, "NOM_PARADA": "Av Anselm Clavé - Les Moreres", "MARQUESINA": 1.0, "PAL": null, "PAL SOLAR": null, "PIU": null, "GEOMETRY": "POINT (2.100882157385209 41.33407506345495)", "Type": "Bus Stop", "Evaluation": "No PID" }, "geometry": { "type": "Point", "coordinates": [ 2.100882157385209, 41.334075063454947 ] } },
{ "type": "Feature", "properties": { "CODI_PARADA": 1554, "NOM_PARADA": "Josep Tarradellas - Viladomat", "MARQUESINA": 1.0, "PAL": null, "PAL SOLAR": null, "PIU": 1.0, "GEOMETRY": "POINT (2.1435604881321733 41.38919523991065)", "Type": "Bus Stop", "Evaluation": "Has PID" }, "geometry": { "type": "Point", "coordinates": [ 2.143560488132173, 41.389195239910649 ] } },
{ "type": "Feature", "properties": { "CODI_PARADA": 1555, "NOM_PARADA": "Londres - Hospital del Sagrat Cor", "MARQUESINA": 1.0, "PAL": null, "PAL SOLAR": null, "PIU": 1.0, "GEOMETRY": "POINT (2.1458125797135437 41.389811809238296)", "Type": "Bus Stop", "Evaluation": "Has PID" }, "geometry": { "type": "Point", "coordinates": [ 2.145812579713544, 41.389811809238296 ] } },
{ "type": "Feature", "properties": { "CODI_PARADA": 1556, "NOM_PARADA": "Gran Via - Viladomat", "MARQUESINA": 1.0, "PAL": null, "PAL SOLAR": null, "PIU": 1.0, "GEOMETRY": "POINT (2.155913015340318 41.38003583962736)", "Type": "Bus Stop", "Evaluation": "Has PID" }, "geometry": { "type": "Point", "coordinates": [ 2.155913015340318, 41.380035839627361 ] } },
{ "type": "Feature", "properties": { "CODI_PARADA": 1563, "NOM_PARADA": "Camí del Polvorí - Estadi Serrahima", "MARQUESINA": null, "PAL": 1.0, "PAL SOLAR": null, "PIU": null, "GEOMETRY": "POINT (2.1441034149423497 41.366194373064154)", "Type": "Bus Stop", "Evaluation": "No PID" }, "geometry": { "type": "Point", "coordinates": [ 2.14410341494235, 41.366194373064154 ] } },
{ "type": "Feature", "properties": { "CODI_PARADA": 1564, "NOM_PARADA": "Segura - Estadi Serrahima", "MARQUESINA": null, "PAL": 1.0, "PAL SOLAR": null, "PIU": null, "GEOMETRY": "POINT (2.143510498317455 41.36434003722132)", "Type": "Bus Stop", "Evaluation": "No PID" }, "geometry": { "type": "Point", "coordinates": [ 2.143510498317455, 41.364340037221318 ] } },
{ "type": "Feature", "properties": { "CODI_PARADA": 1565, "NOM_PARADA": "Segura - Barri del Polvorí", "MARQUESINA": null, "PAL": 1.0, "PAL SOLAR": null, "PIU": null, "GEOMETRY": "POINT (2.1414887923519035 41.36545701652397)", "Type": "Bus Stop", "Evaluation": "No PID" }, "geometry": { "type": "Point", "coordinates": [ 2.141488792351903, 41.365457016523969 ] } },
{ "type": "Feature", "properties": { "CODI_PARADA": 1566, "NOM_PARADA": "Segura - Fortuna", "MARQUESINA": 1.0, "PAL": null, "PAL SOLAR": null, "PIU": null, "GEOMETRY": "POINT (2.14166155677991 41.365311895619236)", "Type": "Bus Stop", "Evaluation": "No PID" }, "geometry": { "type": "Point", "coordinates": [ 2.14166155677991, 41.365311895619236 ] } },
{ "type": "Feature", "properties": { "CODI_PARADA": 1567, "NOM_PARADA": "Segura - Polvorí", "MARQUESINA": null, "PAL": 1.0, "PAL SOLAR": null, "PIU": null, "GEOMETRY": "POINT (2.1433343853548283 41.36437534301076)", "Type": "Bus Stop", "Evaluation": "No PID" }, "geometry": { "type": "Point", "coordinates": [ 2.143334385354828, 41.364375343010757 ] } },
{ "type": "Feature", "properties": { "CODI_PARADA": 1568, "NOM_PARADA": "Polvorí - Camí de la Foixarda", "MARQUESINA": null, "PAL": 1.0, "PAL SOLAR": null, "PIU": null, "GEOMETRY": "POINT (2.144960597953529 41.36538220500624)", "Type": "Bus Stop", "Evaluation": "No PID" }, "geometry": { "type": "Point", "coordinates": [ 2.144960597953529, 41.365382205006242 ] } },
{ "type": "Feature", "properties": { "CODI_PARADA": 1569, "NOM_PARADA": "Polvorí - Av Ferrer i Guàrdia", "MARQUESINA": null, "PAL": 1.0, "PAL SOLAR": null, "PIU": null, "GEOMETRY": "POINT (2.144628455986438 41.36807352538669)", "Type": "Bus Stop", "Evaluation": "No PID" }, "geometry": { "type": "Point", "coordinates": [ 2.144628455986438, 41.368073525386691 ] } },
{ "type": "Feature", "properties": { "CODI_PARADA": 1570, "NOM_PARADA": "Av J V Foix - Pedró de la Creu", "MARQUESINA": 1.0, "PAL": null, "PAL SOLAR": null, "PIU": 1.0, "GEOMETRY": "POINT (2.1199557699023495 41.39554423846015)", "Type": "Bus Stop", "Evaluation": "Has PID" }, "geometry": { "type": "Point", "coordinates": [ 2.119955769902349, 41.395544238460147 ] } },
{ "type": "Feature", "properties": { "CODI_PARADA": 1571, "NOM_PARADA": "Eduardo Conde - Santa Amèlia", "MARQUESINA": 1.0, "PAL": null, "PAL SOLAR": null, "PIU": null, "GEOMETRY": "POINT (2.1210854572973545 41.39333567843637)", "Type": "Bus Stop", "Evaluation": "No PID" }, "geometry": { "type": "Point", "coordinates": [ 2.121085457297355, 41.393335678436372 ] } },
{ "type": "Feature", "properties": { "CODI_PARADA": 1572, "NOM_PARADA": "Via Augusta - Anglí", "MARQUESINA": 1.0, "PAL": null, "PAL SOLAR": null, "PIU": null, "GEOMETRY": "POINT (2.129199747437887 41.39783306044762)", "Type": "Bus Stop", "Evaluation": "No PID" }, "geometry": { "type": "Point", "coordinates": [ 2.129199747437887, 41.397833060447617 ] } },
{ "type": "Feature", "properties": { "CODI_PARADA": 1573, "NOM_PARADA": "Via Augusta - Els Vergós", "MARQUESINA": null, "PAL": 1.0, "PAL SOLAR": null, "PIU": null, "GEOMETRY": "POINT (2.1257527514599555 41.39825711077937)", "Type": "Bus Stop", "Evaluation": "No PID" }, "geometry": { "type": "Point", "coordinates": [ 2.125752751459955, 41.398257110779369 ] } },
{ "type": "Feature", "properties": { "CODI_PARADA": 1575, "NOM_PARADA": "Marquès de Sentmenat - Numància", "MARQUESINA": 1.0, "PAL": null, "PAL SOLAR": null, "PIU": null, "GEOMETRY": "POINT (2.136713257345036 41.38496897488068)", "Type": "Bus Stop", "Evaluation": "No PID" }, "geometry": { "type": "Point", "coordinates": [ 2.136713257345036, 41.384968974880678 ] } },
{ "type": "Feature", "properties": { "CODI_PARADA": 1576, "NOM_PARADA": "Av Madrid - Joan Güell", "MARQUESINA": null, "PAL": 1.0, "PAL SOLAR": null, "PIU": null, "GEOMETRY": "POINT (2.132811003104179 41.3808147865458)", "Type": "Bus Stop", "Evaluation": "No PID" }, "geometry": { "type": "Point", "coordinates": [ 2.132811003104179, 41.380814786545798 ] } },
{ "type": "Feature", "properties": { "CODI_PARADA": 1577, "NOM_PARADA": "Les Corts - Vallespir", "MARQUESINA": 1.0, "PAL": null, "PAL SOLAR": null, "PIU": 1.0, "GEOMETRY": "POINT (2.1326691621405534 41.385283717855124)", "Type": "Bus Stop", "Evaluation": "Has PID" }, "geometry": { "type": "Point", "coordinates": [ 2.132669162140553, 41.385283717855124 ] } },
{ "type": "Feature", "properties": { "CODI_PARADA": 1578, "NOM_PARADA": "Pl del Centre", "MARQUESINA": 1.0, "PAL": null, "PAL SOLAR": null, "PIU": 1.0, "GEOMETRY": "POINT (2.1360626008866928 41.3818852192341)", "Type": "Bus Stop", "Evaluation": "Has PID" }, "geometry": { "type": "Point", "coordinates": [ 2.136062600886693, 41.3818852192341 ] } },
{ "type": "Feature", "properties": { "CODI_PARADA": 1580, "NOM_PARADA": "Guillem Tell - Av Riera de Cassoles", "MARQUESINA": 1.0, "PAL": null, "PAL SOLAR": null, "PIU": 1.0, "GEOMETRY": "POINT (2.1489958483629357 41.4027958144702)", "Type": "Bus Stop", "Evaluation": "Has PID" }, "geometry": { "type": "Point", "coordinates": [ 2.148995848362936, 41.402795814470203 ] } },
{ "type": "Feature", "properties": { "CODI_PARADA": 1581, "NOM_PARADA": "Mitre - Saragossa", "MARQUESINA": 1.0, "PAL": null, "PAL SOLAR": null, "PIU": 1.0, "GEOMETRY": "POINT (2.1440729248031394 41.4052847348094)", "Type": "Bus Stop", "Evaluation": "Has PID" }, "geometry": { "type": "Point", "coordinates": [ 2.144072924803139, 41.405284734809399 ] } },
{ "type": "Feature", "properties": { "CODI_PARADA": 1582, "NOM_PARADA": "Mitre - Pàdua", "MARQUESINA": 1.0, "PAL": null, "PAL SOLAR": null, "PIU": 1.0, "GEOMETRY": "POINT (2.1461525932031615 41.40582450639796)", "Type": "Bus Stop", "Evaluation": "Has PID" }, "geometry": { "type": "Point", "coordinates": [ 2.146152593203162, 41.405824506397963 ] } },
{ "type": "Feature", "properties": { "CODI_PARADA": 1584, "NOM_PARADA": "Major de Sarrià - Nou de Santa Eulàlia", "MARQUESINA": null, "PAL": 1.0, "PAL SOLAR": null, "PIU": null, "GEOMETRY": "POINT (2.119246949462455 41.40227159249506)", "Type": "Bus Stop", "Evaluation": "No PID" }, "geometry": { "type": "Point", "coordinates": [ 2.119246949462455, 41.402271592495062 ] } },
{ "type": "Feature", "properties": { "CODI_PARADA": 1585, "NOM_PARADA": "Major de Sarrià - General Vives", "MARQUESINA": null, "PAL": 1.0, "PAL SOLAR": null, "PIU": null, "GEOMETRY": "POINT (2.117158881966161 41.40346614786101)", "Type": "Bus Stop", "Evaluation": "No PID" }, "geometry": { "type": "Point", "coordinates": [ 2.117158881966161, 41.40346614786101 ] } },
{ "type": "Feature", "properties": { "CODI_PARADA": 1589, "NOM_PARADA": "Doctor Pi i Molist - Fabra i Puig", "MARQUESINA": 1.0, "PAL": null, "PAL SOLAR": null, "PIU": 1.0, "GEOMETRY": "POINT (2.1744909970853095 41.43077066084366)", "Type": "Bus Stop", "Evaluation": "Has PID" }, "geometry": { "type": "Point", "coordinates": [ 2.174490997085309, 41.430770660843663 ] } },
{ "type": "Feature", "properties": { "CODI_PARADA": 1590, "NOM_PARADA": "Fabra i Puig - Meridiana", "MARQUESINA": 1.0, "PAL": null, "PAL SOLAR": null, "PIU": 1.0, "GEOMETRY": "POINT (2.181902859549235 41.43027400966802)", "Type": "Bus Stop", "Evaluation": "Has PID" }, "geometry": { "type": "Point", "coordinates": [ 2.181902859549235, 41.430274009668018 ] } },
{ "type": "Feature", "properties": { "CODI_PARADA": 1591, "NOM_PARADA": "Fabra i Puig - Arnau d'Oms", "MARQUESINA": 1.0, "PAL": null, "PAL SOLAR": null, "PIU": null, "GEOMETRY": "POINT (2.1777217255185075 41.43032390531436)", "Type": "Bus Stop", "Evaluation": "No PID" }, "geometry": { "type": "Point", "coordinates": [ 2.177721725518508, 41.43032390531436 ] } },
{ "type": "Feature", "properties": { "CODI_PARADA": 1592, "NOM_PARADA": "Fabra i Puig - Arnau d'Oms", "MARQUESINA": 1.0, "PAL": null, "PAL SOLAR": null, "PIU": 1.0, "GEOMETRY": "POINT (2.1767226328050824 41.43033755093661)", "Type": "Bus Stop", "Evaluation": "Has PID" }, "geometry": { "type": "Point", "coordinates": [ 2.176722632805082, 41.430337550936613 ] } },
{ "type": "Feature", "properties": { "CODI_PARADA": 1594, "NOM_PARADA": "Pl Karl Marx", "MARQUESINA": 1.0, "PAL": null, "PAL SOLAR": null, "PIU": 1.0, "GEOMETRY": "POINT (2.1624858369072024 41.439395006898614)", "Type": "Bus Stop", "Evaluation": "Has PID" }, "geometry": { "type": "Point", "coordinates": [ 2.162485836907202, 41.439395006898614 ] } },
{ "type": "Feature", "properties": { "CODI_PARADA": 1595, "NOM_PARADA": "Centre Esportiu Ciutat Meridiana", "MARQUESINA": 1.0, "PAL": null, "PAL SOLAR": null, "PIU": null, "GEOMETRY": "POINT (2.176256018219936 41.45932660770174)", "Type": "Bus Stop", "Evaluation": "No PID" }, "geometry": { "type": "Point", "coordinates": [ 2.176256018219936, 41.45932660770174 ] } },
{ "type": "Feature", "properties": { "CODI_PARADA": 1597, "NOM_PARADA": "Club Esportiu Hispano Francès", "MARQUESINA": 1.0, "PAL": null, "PAL SOLAR": null, "PIU": null, "GEOMETRY": "POINT (2.1492860317428533 41.431432676264365)", "Type": "Bus Stop", "Evaluation": "No PID" }, "geometry": { "type": "Point", "coordinates": [ 2.149286031742853, 41.431432676264365 ] } },
{ "type": "Feature", "properties": { "CODI_PARADA": 1599, "NOM_PARADA": "Via Laietana - Manresa", "MARQUESINA": null, "PAL": 1.0, "PAL SOLAR": null, "PIU": null, "GEOMETRY": "POINT (2.1803633233692725 41.38282104199328)", "Type": "Bus Stop", "Evaluation": "No PID" }, "geometry": { "type": "Point", "coordinates": [ 2.180363323369273, 41.382821041993282 ] } },
{ "type": "Feature", "properties": { "CODI_PARADA": 1600, "NOM_PARADA": "Via Laietana - Pl Ramon Berenguer", "MARQUESINA": null, "PAL": null, "PAL SOLAR": 1.0, "PIU": 1.0, "GEOMETRY": "POINT (2.177390168095615 41.38507089352649)", "Type": "Bus Stop", "Evaluation": "Has PID" }, "geometry": { "type": "Point", "coordinates": [ 2.177390168095615, 41.385070893526489 ] } },
{ "type": "Feature", "properties": { "CODI_PARADA": 1602, "NOM_PARADA": "Via Laietana - Pl Ramon Berenguer", "MARQUESINA": null, "PAL": 1.0, "PAL SOLAR": null, "PIU": null, "GEOMETRY": "POINT (2.177278030641903 41.38496337674673)", "Type": "Bus Stop", "Evaluation": "No PID" }, "geometry": { "type": "Point", "coordinates": [ 2.177278030641903, 41.384963376746732 ] } },
{ "type": "Feature", "properties": { "CODI_PARADA": 1604, "NOM_PARADA": "Pg Marítim - Pepe Rubianes", "MARQUESINA": 1.0, "PAL": null, "PAL SOLAR": null, "PIU": 1.0, "GEOMETRY": "POINT (2.1921322649692194 41.379150813364696)", "Type": "Bus Stop", "Evaluation": "Has PID" }, "geometry": { "type": "Point", "coordinates": [ 2.192132264969219, 41.379150813364696 ] } },
{ "type": "Feature", "properties": { "CODI_PARADA": 1605, "NOM_PARADA": "Pepe Rubianes", "MARQUESINA": 1.0, "PAL": null, "PAL SOLAR": null, "PIU": null, "GEOMETRY": "POINT (2.1900713783343297 41.378391435949595)", "Type": "Bus Stop", "Evaluation": "No PID" }, "geometry": { "type": "Point", "coordinates": [ 2.19007137833433, 41.378391435949595 ] } },
{ "type": "Feature", "properties": { "CODI_PARADA": 1606, "NOM_PARADA": "Pg Marítim - Pepe Rubianes", "MARQUESINA": 1.0, "PAL": null, "PAL SOLAR": null, "PIU": null, "GEOMETRY": "POINT (2.192297654621433 41.3791649782621)", "Type": "Bus Stop", "Evaluation": "No PID" }, "geometry": { "type": "Point", "coordinates": [ 2.192297654621433, 41.379164978262096 ] } },
{ "type": "Feature", "properties": { "CODI_PARADA": 1610, "NOM_PARADA": "Carrer número 4 - Carrer C", "MARQUESINA": 1.0, "PAL": null, "PAL SOLAR": null, "PIU": null, "GEOMETRY": "POINT (2.131948585794263 41.32982713896411)", "Type": "Bus Stop", "Evaluation": "No PID" }, "geometry": { "type": "Point", "coordinates": [ 2.131948585794263, 41.329827138964113 ] } },
{ "type": "Feature", "properties": { "CODI_PARADA": 1611, "NOM_PARADA": "Parc de Bellvitge", "MARQUESINA": 1.0, "PAL": null, "PAL SOLAR": null, "PIU": null, "GEOMETRY": "POINT (2.112261447582896 41.34827292471024)", "Type": "Bus Stop", "Evaluation": "No PID" }, "geometry": { "type": "Point", "coordinates": [ 2.112261447582896, 41.348272924710237 ] } },
{ "type": "Feature", "properties": { "CODI_PARADA": 1612, "NOM_PARADA": "Hospital Oncològic", "MARQUESINA": null, "PAL": null, "PAL SOLAR": 1.0, "PIU": 1.0, "GEOMETRY": "POINT (2.1102399296900862 41.34616705173178)", "Type": "Bus Stop", "Evaluation": "Has PID" }, "geometry": { "type": "Point", "coordinates": [ 2.110239929690086, 41.346167051731783 ] } },
{ "type": "Feature", "properties": { "CODI_PARADA": 1613, "NOM_PARADA": "Metro Bellvitge Rambla Marina", "MARQUESINA": 1.0, "PAL": null, "PAL SOLAR": null, "PIU": null, "GEOMETRY": "POINT (2.1101982632644813 41.351620290268876)", "Type": "Bus Stop", "Evaluation": "No PID" }, "geometry": { "type": "Point", "coordinates": [ 2.110198263264481, 41.351620290268876 ] } },
{ "type": "Feature", "properties": { "CODI_PARADA": 1614, "NOM_PARADA": "Carrer número 4 - Carrer B", "MARQUESINA": 1.0, "PAL": null, "PAL SOLAR": null, "PIU": null, "GEOMETRY": "POINT (2.1333328238323173 41.32961884030953)", "Type": "Bus Stop", "Evaluation": "No PID" }, "geometry": { "type": "Point", "coordinates": [ 2.133332823832317, 41.329618840309529 ] } },
{ "type": "Feature", "properties": { "CODI_PARADA": 1615, "NOM_PARADA": "Carrer número 4 - Carrer D", "MARQUESINA": 1.0, "PAL": null, "PAL SOLAR": null, "PIU": null, "GEOMETRY": "POINT (2.128353334146223 41.331081363174135)", "Type": "Bus Stop", "Evaluation": "No PID" }, "geometry": { "type": "Point", "coordinates": [ 2.128353334146223, 41.331081363174135 ] } },
{ "type": "Feature", "properties": { "CODI_PARADA": 1616, "NOM_PARADA": "Pg Pujades - Parc de la Ciutadella", "MARQUESINA": 1.0, "PAL": null, "PAL SOLAR": null, "PIU": 1.0, "GEOMETRY": "POINT (2.185052559520668 41.38998242328878)", "Type": "Bus Stop", "Evaluation": "Has PID" }, "geometry": { "type": "Point", "coordinates": [ 2.185052559520668, 41.389982423288778 ] } },
{ "type": "Feature", "properties": { "CODI_PARADA": 1617, "NOM_PARADA": "Carrer número 4 - Mercabarna", "MARQUESINA": 1.0, "PAL": null, "PAL SOLAR": null, "PIU": null, "GEOMETRY": "POINT (2.1190365120627814 41.33434501971857)", "Type": "Bus Stop", "Evaluation": "No PID" }, "geometry": { "type": "Point", "coordinates": [ 2.119036512062781, 41.334345019718569 ] } },
{ "type": "Feature", "properties": { "CODI_PARADA": 1618, "NOM_PARADA": "Carrer número 4 - Carrer F", "MARQUESINA": 1.0, "PAL": null, "PAL SOLAR": null, "PIU": null, "GEOMETRY": "POINT (2.122905177421713 41.3329903551745)", "Type": "Bus Stop", "Evaluation": "No PID" }, "geometry": { "type": "Point", "coordinates": [ 2.122905177421713, 41.332990355174502 ] } },
{ "type": "Feature", "properties": { "CODI_PARADA": 1620, "NOM_PARADA": "Metro Poble Sec", "MARQUESINA": 1.0, "PAL": null, "PAL SOLAR": null, "PIU": 1.0, "GEOMETRY": "POINT (2.1598945705426247 41.374880091109844)", "Type": "Bus Stop", "Evaluation": "Has PID" }, "geometry": { "type": "Point", "coordinates": [ 2.159894570542625, 41.374880091109844 ] } },
{ "type": "Feature", "properties": { "CODI_PARADA": 1621, "NOM_PARADA": "Palamós - Tamariu", "MARQUESINA": null, "PAL": 1.0, "PAL SOLAR": null, "PIU": null, "GEOMETRY": "POINT (2.186128897467607 41.449414410590215)", "Type": "Bus Stop", "Evaluation": "No PID" }, "geometry": { "type": "Point", "coordinates": [ 2.186128897467607, 41.449414410590215 ] } },
{ "type": "Feature", "properties": { "CODI_PARADA": 1622, "NOM_PARADA": "S'Agaró - Sa Tuna", "MARQUESINA": 1.0, "PAL": null, "PAL SOLAR": null, "PIU": 1.0, "GEOMETRY": "POINT (2.187922253278301 41.45140601646217)", "Type": "Bus Stop", "Evaluation": "Has PID" }, "geometry": { "type": "Point", "coordinates": [ 2.187922253278301, 41.451406016462172 ] } },
{ "type": "Feature", "properties": { "CODI_PARADA": 1624, "NOM_PARADA": "Parc del Turó de la Peira", "MARQUESINA": 1.0, "PAL": null, "PAL SOLAR": null, "PIU": 1.0, "GEOMETRY": "POINT (2.1633524272830704 41.43337579150448)", "Type": "Bus Stop", "Evaluation": "Has PID" }, "geometry": { "type": "Point", "coordinates": [ 2.16335242728307, 41.433375791504481 ] } },
{ "type": "Feature", "properties": { "CODI_PARADA": 1625, "NOM_PARADA": "Mercat Mare de Déu de Núria", "MARQUESINA": 1.0, "PAL": null, "PAL SOLAR": null, "PIU": null, "GEOMETRY": "POINT (2.1725685601433335 41.459925710037915)", "Type": "Bus Stop", "Evaluation": "No PID" }, "geometry": { "type": "Point", "coordinates": [ 2.172568560143334, 41.459925710037915 ] } },
{ "type": "Feature", "properties": { "CODI_PARADA": 1626, "NOM_PARADA": "Perafita - Av Rasos de Peguera", "MARQUESINA": null, "PAL": 1.0, "PAL SOLAR": null, "PIU": null, "GEOMETRY": "POINT (2.1704180616544857 41.45966971449495)", "Type": "Bus Stop", "Evaluation": "No PID" }, "geometry": { "type": "Point", "coordinates": [ 2.170418061654486, 41.45966971449495 ] } },
{ "type": "Feature", "properties": { "CODI_PARADA": 1630, "NOM_PARADA": "Badajoz - Doctor Trueta", "MARQUESINA": null, "PAL": 1.0, "PAL SOLAR": null, "PIU": null, "GEOMETRY": "POINT (2.1987941855791235 41.39617172257259)", "Type": "Bus Stop", "Evaluation": "No PID" }, "geometry": { "type": "Point", "coordinates": [ 2.198794185579124, 41.396171722572589 ] } },
{ "type": "Feature", "properties": { "CODI_PARADA": 1631, "NOM_PARADA": "Marina - Ramon Turró", "MARQUESINA": 1.0, "PAL": null, "PAL SOLAR": null, "PIU": 1.0, "GEOMETRY": "POINT (2.191898713386761 41.390871027877736)", "Type": "Bus Stop", "Evaluation": "Has PID" }, "geometry": { "type": "Point", "coordinates": [ 2.191898713386761, 41.390871027877736 ] } },
{ "type": "Feature", "properties": { "CODI_PARADA": 1633, "NOM_PARADA": "Hospital Moisès Broggi", "MARQUESINA": null, "PAL": null, "PAL SOLAR": 1.0, "PIU": 1.0, "GEOMETRY": "POINT (2.0714603049129865 41.37397589572278)", "Type": "Bus Stop", "Evaluation": "Has PID" }, "geometry": { "type": "Point", "coordinates": [ 2.071460304912986, 41.373975895722779 ] } },
{ "type": "Feature", "properties": { "CODI_PARADA": 1637, "NOM_PARADA": "Pg Reina Elisenda - Major de Sarrià", "MARQUESINA": null, "PAL": 1.0, "PAL SOLAR": null, "PIU": null, "GEOMETRY": "POINT (2.120795374477689 41.399806178342956)", "Type": "Bus Stop", "Evaluation": "No PID" }, "geometry": { "type": "Point", "coordinates": [ 2.120795374477689, 41.399806178342956 ] } },
{ "type": "Feature", "properties": { "CODI_PARADA": 1638, "NOM_PARADA": "Carrer A - Carrer número 3", "MARQUESINA": null, "PAL": 1.0, "PAL SOLAR": null, "PIU": null, "GEOMETRY": "POINT (2.140311466037748 41.33494875337791)", "Type": "Bus Stop", "Evaluation": "No PID" }, "geometry": { "type": "Point", "coordinates": [ 2.140311466037748, 41.334948753377908 ] } },
{ "type": "Feature", "properties": { "CODI_PARADA": 1639, "NOM_PARADA": "Carrer A- Comissaria Portuària", "MARQUESINA": 1.0, "PAL": null, "PAL SOLAR": null, "PIU": null, "GEOMETRY": "POINT (2.142164217702621 41.338012591966056)", "Type": "Bus Stop", "Evaluation": "No PID" }, "geometry": { "type": "Point", "coordinates": [ 2.142164217702621, 41.338012591966056 ] } },
{ "type": "Feature", "properties": { "CODI_PARADA": 1640, "NOM_PARADA": "Carrer A - Comissaria Portuària", "MARQUESINA": null, "PAL": 1.0, "PAL SOLAR": null, "PIU": null, "GEOMETRY": "POINT (2.1425832027625553 41.33952414418951)", "Type": "Bus Stop", "Evaluation": "No PID" }, "geometry": { "type": "Point", "coordinates": [ 2.142583202762555, 41.339524144189511 ] } },
{ "type": "Feature", "properties": { "CODI_PARADA": 1641, "NOM_PARADA": "Carrer A - Carrer número 3", "MARQUESINA": 1.0, "PAL": null, "PAL SOLAR": null, "PIU": null, "GEOMETRY": "POINT (2.1373567748390583 41.331040875055095)", "Type": "Bus Stop", "Evaluation": "No PID" }, "geometry": { "type": "Point", "coordinates": [ 2.137356774839058, 41.331040875055095 ] } },
{ "type": "Feature", "properties": { "CODI_PARADA": 1642, "NOM_PARADA": "Carrer A - Carrer número 4", "MARQUESINA": 1.0, "PAL": null, "PAL SOLAR": null, "PIU": null, "GEOMETRY": "POINT (2.1361907544276852 41.32916421224776)", "Type": "Bus Stop", "Evaluation": "No PID" }, "geometry": { "type": "Point", "coordinates": [ 2.136190754427685, 41.329164212247761 ] } },
{ "type": "Feature", "properties": { "CODI_PARADA": 1643, "NOM_PARADA": "Mercabarna - Mercat del Peix", "MARQUESINA": 1.0, "PAL": null, "PAL SOLAR": null, "PIU": null, "GEOMETRY": "POINT (2.117334300071645 41.334051623398075)", "Type": "Bus Stop", "Evaluation": "No PID" }, "geometry": { "type": "Point", "coordinates": [ 2.117334300071645, 41.334051623398075 ] } },
{ "type": "Feature", "properties": { "CODI_PARADA": 1644, "NOM_PARADA": "Palamós - La Fosca", "MARQUESINA": null, "PAL": 1.0, "PAL SOLAR": null, "PIU": null, "GEOMETRY": "POINT (2.1852628125269997 41.447866861624355)", "Type": "Bus Stop", "Evaluation": "No PID" }, "geometry": { "type": "Point", "coordinates": [ 2.185262812527, 41.447866861624355 ] } },
{ "type": "Feature", "properties": { "CODI_PARADA": 1645, "NOM_PARADA": "Carrer D - Carrer número 4", "MARQUESINA": 1.0, "PAL": null, "PAL SOLAR": null, "PIU": null, "GEOMETRY": "POINT (2.128757058104783 41.33011034520718)", "Type": "Bus Stop", "Evaluation": "No PID" }, "geometry": { "type": "Point", "coordinates": [ 2.128757058104783, 41.330110345207181 ] } },
{ "type": "Feature", "properties": { "CODI_PARADA": 1646, "NOM_PARADA": "Carrer D - Carrer número 5", "MARQUESINA": null, "PAL": 1.0, "PAL SOLAR": null, "PIU": null, "GEOMETRY": "POINT (2.127203241896339 41.3275924421189)", "Type": "Bus Stop", "Evaluation": "No PID" }, "geometry": { "type": "Point", "coordinates": [ 2.127203241896339, 41.327592442118899 ] } },
{ "type": "Feature", "properties": { "CODI_PARADA": 1647, "NOM_PARADA": "Carrer D - Carrer número 6", "MARQUESINA": 1.0, "PAL": null, "PAL SOLAR": null, "PIU": null, "GEOMETRY": "POINT (2.125546142829846 41.32490140869365)", "Type": "Bus Stop", "Evaluation": "No PID" }, "geometry": { "type": "Point", "coordinates": [ 2.125546142829846, 41.324901408693648 ] } },
{ "type": "Feature", "properties": { "CODI_PARADA": 1649, "NOM_PARADA": "Camí de la Torre Melina - Av de Xile", "MARQUESINA": null, "PAL": 1.0, "PAL SOLAR": null, "PIU": null, "GEOMETRY": "POINT (2.1122275861986792 41.3763433127424)", "Type": "Bus Stop", "Evaluation": "No PID" }, "geometry": { "type": "Point", "coordinates": [ 2.112227586198679, 41.376343312742399 ] } },
{ "type": "Feature", "properties": { "CODI_PARADA": 1650, "NOM_PARADA": "Av Doctor Marañón - Av de Xile", "MARQUESINA": 1.0, "PAL": null, "PAL SOLAR": null, "PIU": 1.0, "GEOMETRY": "POINT (2.114350392203133 41.381438997633346)", "Type": "Bus Stop", "Evaluation": "Has PID" }, "geometry": { "type": "Point", "coordinates": [ 2.114350392203133, 41.381438997633346 ] } },
{ "type": "Feature", "properties": { "CODI_PARADA": 1652, "NOM_PARADA": "Metro Parc Nou", "MARQUESINA": 1.0, "PAL": null, "PAL SOLAR": null, "PIU": 1.0, "GEOMETRY": "POINT (2.087584931236562 41.31675384545776)", "Type": "Bus Stop", "Evaluation": "Has PID" }, "geometry": { "type": "Point", "coordinates": [ 2.087584931236562, 41.316753845457761 ] } },
{ "type": "Feature", "properties": { "CODI_PARADA": 1653, "NOM_PARADA": "Ctra d'Esplugues - Feliu i Codina", "MARQUESINA": 1.0, "PAL": null, "PAL SOLAR": null, "PIU": null, "GEOMETRY": "POINT (2.0749105033293005 41.363692559693426)", "Type": "Bus Stop", "Evaluation": "No PID" }, "geometry": { "type": "Point", "coordinates": [ 2.0749105033293, 41.363692559693426 ] } },
{ "type": "Feature", "properties": { "CODI_PARADA": 1654, "NOM_PARADA": "Ctra d'Esplugues - Torras i Bages", "MARQUESINA": null, "PAL": null, "PAL SOLAR": 1.0, "PIU": 1.0, "GEOMETRY": "POINT (2.072433269606532 41.36117085302233)", "Type": "Bus Stop", "Evaluation": "Has PID" }, "geometry": { "type": "Point", "coordinates": [ 2.072433269606532, 41.36117085302233 ] } },
{ "type": "Feature", "properties": { "CODI_PARADA": 1655, "NOM_PARADA": "Av Sant Ildefons - Av República Argentina", "MARQUESINA": 1.0, "PAL": null, "PAL SOLAR": null, "PIU": null, "GEOMETRY": "POINT (2.082815517623394 41.36276805952586)", "Type": "Bus Stop", "Evaluation": "No PID" }, "geometry": { "type": "Point", "coordinates": [ 2.082815517623394, 41.362768059525862 ] } },
{ "type": "Feature", "properties": { "CODI_PARADA": 1656, "NOM_PARADA": "Av Sant Ildefons - Bruc", "MARQUESINA": 1.0, "PAL": null, "PAL SOLAR": null, "PIU": null, "GEOMETRY": "POINT (2.08081800820729 41.36049006183185)", "Type": "Bus Stop", "Evaluation": "No PID" }, "geometry": { "type": "Point", "coordinates": [ 2.08081800820729, 41.360490061831847 ] } },
{ "type": "Feature", "properties": { "CODI_PARADA": 1657, "NOM_PARADA": "Av Barcelona - Mare de Déu de la Mercè", "MARQUESINA": null, "PAL": null, "PAL SOLAR": 1.0, "PIU": 1.0, "GEOMETRY": "POINT (2.0706384665859225 41.368507515180724)", "Type": "Bus Stop", "Evaluation": "Has PID" }, "geometry": { "type": "Point", "coordinates": [ 2.070638466585923, 41.368507515180724 ] } },
{ "type": "Feature", "properties": { "CODI_PARADA": 1658, "NOM_PARADA": "St Martí de l'Erm - Zona Esportiva Fontsanta", "MARQUESINA": 1.0, "PAL": null, "PAL SOLAR": null, "PIU": null, "GEOMETRY": "POINT (2.070081419264372 41.37141145398121)", "Type": "Bus Stop", "Evaluation": "No PID" }, "geometry": { "type": "Point", "coordinates": [ 2.070081419264372, 41.37141145398121 ] } },
{ "type": "Feature", "properties": { "CODI_PARADA": 1659, "NOM_PARADA": "Ciutat d'Asunción - Tucumán", "MARQUESINA": 1.0, "PAL": null, "PAL SOLAR": null, "PIU": 1.0, "GEOMETRY": "POINT (2.1992566207280233 41.44458611729393)", "Type": "Bus Stop", "Evaluation": "Has PID" }, "geometry": { "type": "Point", "coordinates": [ 2.199256620728023, 41.44458611729393 ] } },
{ "type": "Feature", "properties": { "CODI_PARADA": 1660, "NOM_PARADA": "Pl Maragall - Xiprer", "MARQUESINA": 1.0, "PAL": null, "PAL SOLAR": null, "PIU": 1.0, "GEOMETRY": "POINT (2.180476213479116 41.418880342941165)", "Type": "Bus Stop", "Evaluation": "Has PID" }, "geometry": { "type": "Point", "coordinates": [ 2.180476213479116, 41.418880342941165 ] } },
{ "type": "Feature", "properties": { "CODI_PARADA": 1661, "NOM_PARADA": "Rambla Prim - Pallars", "MARQUESINA": 1.0, "PAL": null, "PAL SOLAR": null, "PIU": null, "GEOMETRY": "POINT (2.214866096562953 41.4143362556968)", "Type": "Bus Stop", "Evaluation": "No PID" }, "geometry": { "type": "Point", "coordinates": [ 2.214866096562953, 41.414336255696803 ] } },
{ "type": "Feature", "properties": { "CODI_PARADA": 1665, "NOM_PARADA": "Guipúscoa - Extremadura", "MARQUESINA": null, "PAL": null, "PAL SOLAR": 1.0, "PIU": 1.0, "GEOMETRY": "POINT (2.208522732954988 41.42469187953327)", "Type": "Bus Stop", "Evaluation": "Has PID" }, "geometry": { "type": "Point", "coordinates": [ 2.208522732954988, 41.42469187953327 ] } },
{ "type": "Feature", "properties": { "CODI_PARADA": 1666, "NOM_PARADA": "Bernat Metge - Argentina", "MARQUESINA": 1.0, "PAL": null, "PAL SOLAR": null, "PIU": null, "GEOMETRY": "POINT (2.2117673767826376 41.420188175278)", "Type": "Bus Stop", "Evaluation": "No PID" }, "geometry": { "type": "Point", "coordinates": [ 2.211767376782638, 41.420188175278 ] } },
{ "type": "Feature", "properties": { "CODI_PARADA": 1669, "NOM_PARADA": "Carrer A - Carrer número 1", "MARQUESINA": null, "PAL": 1.0, "PAL SOLAR": null, "PIU": null, "GEOMETRY": "POINT (2.145283633805442 41.343925305113856)", "Type": "Bus Stop", "Evaluation": "No PID" }, "geometry": { "type": "Point", "coordinates": [ 2.145283633805442, 41.343925305113856 ] } },
{ "type": "Feature", "properties": { "CODI_PARADA": 1670, "NOM_PARADA": "Transports Metropolitans de Barcelona", "MARQUESINA": 1.0, "PAL": null, "PAL SOLAR": null, "PIU": 1.0, "GEOMETRY": "POINT (2.1422801277764516 41.34673609238604)", "Type": "Bus Stop", "Evaluation": "Has PID" }, "geometry": { "type": "Point", "coordinates": [ 2.142280127776452, 41.346736092386038 ] } },
{ "type": "Feature", "properties": { "CODI_PARADA": 1671, "NOM_PARADA": "Area Metropolitana de Barcelona", "MARQUESINA": 1.0, "PAL": null, "PAL SOLAR": null, "PIU": null, "GEOMETRY": "POINT (2.142219306500866 41.34670510373804)", "Type": "Bus Stop", "Evaluation": "No PID" }, "geometry": { "type": "Point", "coordinates": [ 2.142219306500866, 41.346705103738039 ] } },
{ "type": "Feature", "properties": { "CODI_PARADA": 1673, "NOM_PARADA": "Plaça Catalunya", "MARQUESINA": null, "PAL": null, "PAL SOLAR": 1.0, "PIU": null, "GEOMETRY": "POINT (2.1709199266949057 41.38742782839966)", "Type": "Bus Stop", "Evaluation": "No PID" }, "geometry": { "type": "Point", "coordinates": [ 2.170919926694906, 41.387427828399659 ] } },
{ "type": "Feature", "properties": { "CODI_PARADA": 1676, "NOM_PARADA": "Tibidabo - Plaça Kennedy", "MARQUESINA": null, "PAL": null, "PAL SOLAR": 1.0, "PIU": null, "GEOMETRY": "POINT (2.137309798728654 41.41002179501629)", "Type": "Bus Stop", "Evaluation": "No PID" }, "geometry": { "type": "Point", "coordinates": [ 2.137309798728654, 41.410021795016291 ] } },
{ "type": "Feature", "properties": { "CODI_PARADA": 1678, "NOM_PARADA": "Poble Espanyol", "MARQUESINA": null, "PAL": null, "PAL SOLAR": 1.0, "PIU": null, "GEOMETRY": "POINT (2.146533476616771 41.369490331867084)", "Type": "Bus Stop", "Evaluation": "No PID" }, "geometry": { "type": "Point", "coordinates": [ 2.146533476616771, 41.369490331867084 ] } },
{ "type": "Feature", "properties": { "CODI_PARADA": 1679, "NOM_PARADA": "Anella Olímpica", "MARQUESINA": null, "PAL": null, "PAL SOLAR": 1.0, "PIU": 1.0, "GEOMETRY": "POINT (2.1531957476220183 41.3660816955605)", "Type": "Bus Stop", "Evaluation": "Has PID" }, "geometry": { "type": "Point", "coordinates": [ 2.153195747622018, 41.366081695560503 ] } },
{ "type": "Feature", "properties": { "CODI_PARADA": 1680, "NOM_PARADA": "Telefèric de Montjuïc", "MARQUESINA": null, "PAL": null, "PAL SOLAR": 1.0, "PIU": null, "GEOMETRY": "POINT (2.1645507960030086 41.36886022086445)", "Type": "Bus Stop", "Evaluation": "No PID" }, "geometry": { "type": "Point", "coordinates": [ 2.164550796003009, 41.368860220864448 ] } },
{ "type": "Feature", "properties": { "CODI_PARADA": 1681, "NOM_PARADA": "La Rambla - Colom", "MARQUESINA": null, "PAL": null, "PAL SOLAR": 1.0, "PIU": 1.0, "GEOMETRY": "POINT (2.1782546445587676 41.376055171956295)", "Type": "Bus Stop", "Evaluation": "Has PID" }, "geometry": { "type": "Point", "coordinates": [ 2.178254644558768, 41.376055171956295 ] } },
{ "type": "Feature", "properties": { "CODI_PARADA": 1683, "NOM_PARADA": "Plaça d'Espanya", "MARQUESINA": null, "PAL": null, "PAL SOLAR": 1.0, "PIU": null, "GEOMETRY": "POINT (2.1498892303863424 41.373636732047395)", "Type": "Bus Stop", "Evaluation": "No PID" }, "geometry": { "type": "Point", "coordinates": [ 2.149889230386342, 41.373636732047395 ] } },
{ "type": "Feature", "properties": { "CODI_PARADA": 1690, "NOM_PARADA": "Riu Llobregat - Riu Túria", "MARQUESINA": 1.0, "PAL": null, "PAL SOLAR": null, "PIU": null, "GEOMETRY": "POINT (2.084950439937346 41.31710045811918)", "Type": "Bus Stop", "Evaluation": "No PID" }, "geometry": { "type": "Point", "coordinates": [ 2.084950439937346, 41.317100458119178 ] } },
{ "type": "Feature", "properties": { "CODI_PARADA": 1691, "NOM_PARADA": "Policia Local", "MARQUESINA": 1.0, "PAL": null, "PAL SOLAR": null, "PIU": 1.0, "GEOMETRY": "POINT (2.083350486827583 41.317464879058164)", "Type": "Bus Stop", "Evaluation": "Has PID" }, "geometry": { "type": "Point", "coordinates": [ 2.083350486827583, 41.317464879058164 ] } },
{ "type": "Feature", "properties": { "CODI_PARADA": 1695, "NOM_PARADA": "Ctra d'Horta", "MARQUESINA": null, "PAL": 1.0, "PAL SOLAR": null, "PIU": null, "GEOMETRY": "POINT (2.1542182450055463 41.438971044898445)", "Type": "Bus Stop", "Evaluation": "No PID" }, "geometry": { "type": "Point", "coordinates": [ 2.154218245005546, 41.438971044898445 ] } },
{ "type": "Feature", "properties": { "CODI_PARADA": 1696, "NOM_PARADA": "Fusters - Ctra Nacional 150", "MARQUESINA": null, "PAL": 1.0, "PAL SOLAR": null, "PIU": null, "GEOMETRY": "POINT (2.1748110697509015 41.46417927583859)", "Type": "Bus Stop", "Evaluation": "No PID" }, "geometry": { "type": "Point", "coordinates": [ 2.174811069750902, 41.464179275838589 ] } },
{ "type": "Feature", "properties": { "CODI_PARADA": 1697, "NOM_PARADA": "Ctra Reial - Ateneu", "MARQUESINA": 1.0, "PAL": null, "PAL SOLAR": null, "PIU": null, "GEOMETRY": "POINT (2.0773865146329213 41.37863296581228)", "Type": "Bus Stop", "Evaluation": "No PID" }, "geometry": { "type": "Point", "coordinates": [ 2.077386514632921, 41.37863296581228 ] } },
{ "type": "Feature", "properties": { "CODI_PARADA": 1699, "NOM_PARADA": "Bernat Metge - Rambla Prim", "MARQUESINA": 1.0, "PAL": null, "PAL SOLAR": null, "PIU": null, "GEOMETRY": "POINT (2.2118986995619054 41.42045848800713)", "Type": "Bus Stop", "Evaluation": "No PID" }, "geometry": { "type": "Point", "coordinates": [ 2.211898699561905, 41.420458488007128 ] } },
{ "type": "Feature", "properties": { "CODI_PARADA": 1701, "NOM_PARADA": "Fusters - Ctra Nacional 150", "MARQUESINA": null, "PAL": 1.0, "PAL SOLAR": null, "PIU": null, "GEOMETRY": "POINT (2.175011158649766 41.46433275349182)", "Type": "Bus Stop", "Evaluation": "No PID" }, "geometry": { "type": "Point", "coordinates": [ 2.175011158649766, 41.464332753491817 ] } },
{ "type": "Feature", "properties": { "CODI_PARADA": 1702, "NOM_PARADA": "General Mendoza - Santa Rosalia", "MARQUESINA": null, "PAL": 1.0, "PAL SOLAR": null, "PIU": null, "GEOMETRY": "POINT (2.1416325838975565 41.42146583315446)", "Type": "Bus Stop", "Evaluation": "No PID" }, "geometry": { "type": "Point", "coordinates": [ 2.141632583897557, 41.421465833154457 ] } },
{ "type": "Feature", "properties": { "CODI_PARADA": 1703, "NOM_PARADA": "Les Agudes - (a Torre Baró-Vallbona)", "MARQUESINA": 1.0, "PAL": null, "PAL SOLAR": null, "PIU": null, "GEOMETRY": "POINT (2.175901652846517 41.461546809579716)", "Type": "Bus Stop", "Evaluation": "No PID" }, "geometry": { "type": "Point", "coordinates": [ 2.175901652846517, 41.461546809579716 ] } },
{ "type": "Feature", "properties": { "CODI_PARADA": 1704, "NOM_PARADA": "Les Agudes - Costabona (a Torre Baró-Vallbona)", "MARQUESINA": null, "PAL": 1.0, "PAL SOLAR": null, "PIU": null, "GEOMETRY": "POINT (2.1773473089666178 41.46270755052653)", "Type": "Bus Stop", "Evaluation": "No PID" }, "geometry": { "type": "Point", "coordinates": [ 2.177347308966618, 41.462707550526531 ] } },
{ "type": "Feature", "properties": { "CODI_PARADA": 1705, "NOM_PARADA": "Vallcivera - Pl Roja", "MARQUESINA": 1.0, "PAL": null, "PAL SOLAR": null, "PIU": 1.0, "GEOMETRY": "POINT (2.1793948940152905 41.46118147191703)", "Type": "Bus Stop", "Evaluation": "Has PID" }, "geometry": { "type": "Point", "coordinates": [ 2.179394894015291, 41.46118147191703 ] } },
{ "type": "Feature", "properties": { "CODI_PARADA": 1706, "NOM_PARADA": "Av Rasos de Peguera - Pedraforca", "MARQUESINA": 1.0, "PAL": null, "PAL SOLAR": null, "PIU": 1.0, "GEOMETRY": "POINT (2.173803122535757 41.46049293435896)", "Type": "Bus Stop", "Evaluation": "Has PID" }, "geometry": { "type": "Point", "coordinates": [ 2.173803122535757, 41.46049293435896 ] } },
{ "type": "Feature", "properties": { "CODI_PARADA": 1707, "NOM_PARADA": "Les Agudes - Costabona (a Can Cuiàs)", "MARQUESINA": 1.0, "PAL": null, "PAL SOLAR": null, "PIU": null, "GEOMETRY": "POINT (2.177265130717631 41.462680612706535)", "Type": "Bus Stop", "Evaluation": "No PID" }, "geometry": { "type": "Point", "coordinates": [ 2.177265130717631, 41.462680612706535 ] } },
{ "type": "Feature", "properties": { "CODI_PARADA": 1708, "NOM_PARADA": "Les Agudes - Av Rasos de Peguera (a Can Cuiàs)", "MARQUESINA": null, "PAL": 1.0, "PAL SOLAR": null, "PIU": null, "GEOMETRY": "POINT (2.1758812138822567 41.46147740393615)", "Type": "Bus Stop", "Evaluation": "No PID" }, "geometry": { "type": "Point", "coordinates": [ 2.175881213882257, 41.461477403936151 ] } },
{ "type": "Feature", "properties": { "CODI_PARADA": 1709, "NOM_PARADA": "Meridiana - Ctra de Ribes", "MARQUESINA": null, "PAL": 1.0, "PAL SOLAR": null, "PIU": null, "GEOMETRY": "POINT (2.1888475193706145 41.44989474960511)", "Type": "Bus Stop", "Evaluation": "No PID" }, "geometry": { "type": "Point", "coordinates": [ 2.188847519370615, 41.449894749605107 ] } },
{ "type": "Feature", "properties": { "CODI_PARADA": 1710, "NOM_PARADA": "Pg de Santa Coloma - Ctra de Ribes", "MARQUESINA": 1.0, "PAL": null, "PAL SOLAR": null, "PIU": null, "GEOMETRY": "POINT (2.1897905041152677 41.44513039013133)", "Type": "Bus Stop", "Evaluation": "No PID" }, "geometry": { "type": "Point", "coordinates": [ 2.189790504115268, 41.445130390131332 ] } },
{ "type": "Feature", "properties": { "CODI_PARADA": 1711, "NOM_PARADA": "Via Favència - Ctra de Ribes", "MARQUESINA": 1.0, "PAL": null, "PAL SOLAR": null, "PIU": null, "GEOMETRY": "POINT (2.1899230430554883 41.44711699055755)", "Type": "Bus Stop", "Evaluation": "No PID" }, "geometry": { "type": "Point", "coordinates": [ 2.189923043055488, 41.447116990557547 ] } },
{ "type": "Feature", "properties": { "CODI_PARADA": 1712, "NOM_PARADA": "Pl de Josep Andreu i Abelló", "MARQUESINA": 1.0, "PAL": null, "PAL SOLAR": null, "PIU": 1.0, "GEOMETRY": "POINT (2.190508634619631 41.4478631739528)", "Type": "Bus Stop", "Evaluation": "Has PID" }, "geometry": { "type": "Point", "coordinates": [ 2.190508634619631, 41.447863173952797 ] } },
{ "type": "Feature", "properties": { "CODI_PARADA": 1713, "NOM_PARADA": "Les Corts - Aurora Bertrana", "MARQUESINA": 1.0, "PAL": null, "PAL SOLAR": null, "PIU": null, "GEOMETRY": "POINT (2.119820541674291 41.37705666497627)", "Type": "Bus Stop", "Evaluation": "No PID" }, "geometry": { "type": "Point", "coordinates": [ 2.119820541674291, 41.377056664976273 ] } },
{ "type": "Feature", "properties": { "CODI_PARADA": 1714, "NOM_PARADA": "Pare Manyanet - Sant Sebastià", "MARQUESINA": 1.0, "PAL": null, "PAL SOLAR": null, "PIU": 1.0, "GEOMETRY": "POINT (2.1913458328407174 41.42770068488635)", "Type": "Bus Stop", "Evaluation": "Has PID" }, "geometry": { "type": "Point", "coordinates": [ 2.191345832840717, 41.427700684886346 ] } },
{ "type": "Feature", "properties": { "CODI_PARADA": 1715, "NOM_PARADA": "Av Mossèn Joaquim Castellví - Barcelona", "MARQUESINA": null, "PAL": 1.0, "PAL SOLAR": null, "PIU": null, "GEOMETRY": "POINT (2.1877723747206814 41.487644274118345)", "Type": "Bus Stop", "Evaluation": "No PID" }, "geometry": { "type": "Point", "coordinates": [ 2.187772374720681, 41.487644274118345 ] } },
{ "type": "Feature", "properties": { "CODI_PARADA": 1716, "NOM_PARADA": "Rambla dels Països Catalans - Torras i Bages", "MARQUESINA": 1.0, "PAL": null, "PAL SOLAR": null, "PIU": null, "GEOMETRY": "POINT (2.1868886593317867 41.489388305387884)", "Type": "Bus Stop", "Evaluation": "No PID" }, "geometry": { "type": "Point", "coordinates": [ 2.186888659331787, 41.489388305387884 ] } },
{ "type": "Feature", "properties": { "CODI_PARADA": 1717, "NOM_PARADA": "Rambla dels Països Catalans - Pl Espanya", "MARQUESINA": 1.0, "PAL": null, "PAL SOLAR": null, "PIU": null, "GEOMETRY": "POINT (2.1854620071321196 41.4912882890624)", "Type": "Bus Stop", "Evaluation": "No PID" }, "geometry": { "type": "Point", "coordinates": [ 2.18546200713212, 41.491288289062403 ] } },
{ "type": "Feature", "properties": { "CODI_PARADA": 1718, "NOM_PARADA": "Av Riera de Sant Cugat - Ptge de la Pintura", "MARQUESINA": null, "PAL": 1.0, "PAL SOLAR": null, "PIU": null, "GEOMETRY": "POINT (2.1814993122471846 41.48572926040599)", "Type": "Bus Stop", "Evaluation": "No PID" }, "geometry": { "type": "Point", "coordinates": [ 2.181499312247185, 41.485729260405989 ] } },
{ "type": "Feature", "properties": { "CODI_PARADA": 1719, "NOM_PARADA": "Anselm Clavé - Pl Espanya", "MARQUESINA": null, "PAL": 1.0, "PAL SOLAR": null, "PIU": null, "GEOMETRY": "POINT (2.18372756399756 41.49194878333879)", "Type": "Bus Stop", "Evaluation": "No PID" }, "geometry": { "type": "Point", "coordinates": [ 2.18372756399756, 41.491948783338792 ] } },
{ "type": "Feature", "properties": { "CODI_PARADA": 1720, "NOM_PARADA": "Av Indústria - Walden", "MARQUESINA": 1.0, "PAL": null, "PAL SOLAR": null, "PIU": null, "GEOMETRY": "POINT (2.066909345335473 41.38049034529146)", "Type": "Bus Stop", "Evaluation": "No PID" }, "geometry": { "type": "Point", "coordinates": [ 2.066909345335473, 41.380490345291463 ] } },
{ "type": "Feature", "properties": { "CODI_PARADA": 1722, "NOM_PARADA": "Av Lluís Companys - Av de la Generalitat", "MARQUESINA": null, "PAL": null, "PAL SOLAR": 1.0, "PIU": 1.0, "GEOMETRY": "POINT (2.0568299611892904 41.37537309547779)", "Type": "Bus Stop", "Evaluation": "Has PID" }, "geometry": { "type": "Point", "coordinates": [ 2.05682996118929, 41.375373095477791 ] } },
{ "type": "Feature", "properties": { "CODI_PARADA": 1723, "NOM_PARADA": "Plaça de la Pau", "MARQUESINA": null, "PAL": null, "PAL SOLAR": 1.0, "PIU": 1.0, "GEOMETRY": "POINT (2.0601604071394655 41.37740376196612)", "Type": "Bus Stop", "Evaluation": "Has PID" }, "geometry": { "type": "Point", "coordinates": [ 2.060160407139465, 41.377403761966121 ] } },
{ "type": "Feature", "properties": { "CODI_PARADA": 1724, "NOM_PARADA": "Plaça Montserrat Roig", "MARQUESINA": null, "PAL": null, "PAL SOLAR": 1.0, "PIU": 1.0, "GEOMETRY": "POINT (2.061993784395438 41.37851161486516)", "Type": "Bus Stop", "Evaluation": "Has PID" }, "geometry": { "type": "Point", "coordinates": [ 2.061993784395438, 41.378511614865161 ] } },
{ "type": "Feature", "properties": { "CODI_PARADA": 1725, "NOM_PARADA": "Complex Esportiu Hospitalet Nord", "MARQUESINA": 1.0, "PAL": null, "PAL SOLAR": null, "PIU": null, "GEOMETRY": "POINT (2.101575539871467 41.37648993440121)", "Type": "Bus Stop", "Evaluation": "No PID" }, "geometry": { "type": "Point", "coordinates": [ 2.101575539871467, 41.376489934401206 ] } },
{ "type": "Feature", "properties": { "CODI_PARADA": 1726, "NOM_PARADA": "Comissaria Mossos d'Esquadra", "MARQUESINA": 1.0, "PAL": null, "PAL SOLAR": null, "PIU": null, "GEOMETRY": "POINT (2.09561357125307 41.376917635840776)", "Type": "Bus Stop", "Evaluation": "No PID" }, "geometry": { "type": "Point", "coordinates": [ 2.09561357125307, 41.376917635840776 ] } },
{ "type": "Feature", "properties": { "CODI_PARADA": 1728, "NOM_PARADA": "Av Maresme - Av de la Fama", "MARQUESINA": 1.0, "PAL": null, "PAL SOLAR": null, "PIU": null, "GEOMETRY": "POINT (2.087016209962581 41.349689796602185)", "Type": "Bus Stop", "Evaluation": "No PID" }, "geometry": { "type": "Point", "coordinates": [ 2.087016209962581, 41.349689796602185 ] } },
{ "type": "Feature", "properties": { "CODI_PARADA": 1729, "NOM_PARADA": "Pl Espanya - Sant Tomàs", "MARQUESINA": null, "PAL": 1.0, "PAL SOLAR": null, "PIU": null, "GEOMETRY": "POINT (2.183832349278229 41.4912277178262)", "Type": "Bus Stop", "Evaluation": "No PID" }, "geometry": { "type": "Point", "coordinates": [ 2.183832349278229, 41.491227717826199 ] } },
{ "type": "Feature", "properties": { "CODI_PARADA": 1730, "NOM_PARADA": "Mercat Ciutat Meridiana", "MARQUESINA": null, "PAL": 1.0, "PAL SOLAR": null, "PIU": null, "GEOMETRY": "POINT (2.1782009830183178 41.462303856713575)", "Type": "Bus Stop", "Evaluation": "No PID" }, "geometry": { "type": "Point", "coordinates": [ 2.178200983018318, 41.462303856713575 ] } },
{ "type": "Feature", "properties": { "CODI_PARADA": 1731, "NOM_PARADA": "Les Agudes - Can Cuiàs", "MARQUESINA": null, "PAL": 1.0, "PAL SOLAR": null, "PIU": null, "GEOMETRY": "POINT (2.17551723452384 41.463726489069124)", "Type": "Bus Stop", "Evaluation": "No PID" }, "geometry": { "type": "Point", "coordinates": [ 2.17551723452384, 41.463726489069124 ] } },
{ "type": "Feature", "properties": { "CODI_PARADA": 1732, "NOM_PARADA": "Les Agudes 31", "MARQUESINA": null, "PAL": 1.0, "PAL SOLAR": null, "PIU": null, "GEOMETRY": "POINT (2.178124774384893 41.463555276453285)", "Type": "Bus Stop", "Evaluation": "No PID" }, "geometry": { "type": "Point", "coordinates": [ 2.178124774384893, 41.463555276453285 ] } },
{ "type": "Feature", "properties": { "CODI_PARADA": 1733, "NOM_PARADA": "Les Agudes 118-124", "MARQUESINA": 1.0, "PAL": null, "PAL SOLAR": null, "PIU": null, "GEOMETRY": "POINT (2.1743302004884004 41.46130763728916)", "Type": "Bus Stop", "Evaluation": "No PID" }, "geometry": { "type": "Point", "coordinates": [ 2.1743302004884, 41.46130763728916 ] } },
{ "type": "Feature", "properties": { "CODI_PARADA": 1735, "NOM_PARADA": "Les Agudes - Torrent del Bosc", "MARQUESINA": null, "PAL": 1.0, "PAL SOLAR": null, "PIU": null, "GEOMETRY": "POINT (2.1742775647909616 41.46233718964284)", "Type": "Bus Stop", "Evaluation": "No PID" }, "geometry": { "type": "Point", "coordinates": [ 2.174277564790962, 41.462337189642838 ] } },
{ "type": "Feature", "properties": { "CODI_PARADA": 1736, "NOM_PARADA": "Estació TIR - Pg Zona Franca", "MARQUESINA": null, "PAL": 1.0, "PAL SOLAR": null, "PIU": null, "GEOMETRY": "POINT (2.148719488266222 41.34692489903593)", "Type": "Bus Stop", "Evaluation": "No PID" }, "geometry": { "type": "Point", "coordinates": [ 2.148719488266222, 41.346924899035933 ] } },
{ "type": "Feature", "properties": { "CODI_PARADA": 1737, "NOM_PARADA": "Poliesportiu Francesc Calvet", "MARQUESINA": 1.0, "PAL": null, "PAL SOLAR": null, "PIU": null, "GEOMETRY": "POINT (2.064015602832285 41.36797922144133)", "Type": "Bus Stop", "Evaluation": "No PID" }, "geometry": { "type": "Point", "coordinates": [ 2.064015602832285, 41.367979221441331 ] } },
{ "type": "Feature", "properties": { "CODI_PARADA": 1739, "NOM_PARADA": "Fructuós Gelabert - Oriol Martorell", "MARQUESINA": null, "PAL": null, "PAL SOLAR": 1.0, "PIU": 1.0, "GEOMETRY": "POINT (2.06729726689243 41.37275994052211)", "Type": "Bus Stop", "Evaluation": "Has PID" }, "geometry": { "type": "Point", "coordinates": [ 2.06729726689243, 41.372759940522108 ] } },
{ "type": "Feature", "properties": { "CODI_PARADA": 1741, "NOM_PARADA": "Cotxeres TB Zona Franca", "MARQUESINA": 1.0, "PAL": null, "PAL SOLAR": null, "PIU": null, "GEOMETRY": "POINT (2.1371569770849317 41.32986957899701)", "Type": "Bus Stop", "Evaluation": "No PID" }, "geometry": { "type": "Point", "coordinates": [ 2.137156977084932, 41.329869578997013 ] } },
{ "type": "Feature", "properties": { "CODI_PARADA": 1742, "NOM_PARADA": "Mitre - Balmes", "MARQUESINA": 1.0, "PAL": null, "PAL SOLAR": null, "PIU": 1.0, "GEOMETRY": "POINT (2.1406215981364167 41.40425435886868)", "Type": "Bus Stop", "Evaluation": "Has PID" }, "geometry": { "type": "Point", "coordinates": [ 2.140621598136417, 41.404254358868677 ] } },
{ "type": "Feature", "properties": { "CODI_PARADA": 1743, "NOM_PARADA": "Ctra Cementiri de Collserola - Coll de La Ventosa", "MARQUESINA": null, "PAL": 1.0, "PAL SOLAR": null, "PIU": null, "GEOMETRY": "POINT (2.1589365319247653 41.449921338395974)", "Type": "Bus Stop", "Evaluation": "No PID" }, "geometry": { "type": "Point", "coordinates": [ 2.158936531924765, 41.449921338395974 ] } },
{ "type": "Feature", "properties": { "CODI_PARADA": 1744, "NOM_PARADA": "La Verneda - Polígon Montsolís", "MARQUESINA": null, "PAL": 1.0, "PAL SOLAR": null, "PIU": null, "GEOMETRY": "POINT (2.21048191088089 41.42683245725177)", "Type": "Bus Stop", "Evaluation": "No PID" }, "geometry": { "type": "Point", "coordinates": [ 2.21048191088089, 41.42683245725177 ] } },
{ "type": "Feature", "properties": { "CODI_PARADA": 1745, "NOM_PARADA": "Via Augusta - Margenat", "MARQUESINA": null, "PAL": 1.0, "PAL SOLAR": null, "PIU": null, "GEOMETRY": "POINT (2.1204401783307647 41.402008150601034)", "Type": "Bus Stop", "Evaluation": "No PID" }, "geometry": { "type": "Point", "coordinates": [ 2.120440178330765, 41.402008150601034 ] } },
{ "type": "Feature", "properties": { "CODI_PARADA": 1746, "NOM_PARADA": "Av dels Països Catalans - Laureà Miró", "MARQUESINA": null, "PAL": null, "PAL SOLAR": 1.0, "PIU": 1.0, "GEOMETRY": "POINT (2.0918910846805336 41.377828861461985)", "Type": "Bus Stop", "Evaluation": "Has PID" }, "geometry": { "type": "Point", "coordinates": [ 2.091891084680534, 41.377828861461985 ] } },
{ "type": "Feature", "properties": { "CODI_PARADA": 1747, "NOM_PARADA": "Secretaria General de l'Esport", "MARQUESINA": 1.0, "PAL": null, "PAL SOLAR": null, "PIU": null, "GEOMETRY": "POINT (2.094963599109864 41.37965499882033)", "Type": "Bus Stop", "Evaluation": "No PID" }, "geometry": { "type": "Point", "coordinates": [ 2.094963599109864, 41.379654998820328 ] } },
{ "type": "Feature", "properties": { "CODI_PARADA": 1749, "NOM_PARADA": "Ctra Reial - Rambla Modolell", "MARQUESINA": 1.0, "PAL": null, "PAL SOLAR": null, "PIU": null, "GEOMETRY": "POINT (2.0768685108527105 41.37856867607472)", "Type": "Bus Stop", "Evaluation": "No PID" }, "geometry": { "type": "Point", "coordinates": [ 2.076868510852711, 41.378568676074721 ] } },
{ "type": "Feature", "properties": { "CODI_PARADA": 1750, "NOM_PARADA": "Can Ristol", "MARQUESINA": 1.0, "PAL": null, "PAL SOLAR": null, "PIU": null, "GEOMETRY": "POINT (2.0794960000029072 41.378268001748616)", "Type": "Bus Stop", "Evaluation": "No PID" }, "geometry": { "type": "Point", "coordinates": [ 2.079496000002907, 41.378268001748616 ] } },
{ "type": "Feature", "properties": { "CODI_PARADA": 1751, "NOM_PARADA": "Laureà Miró - Alcalde Martí Figueras i Castillo", "MARQUESINA": 1.0, "PAL": null, "PAL SOLAR": null, "PIU": null, "GEOMETRY": "POINT (2.08237375324599 41.377957400408064)", "Type": "Bus Stop", "Evaluation": "No PID" }, "geometry": { "type": "Point", "coordinates": [ 2.08237375324599, 41.377957400408064 ] } },
{ "type": "Feature", "properties": { "CODI_PARADA": 1752, "NOM_PARADA": "Av Madrid - Carles III", "MARQUESINA": 1.0, "PAL": null, "PAL SOLAR": null, "PIU": null, "GEOMETRY": "POINT (2.1277060661349756 41.37871316523126)", "Type": "Bus Stop", "Evaluation": "No PID" }, "geometry": { "type": "Point", "coordinates": [ 2.127706066134976, 41.378713165231261 ] } },
{ "type": "Feature", "properties": { "CODI_PARADA": 1753, "NOM_PARADA": "Av Madrid - Benavent", "MARQUESINA": 1.0, "PAL": null, "PAL SOLAR": null, "PIU": null, "GEOMETRY": "POINT (2.125405852265112 41.37739260478993)", "Type": "Bus Stop", "Evaluation": "No PID" }, "geometry": { "type": "Point", "coordinates": [ 2.125405852265112, 41.377392604789932 ] } },
{ "type": "Feature", "properties": { "CODI_PARADA": 1754, "NOM_PARADA": "Av Madrid - Comte de Güell", "MARQUESINA": 1.0, "PAL": null, "PAL SOLAR": null, "PIU": 1.0, "GEOMETRY": "POINT (2.1236592521161994 41.37613358297548)", "Type": "Bus Stop", "Evaluation": "Has PID" }, "geometry": { "type": "Point", "coordinates": [ 2.123659252116199, 41.376133582975477 ] } },
{ "type": "Feature", "properties": { "CODI_PARADA": 1755, "NOM_PARADA": "Sants - Munné", "MARQUESINA": null, "PAL": null, "PAL SOLAR": 1.0, "PIU": 1.0, "GEOMETRY": "POINT (2.1228726698428297 41.375605514503796)", "Type": "Bus Stop", "Evaluation": "Has PID" }, "geometry": { "type": "Point", "coordinates": [ 2.12287266984283, 41.375605514503796 ] } },
{ "type": "Feature", "properties": { "CODI_PARADA": 1756, "NOM_PARADA": "Metro Badal", "MARQUESINA": 1.0, "PAL": null, "PAL SOLAR": null, "PIU": null, "GEOMETRY": "POINT (2.128796691043272 41.3756008461581)", "Type": "Bus Stop", "Evaluation": "No PID" }, "geometry": { "type": "Point", "coordinates": [ 2.128796691043272, 41.3756008461581 ] } },
{ "type": "Feature", "properties": { "CODI_PARADA": 1758, "NOM_PARADA": "Coll de La Ventosa", "MARQUESINA": null, "PAL": 1.0, "PAL SOLAR": null, "PIU": null, "GEOMETRY": "POINT (2.1591317549524613 41.450151814230715)", "Type": "Bus Stop", "Evaluation": "No PID" }, "geometry": { "type": "Point", "coordinates": [ 2.159131754952461, 41.450151814230715 ] } },
{ "type": "Feature", "properties": { "CODI_PARADA": 1759, "NOM_PARADA": "Ctra del Cementiri de Collserola - Recinte Hebreu", "MARQUESINA": null, "PAL": 1.0, "PAL SOLAR": null, "PIU": null, "GEOMETRY": "POINT (2.15502838376931 41.45972061116052)", "Type": "Bus Stop", "Evaluation": "No PID" }, "geometry": { "type": "Point", "coordinates": [ 2.15502838376931, 41.45972061116052 ] } },
{ "type": "Feature", "properties": { "CODI_PARADA": 1760, "NOM_PARADA": "Ctra Cementiri Collserola - Camí Vall de St Iscle", "MARQUESINA": null, "PAL": 1.0, "PAL SOLAR": null, "PIU": null, "GEOMETRY": "POINT (2.1552306311410825 41.45743815726502)", "Type": "Bus Stop", "Evaluation": "No PID" }, "geometry": { "type": "Point", "coordinates": [ 2.155230631141082, 41.457438157265017 ] } },
{ "type": "Feature", "properties": { "CODI_PARADA": 1761, "NOM_PARADA": "Av l'Alzinar - Transversal", "MARQUESINA": null, "PAL": 1.0, "PAL SOLAR": null, "PIU": null, "GEOMETRY": "POINT (2.182768099537457 41.46163047510771)", "Type": "Bus Stop", "Evaluation": "No PID" }, "geometry": { "type": "Point", "coordinates": [ 2.182768099537457, 41.461630475107711 ] } },
{ "type": "Feature", "properties": { "CODI_PARADA": 1764, "NOM_PARADA": "Av Icària - Joan Miró", "MARQUESINA": 1.0, "PAL": null, "PAL SOLAR": null, "PIU": 1.0, "GEOMETRY": "POINT (2.1957731789287216 41.3903282106984)", "Type": "Bus Stop", "Evaluation": "Has PID" }, "geometry": { "type": "Point", "coordinates": [ 2.195773178928722, 41.390328210698399 ] } },
{ "type": "Feature", "properties": { "CODI_PARADA": 1765, "NOM_PARADA": "Meridiana - Pare Pérez del Pulgar", "MARQUESINA": 1.0, "PAL": null, "PAL SOLAR": null, "PIU": null, "GEOMETRY": "POINT (2.1891604627742764 41.453438648623326)", "Type": "Bus Stop", "Evaluation": "No PID" }, "geometry": { "type": "Point", "coordinates": [ 2.189160462774276, 41.453438648623326 ] } },
{ "type": "Feature", "properties": { "CODI_PARADA": 1766, "NOM_PARADA": "Metro Badal", "MARQUESINA": null, "PAL": null, "PAL SOLAR": 1.0, "PIU": 1.0, "GEOMETRY": "POINT (2.1279615145376582 41.37549885299366)", "Type": "Bus Stop", "Evaluation": "Has PID" }, "geometry": { "type": "Point", "coordinates": [ 2.127961514537658, 41.375498852993658 ] } },
{ "type": "Feature", "properties": { "CODI_PARADA": 1767, "NOM_PARADA": "Pl de Sants", "MARQUESINA": 1.0, "PAL": null, "PAL SOLAR": null, "PIU": 1.0, "GEOMETRY": "POINT (2.13426962410235 41.375488641240885)", "Type": "Bus Stop", "Evaluation": "Has PID" }, "geometry": { "type": "Point", "coordinates": [ 2.13426962410235, 41.375488641240885 ] } },
{ "type": "Feature", "properties": { "CODI_PARADA": 1768, "NOM_PARADA": "Sants - Rambla del Brasil", "MARQUESINA": 1.0, "PAL": null, "PAL SOLAR": null, "PIU": null, "GEOMETRY": "POINT (2.1310288803010002 41.3755547311153)", "Type": "Bus Stop", "Evaluation": "No PID" }, "geometry": { "type": "Point", "coordinates": [ 2.131028880301, 41.375554731115301 ] } },
{ "type": "Feature", "properties": { "CODI_PARADA": 1769, "NOM_PARADA": "Badal - Constitució", "MARQUESINA": null, "PAL": null, "PAL SOLAR": 1.0, "PIU": 1.0, "GEOMETRY": "POINT (2.133046652481599 41.36937629585991)", "Type": "Bus Stop", "Evaluation": "Has PID" }, "geometry": { "type": "Point", "coordinates": [ 2.133046652481599, 41.369376295859908 ] } },
{ "type": "Feature", "properties": { "CODI_PARADA": 1775, "NOM_PARADA": "Av Tibidabo - Ronda de Dalt", "MARQUESINA": 1.0, "PAL": null, "PAL SOLAR": null, "PIU": null, "GEOMETRY": "POINT (2.134143988633339 41.41428929249944)", "Type": "Bus Stop", "Evaluation": "No PID" }, "geometry": { "type": "Point", "coordinates": [ 2.134143988633339, 41.41428929249944 ] } },
{ "type": "Feature", "properties": { "CODI_PARADA": 1776, "NOM_PARADA": "Pl Alfonso Comín - Isaac Newton", "MARQUESINA": 1.0, "PAL": null, "PAL SOLAR": null, "PIU": 1.0, "GEOMETRY": "POINT (2.1367042102739906 41.41464420488459)", "Type": "Bus Stop", "Evaluation": "Has PID" }, "geometry": { "type": "Point", "coordinates": [ 2.136704210273991, 41.414644204884588 ] } },
{ "type": "Feature", "properties": { "CODI_PARADA": 1777, "NOM_PARADA": "Major de Can Caralleu - Ronda de Dalt", "MARQUESINA": null, "PAL": 1.0, "PAL SOLAR": null, "PIU": null, "GEOMETRY": "POINT (2.113442100309682 41.40128118295567)", "Type": "Bus Stop", "Evaluation": "No PID" }, "geometry": { "type": "Point", "coordinates": [ 2.113442100309682, 41.401281182955671 ] } },
{ "type": "Feature", "properties": { "CODI_PARADA": 1778, "NOM_PARADA": "Meridiana - S'Agaró", "MARQUESINA": 1.0, "PAL": null, "PAL SOLAR": null, "PIU": null, "GEOMETRY": "POINT (2.187808280962969 41.448148694552025)", "Type": "Bus Stop", "Evaluation": "No PID" }, "geometry": { "type": "Point", "coordinates": [ 2.187808280962969, 41.448148694552025 ] } },
{ "type": "Feature", "properties": { "CODI_PARADA": 1779, "NOM_PARADA": "Ctra d'Horta - Ronda de Dalt", "MARQUESINA": 1.0, "PAL": null, "PAL SOLAR": null, "PIU": null, "GEOMETRY": "POINT (2.154360138669819 41.43959900094599)", "Type": "Bus Stop", "Evaluation": "No PID" }, "geometry": { "type": "Point", "coordinates": [ 2.154360138669819, 41.439599000945989 ] } },
{ "type": "Feature", "properties": { "CODI_PARADA": 1780, "NOM_PARADA": "Lima - Caracas", "MARQUESINA": null, "PAL": null, "PAL SOLAR": 1.0, "PIU": 1.0, "GEOMETRY": "POINT (2.2044780613444166 41.43922828221539)", "Type": "Bus Stop", "Evaluation": "Has PID" }, "geometry": { "type": "Point", "coordinates": [ 2.204478061344417, 41.439228282215389 ] } },
{ "type": "Feature", "properties": { "CODI_PARADA": 1781, "NOM_PARADA": "Estació TIR - Ronda Litoral", "MARQUESINA": null, "PAL": 1.0, "PAL SOLAR": null, "PIU": null, "GEOMETRY": "POINT (2.1487755389904852 41.34701471351829)", "Type": "Bus Stop", "Evaluation": "No PID" }, "geometry": { "type": "Point", "coordinates": [ 2.148775538990485, 41.347014713518291 ] } },
{ "type": "Feature", "properties": { "CODI_PARADA": 1784, "NOM_PARADA": "Trelawny - Pg Marítim", "MARQUESINA": null, "PAL": 1.0, "PAL SOLAR": null, "PIU": null, "GEOMETRY": "POINT (2.1952430281342465 41.38519233951813)", "Type": "Bus Stop", "Evaluation": "No PID" }, "geometry": { "type": "Point", "coordinates": [ 2.195243028134247, 41.385192339518127 ] } },
{ "type": "Feature", "properties": { "CODI_PARADA": 1785, "NOM_PARADA": "Costa Pacheco 21", "MARQUESINA": null, "PAL": 1.0, "PAL SOLAR": null, "PIU": null, "GEOMETRY": "POINT (2.1312941058259676 41.42803668520877)", "Type": "Bus Stop", "Evaluation": "No PID" }, "geometry": { "type": "Point", "coordinates": [ 2.131294105825968, 41.428036685208767 ] } },
{ "type": "Feature", "properties": { "CODI_PARADA": 1788, "NOM_PARADA": "Trelawny - Av Litoral", "MARQUESINA": 1.0, "PAL": null, "PAL SOLAR": null, "PIU": null, "GEOMETRY": "POINT (2.1945985766131 41.38567185560935)", "Type": "Bus Stop", "Evaluation": "No PID" }, "geometry": { "type": "Point", "coordinates": [ 2.1945985766131, 41.385671855609353 ] } },
{ "type": "Feature", "properties": { "CODI_PARADA": 1789, "NOM_PARADA": "Hospital de Bellvitge", "MARQUESINA": null, "PAL": null, "PAL SOLAR": 1.0, "PIU": 1.0, "GEOMETRY": "POINT (2.1051868335576893 41.34316792674494)", "Type": "Bus Stop", "Evaluation": "Has PID" }, "geometry": { "type": "Point", "coordinates": [ 2.105186833557689, 41.34316792674494 ] } },
{ "type": "Feature", "properties": { "CODI_PARADA": 1791, "NOM_PARADA": "Berenguer de Palou - Baixada de La Sagrera", "MARQUESINA": 1.0, "PAL": null, "PAL SOLAR": null, "PIU": null, "GEOMETRY": "POINT (2.19131078363109 41.42108411896603)", "Type": "Bus Stop", "Evaluation": "No PID" }, "geometry": { "type": "Point", "coordinates": [ 2.19131078363109, 41.421084118966029 ] } },
{ "type": "Feature", "properties": { "CODI_PARADA": 1792, "NOM_PARADA": "Sagrera - Pl del General Moragues", "MARQUESINA": 1.0, "PAL": null, "PAL SOLAR": null, "PIU": 1.0, "GEOMETRY": "POINT (2.191309300464823 41.41821117170286)", "Type": "Bus Stop", "Evaluation": "Has PID" }, "geometry": { "type": "Point", "coordinates": [ 2.191309300464823, 41.418211171702858 ] } },
{ "type": "Feature", "properties": { "CODI_PARADA": 1793, "NOM_PARADA": "Monestir de Pedralbes", "MARQUESINA": null, "PAL": null, "PAL SOLAR": 1.0, "PIU": null, "GEOMETRY": "POINT (2.114079814716956 41.39583928388613)", "Type": "Bus Stop", "Evaluation": "No PID" }, "geometry": { "type": "Point", "coordinates": [ 2.114079814716956, 41.395839283886133 ] } },
{ "type": "Feature", "properties": { "CODI_PARADA": 1797, "NOM_PARADA": "Plaça Catalunya", "MARQUESINA": 1.0, "PAL": null, "PAL SOLAR": null, "PIU": null, "GEOMETRY": "POINT (2.1697821771049624 41.38625535874834)", "Type": "Bus Stop", "Evaluation": "No PID" }, "geometry": { "type": "Point", "coordinates": [ 2.169782177104962, 41.386255358748343 ] } },
{ "type": "Feature", "properties": { "CODI_PARADA": 1800, "NOM_PARADA": "Pl de l'Agrupació número 9", "MARQUESINA": 1.0, "PAL": null, "PAL SOLAR": null, "PIU": null, "GEOMETRY": "POINT (2.1630201786151924 41.45752245653399)", "Type": "Bus Stop", "Evaluation": "No PID" }, "geometry": { "type": "Point", "coordinates": [ 2.163020178615192, 41.457522456533987 ] } },
{ "type": "Feature", "properties": { "CODI_PARADA": 1801, "NOM_PARADA": "Agrupació número 16·17", "MARQUESINA": 1.0, "PAL": null, "PAL SOLAR": null, "PIU": null, "GEOMETRY": "POINT (2.1592674495961157 41.46337453424127)", "Type": "Bus Stop", "Evaluation": "No PID" }, "geometry": { "type": "Point", "coordinates": [ 2.159267449596116, 41.463374534241268 ] } },
{ "type": "Feature", "properties": { "CODI_PARADA": 1802, "NOM_PARADA": "Funicular de Vallvidrera - Pl Pep Ventura", "MARQUESINA": null, "PAL": 1.0, "PAL SOLAR": null, "PIU": null, "GEOMETRY": "POINT (2.105309532596744 41.41452399084881)", "Type": "Bus Stop", "Evaluation": "No PID" }, "geometry": { "type": "Point", "coordinates": [ 2.105309532596744, 41.414523990848807 ] } },
{ "type": "Feature", "properties": { "CODI_PARADA": 1803, "NOM_PARADA": "Funicular de Vallvidrera", "MARQUESINA": null, "PAL": 1.0, "PAL SOLAR": null, "PIU": null, "GEOMETRY": "POINT (2.1058308781249364 41.41422563342699)", "Type": "Bus Stop", "Evaluation": "No PID" }, "geometry": { "type": "Point", "coordinates": [ 2.105830878124936, 41.414225633426987 ] } },
{ "type": "Feature", "properties": { "CODI_PARADA": 1804, "NOM_PARADA": "Camí Vell", "MARQUESINA": null, "PAL": 1.0, "PAL SOLAR": null, "PIU": null, "GEOMETRY": "POINT (2.101649959476231 41.408909506837006)", "Type": "Bus Stop", "Evaluation": "No PID" }, "geometry": { "type": "Point", "coordinates": [ 2.101649959476231, 41.408909506837006 ] } },
{ "type": "Feature", "properties": { "CODI_PARADA": 1806, "NOM_PARADA": "Ctra del Cementiri de Collserola - Ramon Llull", "MARQUESINA": null, "PAL": 1.0, "PAL SOLAR": null, "PIU": null, "GEOMETRY": "POINT (2.165004284502811 41.47332334850281)", "Type": "Bus Stop", "Evaluation": "No PID" }, "geometry": { "type": "Point", "coordinates": [ 2.165004284502811, 41.473323348502809 ] } },
{ "type": "Feature", "properties": { "CODI_PARADA": 1808, "NOM_PARADA": "Sales de Vetlla - Capelles", "MARQUESINA": null, "PAL": 1.0, "PAL SOLAR": null, "PIU": null, "GEOMETRY": "POINT (2.156881993160776 41.47033029913739)", "Type": "Bus Stop", "Evaluation": "No PID" }, "geometry": { "type": "Point", "coordinates": [ 2.156881993160776, 41.470330299137387 ] } },
{ "type": "Feature", "properties": { "CODI_PARADA": 1809, "NOM_PARADA": "Ramon Llull - Ctra de Montcada", "MARQUESINA": null, "PAL": 1.0, "PAL SOLAR": null, "PIU": null, "GEOMETRY": "POINT (2.1662332085272276 41.47425325711743)", "Type": "Bus Stop", "Evaluation": "No PID" }, "geometry": { "type": "Point", "coordinates": [ 2.166233208527228, 41.474253257117432 ] } },
{ "type": "Feature", "properties": { "CODI_PARADA": 1810, "NOM_PARADA": "Cruïlla de Carreteres", "MARQUESINA": null, "PAL": 1.0, "PAL SOLAR": null, "PIU": null, "GEOMETRY": "POINT (2.1165503230861185 41.41829636565279)", "Type": "Bus Stop", "Evaluation": "No PID" }, "geometry": { "type": "Point", "coordinates": [ 2.116550323086118, 41.418296365652793 ] } },
{ "type": "Feature", "properties": { "CODI_PARADA": 1811, "NOM_PARADA": "Ctra de Vallvidrera - Accés Escola Judicial", "MARQUESINA": null, "PAL": 1.0, "PAL SOLAR": null, "PIU": null, "GEOMETRY": "POINT (2.1122635812109634 41.416668159927795)", "Type": "Bus Stop", "Evaluation": "No PID" }, "geometry": { "type": "Point", "coordinates": [ 2.112263581210963, 41.416668159927795 ] } },
{ "type": "Feature", "properties": { "CODI_PARADA": 1812, "NOM_PARADA": "Parc de la Budellera", "MARQUESINA": null, "PAL": 1.0, "PAL SOLAR": null, "PIU": null, "GEOMETRY": "POINT (2.109968666100629 41.41580753014283)", "Type": "Bus Stop", "Evaluation": "No PID" }, "geometry": { "type": "Point", "coordinates": [ 2.109968666100629, 41.415807530142828 ] } },
{ "type": "Feature", "properties": { "CODI_PARADA": 1814, "NOM_PARADA": "Mont d'Orsà - Romanimar", "MARQUESINA": null, "PAL": 1.0, "PAL SOLAR": null, "PIU": null, "GEOMETRY": "POINT (2.1030559134276303 41.411319351703675)", "Type": "Bus Stop", "Evaluation": "No PID" }, "geometry": { "type": "Point", "coordinates": [ 2.10305591342763, 41.411319351703675 ] } },
{ "type": "Feature", "properties": { "CODI_PARADA": 1815, "NOM_PARADA": "Camí Santa Creu d'Olorda", "MARQUESINA": 1.0, "PAL": null, "PAL SOLAR": null, "PIU": null, "GEOMETRY": "POINT (2.1016496273142327 41.409020548317436)", "Type": "Bus Stop", "Evaluation": "No PID" }, "geometry": { "type": "Point", "coordinates": [ 2.101649627314233, 41.409020548317436 ] } },
{ "type": "Feature", "properties": { "CODI_PARADA": 1816, "NOM_PARADA": "Mont d'Orsà", "MARQUESINA": null, "PAL": 1.0, "PAL SOLAR": null, "PIU": null, "GEOMETRY": "POINT (2.1031516346097225 41.41129030372508)", "Type": "Bus Stop", "Evaluation": "No PID" }, "geometry": { "type": "Point", "coordinates": [ 2.103151634609723, 41.411290303725082 ] } },
{ "type": "Feature", "properties": { "CODI_PARADA": 1817, "NOM_PARADA": "Pl de Vallvidrera - Alberes", "MARQUESINA": null, "PAL": 1.0, "PAL SOLAR": null, "PIU": null, "GEOMETRY": "POINT (2.104666508411511 41.41298398783288)", "Type": "Bus Stop", "Evaluation": "No PID" }, "geometry": { "type": "Point", "coordinates": [ 2.104666508411511, 41.412983987832881 ] } },
{ "type": "Feature", "properties": { "CODI_PARADA": 1818, "NOM_PARADA": "Font del Mont - Parc de la Budellera", "MARQUESINA": null, "PAL": 1.0, "PAL SOLAR": null, "PIU": null, "GEOMETRY": "POINT (2.1100652719820405 41.415774589174546)", "Type": "Bus Stop", "Evaluation": "No PID" }, "geometry": { "type": "Point", "coordinates": [ 2.110065271982041, 41.415774589174546 ] } },
{ "type": "Feature", "properties": { "CODI_PARADA": 1819, "NOM_PARADA": "Accés Escola Judicial", "MARQUESINA": null, "PAL": 1.0, "PAL SOLAR": null, "PIU": null, "GEOMETRY": "POINT (2.1126055639519796 41.41669298441203)", "Type": "Bus Stop", "Evaluation": "No PID" }, "geometry": { "type": "Point", "coordinates": [ 2.11260556395198, 41.41669298441203 ] } },
{ "type": "Feature", "properties": { "CODI_PARADA": 1820, "NOM_PARADA": "Ctra de Vallvidrera - Cruïlla de Carreteres", "MARQUESINA": null, "PAL": 1.0, "PAL SOLAR": null, "PIU": null, "GEOMETRY": "POINT (2.11670191704912 41.41777047069979)", "Type": "Bus Stop", "Evaluation": "No PID" }, "geometry": { "type": "Point", "coordinates": [ 2.11670191704912, 41.417770470699793 ] } },
{ "type": "Feature", "properties": { "CODI_PARADA": 1821, "NOM_PARADA": "Mentora Alsina", "MARQUESINA": null, "PAL": 1.0, "PAL SOLAR": null, "PIU": null, "GEOMETRY": "POINT (2.1211097022004384 41.4217331277179)", "Type": "Bus Stop", "Evaluation": "No PID" }, "geometry": { "type": "Point", "coordinates": [ 2.121109702200438, 41.4217331277179 ] } },
{ "type": "Feature", "properties": { "CODI_PARADA": 1825, "NOM_PARADA": "Cardenal Tedeschini - Pl del Congrés Eucarístic", "MARQUESINA": 1.0, "PAL": null, "PAL SOLAR": null, "PIU": null, "GEOMETRY": "POINT (2.181523079360379 41.42618499426059)", "Type": "Bus Stop", "Evaluation": "No PID" }, "geometry": { "type": "Point", "coordinates": [ 2.181523079360379, 41.426184994260588 ] } },
{ "type": "Feature", "properties": { "CODI_PARADA": 1826, "NOM_PARADA": "Pl Dante", "MARQUESINA": 1.0, "PAL": null, "PAL SOLAR": null, "PIU": null, "GEOMETRY": "POINT (2.1652117688801313 41.36863994054172)", "Type": "Bus Stop", "Evaluation": "No PID" }, "geometry": { "type": "Point", "coordinates": [ 2.165211768880131, 41.368639940541719 ] } },
{ "type": "Feature", "properties": { "CODI_PARADA": 1827, "NOM_PARADA": "Costa Pacheco - Av Elies Pagès", "MARQUESINA": null, "PAL": 1.0, "PAL SOLAR": null, "PIU": null, "GEOMETRY": "POINT (2.1324519965143875 41.42835611898236)", "Type": "Bus Stop", "Evaluation": "No PID" }, "geometry": { "type": "Point", "coordinates": [ 2.132451996514388, 41.428356118982357 ] } },
{ "type": "Feature", "properties": { "CODI_PARADA": 1828, "NOM_PARADA": "Av Elies Pagès - Natzaret", "MARQUESINA": null, "PAL": 1.0, "PAL SOLAR": null, "PIU": null, "GEOMETRY": "POINT (2.134806062711361 41.427465864483324)", "Type": "Bus Stop", "Evaluation": "No PID" }, "geometry": { "type": "Point", "coordinates": [ 2.134806062711361, 41.427465864483324 ] } },
{ "type": "Feature", "properties": { "CODI_PARADA": 1829, "NOM_PARADA": "CAP Sant Just Desvern", "MARQUESINA": 1.0, "PAL": null, "PAL SOLAR": null, "PIU": 1.0, "GEOMETRY": "POINT (2.069893073760188 41.38262355555026)", "Type": "Bus Stop", "Evaluation": "Has PID" }, "geometry": { "type": "Point", "coordinates": [ 2.069893073760188, 41.382623555550261 ] } },
{ "type": "Feature", "properties": { "CODI_PARADA": 1832, "NOM_PARADA": "Caracas - Clariana", "MARQUESINA": 1.0, "PAL": null, "PAL SOLAR": null, "PIU": 1.0, "GEOMETRY": "POINT (2.20112206980369 41.44718576108112)", "Type": "Bus Stop", "Evaluation": "Has PID" }, "geometry": { "type": "Point", "coordinates": [ 2.20112206980369, 41.447185761081123 ] } },
{ "type": "Feature", "properties": { "CODI_PARADA": 1835, "NOM_PARADA": "Olesa - Campo Florido", "MARQUESINA": 1.0, "PAL": null, "PAL SOLAR": null, "PIU": null, "GEOMETRY": "POINT (2.1835877031023943 41.42144450261222)", "Type": "Bus Stop", "Evaluation": "No PID" }, "geometry": { "type": "Point", "coordinates": [ 2.183587703102394, 41.421444502612218 ] } },
{ "type": "Feature", "properties": { "CODI_PARADA": 1841, "NOM_PARADA": "Consell de Cent - Rector Triadó", "MARQUESINA": null, "PAL": 1.0, "PAL SOLAR": null, "PIU": null, "GEOMETRY": "POINT (2.1457040051530814 41.37655750967279)", "Type": "Bus Stop", "Evaluation": "No PID" }, "geometry": { "type": "Point", "coordinates": [ 2.145704005153081, 41.376557509672793 ] } },
{ "type": "Feature", "properties": { "CODI_PARADA": 1842, "NOM_PARADA": "Moianès - Vilardell", "MARQUESINA": null, "PAL": 1.0, "PAL SOLAR": null, "PIU": null, "GEOMETRY": "POINT (2.1424721817946524 41.374265920817216)", "Type": "Bus Stop", "Evaluation": "No PID" }, "geometry": { "type": "Point", "coordinates": [ 2.142472181794652, 41.374265920817216 ] } },
{ "type": "Feature", "properties": { "CODI_PARADA": 1848, "NOM_PARADA": "Constitució - Riera de Tena", "MARQUESINA": null, "PAL": 1.0, "PAL SOLAR": null, "PIU": null, "GEOMETRY": "POINT (2.1345874365629625 41.36952400480533)", "Type": "Bus Stop", "Evaluation": "No PID" }, "geometry": { "type": "Point", "coordinates": [ 2.134587436562962, 41.369524004805328 ] } },
{ "type": "Feature", "properties": { "CODI_PARADA": 1849, "NOM_PARADA": "Olzinelles - Constitució", "MARQUESINA": null, "PAL": 1.0, "PAL SOLAR": null, "PIU": null, "GEOMETRY": "POINT (2.137710402946259 41.37035672642032)", "Type": "Bus Stop", "Evaluation": "No PID" }, "geometry": { "type": "Point", "coordinates": [ 2.137710402946259, 41.370356726420319 ] } },
{ "type": "Feature", "properties": { "CODI_PARADA": 1850, "NOM_PARADA": "Olzinelles - Noguera Pallaresa", "MARQUESINA": null, "PAL": 1.0, "PAL SOLAR": null, "PIU": null, "GEOMETRY": "POINT (2.1370487174098622 41.371936896280246)", "Type": "Bus Stop", "Evaluation": "No PID" }, "geometry": { "type": "Point", "coordinates": [ 2.137048717409862, 41.371936896280246 ] } },
{ "type": "Feature", "properties": { "CODI_PARADA": 1851, "NOM_PARADA": "Pl Bonet i Muixí", "MARQUESINA": null, "PAL": 1.0, "PAL SOLAR": null, "PIU": null, "GEOMETRY": "POINT (2.136370964393359 41.37422798771219)", "Type": "Bus Stop", "Evaluation": "No PID" }, "geometry": { "type": "Point", "coordinates": [ 2.136370964393359, 41.374227987712189 ] } },
{ "type": "Feature", "properties": { "CODI_PARADA": 1852, "NOM_PARADA": "Tajo - Ptge Vila i Rosell", "MARQUESINA": 1.0, "PAL": null, "PAL SOLAR": null, "PIU": 1.0, "GEOMETRY": "POINT (2.160350020649399 41.42959430350123)", "Type": "Bus Stop", "Evaluation": "Has PID" }, "geometry": { "type": "Point", "coordinates": [ 2.160350020649399, 41.429594303501233 ] } },
{ "type": "Feature", "properties": { "CODI_PARADA": 1855, "NOM_PARADA": "Lisboa - Alarcón", "MARQUESINA": 1.0, "PAL": null, "PAL SOLAR": null, "PIU": null, "GEOMETRY": "POINT (2.153825989265663 41.427571567462024)", "Type": "Bus Stop", "Evaluation": "No PID" }, "geometry": { "type": "Point", "coordinates": [ 2.153825989265663, 41.427571567462024 ] } },
{ "type": "Feature", "properties": { "CODI_PARADA": 1856, "NOM_PARADA": "Plàtans - Pl de la Clota", "MARQUESINA": 1.0, "PAL": null, "PAL SOLAR": null, "PIU": null, "GEOMETRY": "POINT (2.150604871692304 41.42625425580345)", "Type": "Bus Stop", "Evaluation": "No PID" }, "geometry": { "type": "Point", "coordinates": [ 2.150604871692304, 41.42625425580345 ] } },
{ "type": "Feature", "properties": { "CODI_PARADA": 1857, "NOM_PARADA": "Granja Vella - Basses d'Horta", "MARQUESINA": 1.0, "PAL": null, "PAL SOLAR": null, "PIU": null, "GEOMETRY": "POINT (2.1449042375610383 41.42713429410513)", "Type": "Bus Stop", "Evaluation": "No PID" }, "geometry": { "type": "Point", "coordinates": [ 2.144904237561038, 41.42713429410513 ] } },
{ "type": "Feature", "properties": { "CODI_PARADA": 1858, "NOM_PARADA": "Granja Vella - Pg Vall d'Hebron", "MARQUESINA": 1.0, "PAL": null, "PAL SOLAR": null, "PIU": null, "GEOMETRY": "POINT (2.144049631789483 41.4271503773958)", "Type": "Bus Stop", "Evaluation": "No PID" }, "geometry": { "type": "Point", "coordinates": [ 2.144049631789483, 41.427150377395797 ] } },
{ "type": "Feature", "properties": { "CODI_PARADA": 1859, "NOM_PARADA": "Coll i Alentorn - Av Martí i Codolar", "MARQUESINA": 1.0, "PAL": null, "PAL SOLAR": null, "PIU": null, "GEOMETRY": "POINT (2.147835247897848 41.4245115459678)", "Type": "Bus Stop", "Evaluation": "No PID" }, "geometry": { "type": "Point", "coordinates": [ 2.147835247897848, 41.424511545967803 ] } },
{ "type": "Feature", "properties": { "CODI_PARADA": 1860, "NOM_PARADA": "Pantà de Tremp - Pl de la Clota", "MARQUESINA": null, "PAL": 1.0, "PAL SOLAR": null, "PIU": null, "GEOMETRY": "POINT (2.149996821892382 41.42568921629501)", "Type": "Bus Stop", "Evaluation": "No PID" }, "geometry": { "type": "Point", "coordinates": [ 2.149996821892382, 41.425689216295012 ] } },
{ "type": "Feature", "properties": { "CODI_PARADA": 1861, "NOM_PARADA": "Lisboa - Serrallonga", "MARQUESINA": 1.0, "PAL": null, "PAL SOLAR": null, "PIU": null, "GEOMETRY": "POINT (2.1539012967321 41.42745671872837)", "Type": "Bus Stop", "Evaluation": "No PID" }, "geometry": { "type": "Point", "coordinates": [ 2.1539012967321, 41.427456718728372 ] } },
{ "type": "Feature", "properties": { "CODI_PARADA": 1862, "NOM_PARADA": "Av Joan XXIII - Maternitat", "MARQUESINA": null, "PAL": 1.0, "PAL SOLAR": null, "PIU": null, "GEOMETRY": "POINT (2.122463528389203 41.383518403639)", "Type": "Bus Stop", "Evaluation": "No PID" }, "geometry": { "type": "Point", "coordinates": [ 2.122463528389203, 41.383518403639002 ] } },
{ "type": "Feature", "properties": { "CODI_PARADA": 1863, "NOM_PARADA": "Sor Eulàlia d'Anzizu - Gran Capità", "MARQUESINA": null, "PAL": 1.0, "PAL SOLAR": null, "PIU": null, "GEOMETRY": "POINT (2.109948386369241 41.388113660100075)", "Type": "Bus Stop", "Evaluation": "No PID" }, "geometry": { "type": "Point", "coordinates": [ 2.109948386369241, 41.388113660100075 ] } },
{ "type": "Feature", "properties": { "CODI_PARADA": 1864, "NOM_PARADA": "Sor Eulàlia d'Anzizu - Dulcet", "MARQUESINA": null, "PAL": 1.0, "PAL SOLAR": null, "PIU": null, "GEOMETRY": "POINT (2.1124355190607065 41.38993818637874)", "Type": "Bus Stop", "Evaluation": "No PID" }, "geometry": { "type": "Point", "coordinates": [ 2.112435519060706, 41.389938186378743 ] } },
{ "type": "Feature", "properties": { "CODI_PARADA": 1865, "NOM_PARADA": "Miret i Sans - Av d'Esplugues", "MARQUESINA": null, "PAL": 1.0, "PAL SOLAR": null, "PIU": null, "GEOMETRY": "POINT (2.110860622911916 41.39152849741524)", "Type": "Bus Stop", "Evaluation": "No PID" }, "geometry": { "type": "Point", "coordinates": [ 2.110860622911916, 41.391528497415237 ] } },
{ "type": "Feature", "properties": { "CODI_PARADA": 1868, "NOM_PARADA": "Joan d'Alòs - Av Pearson", "MARQUESINA": null, "PAL": 1.0, "PAL SOLAR": null, "PIU": null, "GEOMETRY": "POINT (2.1038297157228962 41.39145740874759)", "Type": "Bus Stop", "Evaluation": "No PID" }, "geometry": { "type": "Point", "coordinates": [ 2.103829715722896, 41.391457408747591 ] } },
{ "type": "Feature", "properties": { "CODI_PARADA": 1869, "NOM_PARADA": "Torrent de les Roses - Mare de Déu de la Merçé", "MARQUESINA": null, "PAL": 1.0, "PAL SOLAR": null, "PIU": null, "GEOMETRY": "POINT (2.1035673146942293 41.38923605391323)", "Type": "Bus Stop", "Evaluation": "No PID" }, "geometry": { "type": "Point", "coordinates": [ 2.103567314694229, 41.38923605391323 ] } },
{ "type": "Feature", "properties": { "CODI_PARADA": 1870, "NOM_PARADA": "Pl Coll de Finestrelles", "MARQUESINA": null, "PAL": 1.0, "PAL SOLAR": null, "PIU": null, "GEOMETRY": "POINT (2.104320670091205 41.38908795506541)", "Type": "Bus Stop", "Evaluation": "No PID" }, "geometry": { "type": "Point", "coordinates": [ 2.104320670091205, 41.389087955065413 ] } },
{ "type": "Feature", "properties": { "CODI_PARADA": 1872, "NOM_PARADA": "Josep Serrano - Baró Sant Lluís", "MARQUESINA": null, "PAL": 1.0, "PAL SOLAR": null, "PIU": null, "GEOMETRY": "POINT (2.1625831156293156 41.41723337006649)", "Type": "Bus Stop", "Evaluation": "No PID" }, "geometry": { "type": "Point", "coordinates": [ 2.162583115629316, 41.417233370066491 ] } },
{ "type": "Feature", "properties": { "CODI_PARADA": 1873, "NOM_PARADA": "Jaume Puigvert - Josep Serrano", "MARQUESINA": null, "PAL": 1.0, "PAL SOLAR": null, "PIU": null, "GEOMETRY": "POINT (2.1611931643346596 41.41671512294649)", "Type": "Bus Stop", "Evaluation": "No PID" }, "geometry": { "type": "Point", "coordinates": [ 2.16119316433466, 41.416715122946492 ] } },
{ "type": "Feature", "properties": { "CODI_PARADA": 1874, "NOM_PARADA": "Av Can Baró - Bismarck", "MARQUESINA": null, "PAL": 1.0, "PAL SOLAR": null, "PIU": null, "GEOMETRY": "POINT (2.1611515962212455 41.41521749838745)", "Type": "Bus Stop", "Evaluation": "No PID" }, "geometry": { "type": "Point", "coordinates": [ 2.161151596221246, 41.415217498387449 ] } },
{ "type": "Feature", "properties": { "CODI_PARADA": 1878, "NOM_PARADA": "Rambla de Prim - Av Diagonal", "MARQUESINA": 1.0, "PAL": null, "PAL SOLAR": null, "PIU": null, "GEOMETRY": "POINT (2.2186008020796266 41.41217326865898)", "Type": "Bus Stop", "Evaluation": "No PID" }, "geometry": { "type": "Point", "coordinates": [ 2.218600802079627, 41.412173268658982 ] } },
{ "type": "Feature", "properties": { "CODI_PARADA": 1879, "NOM_PARADA": "Diagonal - Ciutat de Granada", "MARQUESINA": 1.0, "PAL": null, "PAL SOLAR": null, "PIU": 1.0, "GEOMETRY": "POINT (2.1912617090089146 41.40418885814304)", "Type": "Bus Stop", "Evaluation": "Has PID" }, "geometry": { "type": "Point", "coordinates": [ 2.191261709008915, 41.404188858143037 ] } },
{ "type": "Feature", "properties": { "CODI_PARADA": 1880, "NOM_PARADA": "Diagonal - Roc Boronat", "MARQUESINA": 1.0, "PAL": null, "PAL SOLAR": null, "PIU": 1.0, "GEOMETRY": "POINT (2.191226915332414 41.40457126012947)", "Type": "Bus Stop", "Evaluation": "Has PID" }, "geometry": { "type": "Point", "coordinates": [ 2.191226915332414, 41.404571260129472 ] } },
{ "type": "Feature", "properties": { "CODI_PARADA": 1881, "NOM_PARADA": "Parc de Cervantes", "MARQUESINA": 1.0, "PAL": null, "PAL SOLAR": null, "PIU": null, "GEOMETRY": "POINT (2.10471139722133 41.38527745632634)", "Type": "Bus Stop", "Evaluation": "No PID" }, "geometry": { "type": "Point", "coordinates": [ 2.10471139722133, 41.385277456326342 ] } },
{ "type": "Feature", "properties": { "CODI_PARADA": 1885, "NOM_PARADA": "Rda Guinardó - Sardenya", "MARQUESINA": null, "PAL": 1.0, "PAL SOLAR": null, "PIU": null, "GEOMETRY": "POINT (2.162658690930353 41.412174293045844)", "Type": "Bus Stop", "Evaluation": "No PID" }, "geometry": { "type": "Point", "coordinates": [ 2.162658690930353, 41.412174293045844 ] } },
{ "type": "Feature", "properties": { "CODI_PARADA": 1886, "NOM_PARADA": "Fabra i Puig", "MARQUESINA": 1.0, "PAL": null, "PAL SOLAR": null, "PIU": null, "GEOMETRY": "POINT (2.183872834239782 41.42935854676211)", "Type": "Bus Stop", "Evaluation": "No PID" }, "geometry": { "type": "Point", "coordinates": [ 2.183872834239782, 41.42935854676211 ] } },
{ "type": "Feature", "properties": { "CODI_PARADA": 1887, "NOM_PARADA": "Metro Maragall", "MARQUESINA": 1.0, "PAL": null, "PAL SOLAR": null, "PIU": 1.0, "GEOMETRY": "POINT (2.1774177154060346 41.42475535994532)", "Type": "Bus Stop", "Evaluation": "Has PID" }, "geometry": { "type": "Point", "coordinates": [ 2.177417715406035, 41.424755359945323 ] } },
{ "type": "Feature", "properties": { "CODI_PARADA": 1890, "NOM_PARADA": "Diagonal - Josep Pla", "MARQUESINA": 1.0, "PAL": null, "PAL SOLAR": null, "PIU": 1.0, "GEOMETRY": "POINT (2.2128988949401704 41.41000306464148)", "Type": "Bus Stop", "Evaluation": "Has PID" }, "geometry": { "type": "Point", "coordinates": [ 2.21289889494017, 41.410003064641479 ] } },
{ "type": "Feature", "properties": { "CODI_PARADA": 1891, "NOM_PARADA": "Diagonal - Selva de Mar", "MARQUESINA": 1.0, "PAL": null, "PAL SOLAR": null, "PIU": 1.0, "GEOMETRY": "POINT (2.209544689985187 41.409164810781114)", "Type": "Bus Stop", "Evaluation": "Has PID" }, "geometry": { "type": "Point", "coordinates": [ 2.209544689985187, 41.409164810781114 ] } },
{ "type": "Feature", "properties": { "CODI_PARADA": 1892, "NOM_PARADA": "Diagonal - Fluvià", "MARQUESINA": 1.0, "PAL": null, "PAL SOLAR": null, "PIU": null, "GEOMETRY": "POINT (2.204555454044634 41.40790854167561)", "Type": "Bus Stop", "Evaluation": "No PID" }, "geometry": { "type": "Point", "coordinates": [ 2.204555454044634, 41.40790854167561 ] } },
{ "type": "Feature", "properties": { "CODI_PARADA": 1893, "NOM_PARADA": "Diagonal - Parc del Poblenou", "MARQUESINA": 1.0, "PAL": null, "PAL SOLAR": null, "PIU": null, "GEOMETRY": "POINT (2.19831235827239 41.4063572659079)", "Type": "Bus Stop", "Evaluation": "No PID" }, "geometry": { "type": "Point", "coordinates": [ 2.19831235827239, 41.4063572659079 ] } },
{ "type": "Feature", "properties": { "CODI_PARADA": 1894, "NOM_PARADA": "Diagonal - Rambla del Poblenou", "MARQUESINA": 1.0, "PAL": null, "PAL SOLAR": null, "PIU": null, "GEOMETRY": "POINT (2.1947042260723233 41.405444214124714)", "Type": "Bus Stop", "Evaluation": "No PID" }, "geometry": { "type": "Point", "coordinates": [ 2.194704226072323, 41.405444214124714 ] } },
{ "type": "Feature", "properties": { "CODI_PARADA": 1896, "NOM_PARADA": "Diagonal - Pere IV", "MARQUESINA": 1.0, "PAL": null, "PAL SOLAR": null, "PIU": null, "GEOMETRY": "POINT (2.1996108508384173 41.40629211259508)", "Type": "Bus Stop", "Evaluation": "No PID" }, "geometry": { "type": "Point", "coordinates": [ 2.199610850838417, 41.406292112595082 ] } },
{ "type": "Feature", "properties": { "CODI_PARADA": 1897, "NOM_PARADA": "Diagonal - Bac de Roda", "MARQUESINA": 1.0, "PAL": null, "PAL SOLAR": null, "PIU": null, "GEOMETRY": "POINT (2.2048380241876786 41.4075916097209)", "Type": "Bus Stop", "Evaluation": "No PID" }, "geometry": { "type": "Point", "coordinates": [ 2.204838024187679, 41.407591609720903 ] } },
{ "type": "Feature", "properties": { "CODI_PARADA": 1898, "NOM_PARADA": "Diagonal - Metro Selva de Mar", "MARQUESINA": 1.0, "PAL": null, "PAL SOLAR": null, "PIU": null, "GEOMETRY": "POINT (2.2099740316773966 41.408881669966725)", "Type": "Bus Stop", "Evaluation": "No PID" }, "geometry": { "type": "Point", "coordinates": [ 2.209974031677397, 41.408881669966725 ] } },
{ "type": "Feature", "properties": { "CODI_PARADA": 1899, "NOM_PARADA": "Diagonal - Agricultura", "MARQUESINA": null, "PAL": 1.0, "PAL SOLAR": null, "PIU": null, "GEOMETRY": "POINT (2.2130973448338946 41.40965052527332)", "Type": "Bus Stop", "Evaluation": "No PID" }, "geometry": { "type": "Point", "coordinates": [ 2.213097344833895, 41.409650525273321 ] } },
{ "type": "Feature", "properties": { "CODI_PARADA": 1900, "NOM_PARADA": "Antonio Machado - Barri de Canyelles", "MARQUESINA": 1.0, "PAL": null, "PAL SOLAR": null, "PIU": null, "GEOMETRY": "POINT (2.1702341109170606 41.444218217657586)", "Type": "Bus Stop", "Evaluation": "No PID" }, "geometry": { "type": "Point", "coordinates": [ 2.170234110917061, 41.444218217657586 ] } },
{ "type": "Feature", "properties": { "CODI_PARADA": 1901, "NOM_PARADA": "Metro Fabra i Puig", "MARQUESINA": null, "PAL": 1.0, "PAL SOLAR": null, "PIU": null, "GEOMETRY": "POINT (2.1832032832182438 41.43162646478059)", "Type": "Bus Stop", "Evaluation": "No PID" }, "geometry": { "type": "Point", "coordinates": [ 2.183203283218244, 41.431626464780592 ] } },
{ "type": "Feature", "properties": { "CODI_PARADA": 1903, "NOM_PARADA": "Walden", "MARQUESINA": 1.0, "PAL": null, "PAL SOLAR": null, "PIU": 1.0, "GEOMETRY": "POINT (2.0669129565535798 41.379572655888055)", "Type": "Bus Stop", "Evaluation": "Has PID" }, "geometry": { "type": "Point", "coordinates": [ 2.06691295655358, 41.379572655888055 ] } },
{ "type": "Feature", "properties": { "CODI_PARADA": 1905, "NOM_PARADA": "Balmes - Pelai", "MARQUESINA": null, "PAL": 1.0, "PAL SOLAR": null, "PIU": null, "GEOMETRY": "POINT (2.166933262177972 41.38595556427228)", "Type": "Bus Stop", "Evaluation": "No PID" }, "geometry": { "type": "Point", "coordinates": [ 2.166933262177972, 41.38595556427228 ] } },
{ "type": "Feature", "properties": { "CODI_PARADA": 1906, "NOM_PARADA": "Arnau d'Oms - La Jota", "MARQUESINA": 1.0, "PAL": null, "PAL SOLAR": null, "PIU": 1.0, "GEOMETRY": "POINT (2.1774158980359903 41.42931321858673)", "Type": "Bus Stop", "Evaluation": "Has PID" }, "geometry": { "type": "Point", "coordinates": [ 2.17741589803599, 41.429313218586728 ] } },
{ "type": "Feature", "properties": { "CODI_PARADA": 1907, "NOM_PARADA": "Ramon Albó - Alexandre Galí", "MARQUESINA": 1.0, "PAL": null, "PAL SOLAR": null, "PIU": 1.0, "GEOMETRY": "POINT (2.1772807467569164 41.42664961109541)", "Type": "Bus Stop", "Evaluation": "Has PID" }, "geometry": { "type": "Point", "coordinates": [ 2.177280746756916, 41.426649611095407 ] } },
{ "type": "Feature", "properties": { "CODI_PARADA": 1908, "NOM_PARADA": "Meridiana - Navas de Tolosa", "MARQUESINA": 1.0, "PAL": null, "PAL SOLAR": null, "PIU": 1.0, "GEOMETRY": "POINT (2.186732818506617 41.41427148746489)", "Type": "Bus Stop", "Evaluation": "Has PID" }, "geometry": { "type": "Point", "coordinates": [ 2.186732818506617, 41.414271487464887 ] } },
{ "type": "Feature", "properties": { "CODI_PARADA": 1910, "NOM_PARADA": "Via Favència - Pablo Iglesias", "MARQUESINA": 1.0, "PAL": null, "PAL SOLAR": null, "PIU": null, "GEOMETRY": "POINT (2.182770202211929 41.44636374231728)", "Type": "Bus Stop", "Evaluation": "No PID" }, "geometry": { "type": "Point", "coordinates": [ 2.182770202211929, 41.446363742317281 ] } },
{ "type": "Feature", "properties": { "CODI_PARADA": 1911, "NOM_PARADA": "Ctra de Vallvidrera al Tibidabo", "MARQUESINA": null, "PAL": 1.0, "PAL SOLAR": null, "PIU": null, "GEOMETRY": "POINT (2.1191823736648323 41.42412837599377)", "Type": "Bus Stop", "Evaluation": "No PID" }, "geometry": { "type": "Point", "coordinates": [ 2.119182373664832, 41.424128375993767 ] } },
{ "type": "Feature", "properties": { "CODI_PARADA": 1912, "NOM_PARADA": "Mare de Déu de Port - Foneria", "MARQUESINA": null, "PAL": 1.0, "PAL SOLAR": null, "PIU": null, "GEOMETRY": "POINT (2.1403301272818567 41.36059430548415)", "Type": "Bus Stop", "Evaluation": "No PID" }, "geometry": { "type": "Point", "coordinates": [ 2.140330127281857, 41.360594305484149 ] } },
{ "type": "Feature", "properties": { "CODI_PARADA": 1913, "NOM_PARADA": "Alts Forns - Mare de Déu de Port", "MARQUESINA": null, "PAL": 1.0, "PAL SOLAR": null, "PIU": null, "GEOMETRY": "POINT (2.1423984937631273 41.35978224639776)", "Type": "Bus Stop", "Evaluation": "No PID" }, "geometry": { "type": "Point", "coordinates": [ 2.142398493763127, 41.359782246397756 ] } },
{ "type": "Feature", "properties": { "CODI_PARADA": 1914, "NOM_PARADA": "Foc - Mare de Déu de Port", "MARQUESINA": null, "PAL": 1.0, "PAL SOLAR": null, "PIU": null, "GEOMETRY": "POINT (2.144037322900213 41.358417415560346)", "Type": "Bus Stop", "Evaluation": "No PID" }, "geometry": { "type": "Point", "coordinates": [ 2.144037322900213, 41.358417415560346 ] } },
{ "type": "Feature", "properties": { "CODI_PARADA": 1915, "NOM_PARADA": "Ferrocarrils Catalans - Foc", "MARQUESINA": null, "PAL": 1.0, "PAL SOLAR": null, "PIU": null, "GEOMETRY": "POINT (2.144479918188866 41.35946421741714)", "Type": "Bus Stop", "Evaluation": "No PID" }, "geometry": { "type": "Point", "coordinates": [ 2.144479918188866, 41.359464217417141 ] } },
{ "type": "Feature", "properties": { "CODI_PARADA": 1916, "NOM_PARADA": "Ferrocarrils Catalans - Alts Forns", "MARQUESINA": 1.0, "PAL": null, "PAL SOLAR": null, "PIU": null, "GEOMETRY": "POINT (2.14304322435353 41.36031123532743)", "Type": "Bus Stop", "Evaluation": "No PID" }, "geometry": { "type": "Point", "coordinates": [ 2.14304322435353, 41.36031123532743 ] } },
{ "type": "Feature", "properties": { "CODI_PARADA": 1917, "NOM_PARADA": "Ferrocarrils Catalans - Aviador Duran", "MARQUESINA": 1.0, "PAL": null, "PAL SOLAR": null, "PIU": null, "GEOMETRY": "POINT (2.1413431419340854 41.36131098653629)", "Type": "Bus Stop", "Evaluation": "No PID" }, "geometry": { "type": "Point", "coordinates": [ 2.141343141934085, 41.361310986536289 ] } },
{ "type": "Feature", "properties": { "CODI_PARADA": 1919, "NOM_PARADA": "Av Baix Llobregat - St Martí de l'Erm", "MARQUESINA": 1.0, "PAL": null, "PAL SOLAR": null, "PIU": null, "GEOMETRY": "POINT (2.0739738737781654 41.37377189475886)", "Type": "Bus Stop", "Evaluation": "No PID" }, "geometry": { "type": "Point", "coordinates": [ 2.073973873778165, 41.37377189475886 ] } },
{ "type": "Feature", "properties": { "CODI_PARADA": 1920, "NOM_PARADA": "Josep Trueta - Josep Tarradellas", "MARQUESINA": 1.0, "PAL": null, "PAL SOLAR": null, "PIU": null, "GEOMETRY": "POINT (2.0713126724955866 41.37282032057569)", "Type": "Bus Stop", "Evaluation": "No PID" }, "geometry": { "type": "Point", "coordinates": [ 2.071312672495587, 41.372820320575691 ] } },
{ "type": "Feature", "properties": { "CODI_PARADA": 1921, "NOM_PARADA": "Sant Martí de l'Erm - Josep Trueta", "MARQUESINA": 1.0, "PAL": null, "PAL SOLAR": null, "PIU": null, "GEOMETRY": "POINT (2.0705996527677817 41.371721241760966)", "Type": "Bus Stop", "Evaluation": "No PID" }, "geometry": { "type": "Point", "coordinates": [ 2.070599652767782, 41.371721241760966 ] } },
{ "type": "Feature", "properties": { "CODI_PARADA": 1922, "NOM_PARADA": "Av Barcelona - Extremadura", "MARQUESINA": 1.0, "PAL": null, "PAL SOLAR": null, "PIU": null, "GEOMETRY": "POINT (2.0733490237103527 41.36931170781821)", "Type": "Bus Stop", "Evaluation": "No PID" }, "geometry": { "type": "Point", "coordinates": [ 2.073349023710353, 41.369311707818213 ] } },
{ "type": "Feature", "properties": { "CODI_PARADA": 1925, "NOM_PARADA": "Piferrer - Deià", "MARQUESINA": null, "PAL": 1.0, "PAL SOLAR": null, "PIU": null, "GEOMETRY": "POINT (2.1777436608047855 41.43211530294185)", "Type": "Bus Stop", "Evaluation": "No PID" }, "geometry": { "type": "Point", "coordinates": [ 2.177743660804786, 41.432115302941853 ] } },
{ "type": "Feature", "properties": { "CODI_PARADA": 1926, "NOM_PARADA": "Piferrer - Pintor Alsamora", "MARQUESINA": 1.0, "PAL": null, "PAL SOLAR": null, "PIU": null, "GEOMETRY": "POINT (2.1796997958305546 41.43448097868505)", "Type": "Bus Stop", "Evaluation": "No PID" }, "geometry": { "type": "Point", "coordinates": [ 2.179699795830555, 41.434480978685052 ] } },
{ "type": "Feature", "properties": { "CODI_PARADA": 1927, "NOM_PARADA": "Av Rio de Janeiro - Pg Valldaura", "MARQUESINA": 1.0, "PAL": null, "PAL SOLAR": null, "PIU": null, "GEOMETRY": "POINT (2.1815904527697345 41.438929939484936)", "Type": "Bus Stop", "Evaluation": "No PID" }, "geometry": { "type": "Point", "coordinates": [ 2.181590452769735, 41.438929939484936 ] } },
{ "type": "Feature", "properties": { "CODI_PARADA": 1928, "NOM_PARADA": "Pl Àngel Pestaña", "MARQUESINA": null, "PAL": 1.0, "PAL SOLAR": null, "PIU": null, "GEOMETRY": "POINT (2.1792450863498165 41.44101018933152)", "Type": "Bus Stop", "Evaluation": "No PID" }, "geometry": { "type": "Point", "coordinates": [ 2.179245086349817, 41.441010189331521 ] } },
{ "type": "Feature", "properties": { "CODI_PARADA": 1930, "NOM_PARADA": "Av Rio de Janeiro - Baltasar Gracián", "MARQUESINA": 1.0, "PAL": null, "PAL SOLAR": null, "PIU": null, "GEOMETRY": "POINT (2.1825420374504003 41.440098516735475)", "Type": "Bus Stop", "Evaluation": "No PID" }, "geometry": { "type": "Point", "coordinates": [ 2.1825420374504, 41.440098516735475 ] } },
{ "type": "Feature", "properties": { "CODI_PARADA": 1932, "NOM_PARADA": "Pg Andreu Nin - Rosselló i Porcel", "MARQUESINA": 1.0, "PAL": null, "PAL SOLAR": null, "PIU": null, "GEOMETRY": "POINT (2.182286367167511 41.43661555080039)", "Type": "Bus Stop", "Evaluation": "No PID" }, "geometry": { "type": "Point", "coordinates": [ 2.182286367167511, 41.43661555080039 ] } },
{ "type": "Feature", "properties": { "CODI_PARADA": 1933, "NOM_PARADA": "Pg Ciutat de Mallorca - Av Rio de Janeiro", "MARQUESINA": 1.0, "PAL": null, "PAL SOLAR": null, "PIU": null, "GEOMETRY": "POINT (2.1805218102166224 41.43249096515525)", "Type": "Bus Stop", "Evaluation": "No PID" }, "geometry": { "type": "Point", "coordinates": [ 2.180521810216622, 41.432490965155253 ] } },
{ "type": "Feature", "properties": { "CODI_PARADA": 1935, "NOM_PARADA": "Escultor Ordóñez - Pl de Sóller", "MARQUESINA": null, "PAL": 1.0, "PAL SOLAR": null, "PIU": null, "GEOMETRY": "POINT (2.1749322537998266 41.43360841579383)", "Type": "Bus Stop", "Evaluation": "No PID" }, "geometry": { "type": "Point", "coordinates": [ 2.174932253799827, 41.433608415793827 ] } },
{ "type": "Feature", "properties": { "CODI_PARADA": 1937, "NOM_PARADA": "Metro Maragall", "MARQUESINA": 1.0, "PAL": null, "PAL SOLAR": null, "PIU": 1.0, "GEOMETRY": "POINT (2.176972775989002 41.42460252928053)", "Type": "Bus Stop", "Evaluation": "Has PID" }, "geometry": { "type": "Point", "coordinates": [ 2.176972775989002, 41.424602529280527 ] } },
{ "type": "Feature", "properties": { "CODI_PARADA": 1938, "NOM_PARADA": "Mitre - Doctor Fleming", "MARQUESINA": 1.0, "PAL": null, "PAL SOLAR": null, "PIU": 1.0, "GEOMETRY": "POINT (2.1337183566869853 41.3948484638357)", "Type": "Bus Stop", "Evaluation": "Has PID" }, "geometry": { "type": "Point", "coordinates": [ 2.133718356686985, 41.3948484638357 ] } },
{ "type": "Feature", "properties": { "CODI_PARADA": 1939, "NOM_PARADA": "Mitre - Ganduxer", "MARQUESINA": 1.0, "PAL": null, "PAL SOLAR": null, "PIU": 1.0, "GEOMETRY": "POINT (2.133884736291009 41.398897596756306)", "Type": "Bus Stop", "Evaluation": "Has PID" }, "geometry": { "type": "Point", "coordinates": [ 2.133884736291009, 41.398897596756306 ] } },
{ "type": "Feature", "properties": { "CODI_PARADA": 1940, "NOM_PARADA": "Mitre - Ganduxer", "MARQUESINA": 1.0, "PAL": null, "PAL SOLAR": null, "PIU": 1.0, "GEOMETRY": "POINT (2.133459017169286 41.39875223803801)", "Type": "Bus Stop", "Evaluation": "Has PID" }, "geometry": { "type": "Point", "coordinates": [ 2.133459017169286, 41.398752238038007 ] } },
{ "type": "Feature", "properties": { "CODI_PARADA": 1941, "NOM_PARADA": "Mitre - Doctor Fleming", "MARQUESINA": 1.0, "PAL": null, "PAL SOLAR": null, "PIU": 1.0, "GEOMETRY": "POINT (2.133413912158315 41.39478193155142)", "Type": "Bus Stop", "Evaluation": "Has PID" }, "geometry": { "type": "Point", "coordinates": [ 2.133413912158315, 41.394781931551421 ] } },
{ "type": "Feature", "properties": { "CODI_PARADA": 1943, "NOM_PARADA": "Virgili - Pl de Montserrat Roca i Baltà", "MARQUESINA": null, "PAL": 1.0, "PAL SOLAR": null, "PIU": null, "GEOMETRY": "POINT (2.193420179702815 41.43130314874907)", "Type": "Bus Stop", "Evaluation": "No PID" }, "geometry": { "type": "Point", "coordinates": [ 2.193420179702815, 41.431303148749073 ] } },
{ "type": "Feature", "properties": { "CODI_PARADA": 1948, "NOM_PARADA": "Pallars - Bilbao", "MARQUESINA": 1.0, "PAL": null, "PAL SOLAR": null, "PIU": null, "GEOMETRY": "POINT (2.2014698864156763 41.40385011002712)", "Type": "Bus Stop", "Evaluation": "No PID" }, "geometry": { "type": "Point", "coordinates": [ 2.201469886415676, 41.403850110027122 ] } },
{ "type": "Feature", "properties": { "CODI_PARADA": 1950, "NOM_PARADA": "La Fosca - Chafarinas", "MARQUESINA": null, "PAL": 1.0, "PAL SOLAR": null, "PIU": null, "GEOMETRY": "POINT (2.1832512594816276 41.44816170715165)", "Type": "Bus Stop", "Evaluation": "No PID" }, "geometry": { "type": "Point", "coordinates": [ 2.183251259481628, 41.448161707151648 ] } },
{ "type": "Feature", "properties": { "CODI_PARADA": 1953, "NOM_PARADA": "Numància - Ronda General Mitre", "MARQUESINA": 1.0, "PAL": null, "PAL SOLAR": null, "PIU": null, "GEOMETRY": "POINT (2.130816261668342 41.39136862328667)", "Type": "Bus Stop", "Evaluation": "No PID" }, "geometry": { "type": "Point", "coordinates": [ 2.130816261668342, 41.391368623286667 ] } },
{ "type": "Feature", "properties": { "CODI_PARADA": 1954, "NOM_PARADA": "Segura - Anoia", "MARQUESINA": null, "PAL": 1.0, "PAL SOLAR": null, "PIU": null, "GEOMETRY": "POINT (2.140537246256403 41.36256075665222)", "Type": "Bus Stop", "Evaluation": "No PID" }, "geometry": { "type": "Point", "coordinates": [ 2.140537246256403, 41.362560756652222 ] } },
{ "type": "Feature", "properties": { "CODI_PARADA": 1955, "NOM_PARADA": "Segura - Foneria", "MARQUESINA": null, "PAL": 1.0, "PAL SOLAR": null, "PIU": null, "GEOMETRY": "POINT (2.141768238412986 41.362895132285004)", "Type": "Bus Stop", "Evaluation": "No PID" }, "geometry": { "type": "Point", "coordinates": [ 2.141768238412986, 41.362895132285004 ] } },
{ "type": "Feature", "properties": { "CODI_PARADA": 1957, "NOM_PARADA": "Costa i Cuxart - Av dels Quinze", "MARQUESINA": null, "PAL": 1.0, "PAL SOLAR": null, "PIU": null, "GEOMETRY": "POINT (2.1752918911455104 41.42796167566672)", "Type": "Bus Stop", "Evaluation": "No PID" }, "geometry": { "type": "Point", "coordinates": [ 2.17529189114551, 41.427961675666722 ] } },
{ "type": "Feature", "properties": { "CODI_PARADA": 1958, "NOM_PARADA": "Av dels Quinze - Costa i Cuxart", "MARQUESINA": 1.0, "PAL": null, "PAL SOLAR": null, "PIU": 1.0, "GEOMETRY": "POINT (2.1747007667350786 41.428098174316574)", "Type": "Bus Stop", "Evaluation": "Has PID" }, "geometry": { "type": "Point", "coordinates": [ 2.174700766735079, 41.428098174316574 ] } },
{ "type": "Feature", "properties": { "CODI_PARADA": 1959, "NOM_PARADA": "Pl de les Roquetes", "MARQUESINA": 1.0, "PAL": null, "PAL SOLAR": null, "PIU": null, "GEOMETRY": "POINT (2.1762768566481396 41.4484511898204)", "Type": "Bus Stop", "Evaluation": "No PID" }, "geometry": { "type": "Point", "coordinates": [ 2.17627685664814, 41.448451189820403 ] } },
{ "type": "Feature", "properties": { "CODI_PARADA": 1960, "NOM_PARADA": "Parc del Pla de Fornells", "MARQUESINA": 1.0, "PAL": null, "PAL SOLAR": null, "PIU": null, "GEOMETRY": "POINT (2.176443078096189 41.448563133999166)", "Type": "Bus Stop", "Evaluation": "No PID" }, "geometry": { "type": "Point", "coordinates": [ 2.176443078096189, 41.448563133999166 ] } },
{ "type": "Feature", "properties": { "CODI_PARADA": 1961, "NOM_PARADA": "Fabra i Puig - Pg Urrutia", "MARQUESINA": 1.0, "PAL": null, "PAL SOLAR": null, "PIU": 1.0, "GEOMETRY": "POINT (2.164549051645137 41.436642887797895)", "Type": "Bus Stop", "Evaluation": "Has PID" }, "geometry": { "type": "Point", "coordinates": [ 2.164549051645137, 41.436642887797895 ] } },
{ "type": "Feature", "properties": { "CODI_PARADA": 1963, "NOM_PARADA": "Fabra i Puig - Pg Urrutia", "MARQUESINA": 1.0, "PAL": null, "PAL SOLAR": null, "PIU": 1.0, "GEOMETRY": "POINT (2.1644894544208886 41.43681868759903)", "Type": "Bus Stop", "Evaluation": "Has PID" }, "geometry": { "type": "Point", "coordinates": [ 2.164489454420889, 41.436818687599029 ] } },
{ "type": "Feature", "properties": { "CODI_PARADA": 1966, "NOM_PARADA": "Port Olímpic - Zoo", "MARQUESINA": null, "PAL": null, "PAL SOLAR": 1.0, "PIU": null, "GEOMETRY": "POINT (2.1970585326437386 41.38791750406668)", "Type": "Bus Stop", "Evaluation": "No PID" }, "geometry": { "type": "Point", "coordinates": [ 2.197058532643739, 41.387917504066678 ] } },
{ "type": "Feature", "properties": { "CODI_PARADA": 1970, "NOM_PARADA": "Rambla del Brasil - Roger", "MARQUESINA": null, "PAL": 1.0, "PAL SOLAR": null, "PIU": null, "GEOMETRY": "POINT (2.1295871764996277 41.37726555514131)", "Type": "Bus Stop", "Evaluation": "No PID" }, "geometry": { "type": "Point", "coordinates": [ 2.129587176499628, 41.377265555141307 ] } },
{ "type": "Feature", "properties": { "CODI_PARADA": 1975, "NOM_PARADA": "Av Pablo Picasso - Salvador Dalí", "MARQUESINA": 1.0, "PAL": null, "PAL SOLAR": null, "PIU": null, "GEOMETRY": "POINT (2.0877348550439105 41.35400881898463)", "Type": "Bus Stop", "Evaluation": "No PID" }, "geometry": { "type": "Point", "coordinates": [ 2.087734855043911, 41.354008818984632 ] } },
{ "type": "Feature", "properties": { "CODI_PARADA": 1982, "NOM_PARADA": "Av Paral·lel", "MARQUESINA": 1.0, "PAL": null, "PAL SOLAR": null, "PIU": null, "GEOMETRY": "POINT (2.134108401439075 41.36654384591055)", "Type": "Bus Stop", "Evaluation": "No PID" }, "geometry": { "type": "Point", "coordinates": [ 2.134108401439075, 41.366543845910549 ] } },
{ "type": "Feature", "properties": { "CODI_PARADA": 1984, "NOM_PARADA": "Escorial - Sant Lluís", "MARQUESINA": 1.0, "PAL": null, "PAL SOLAR": null, "PIU": null, "GEOMETRY": "POINT (2.1528364414306917 41.37482492714426)", "Type": "Bus Stop", "Evaluation": "No PID" }, "geometry": { "type": "Point", "coordinates": [ 2.152836441430692, 41.37482492714426 ] } },
{ "type": "Feature", "properties": { "CODI_PARADA": 1987, "NOM_PARADA": "Sargelet - Maignon", "MARQUESINA": null, "PAL": 1.0, "PAL SOLAR": null, "PIU": null, "GEOMETRY": "POINT (2.162297526795132 41.406344732009714)", "Type": "Bus Stop", "Evaluation": "No PID" }, "geometry": { "type": "Point", "coordinates": [ 2.162297526795132, 41.406344732009714 ] } },
{ "type": "Feature", "properties": { "CODI_PARADA": 1988, "NOM_PARADA": "Valldoreix - Verdi", "MARQUESINA": null, "PAL": 1.0, "PAL SOLAR": null, "PIU": null, "GEOMETRY": "POINT (2.150857992694304 41.40895386226306)", "Type": "Bus Stop", "Evaluation": "No PID" }, "geometry": { "type": "Point", "coordinates": [ 2.150857992694304, 41.408953862263061 ] } },
{ "type": "Feature", "properties": { "CODI_PARADA": 1989, "NOM_PARADA": "Av del Coll del Portell - Sostres", "MARQUESINA": null, "PAL": 1.0, "PAL SOLAR": null, "PIU": null, "GEOMETRY": "POINT (2.1514942288130894 41.41006824739315)", "Type": "Bus Stop", "Evaluation": "No PID" }, "geometry": { "type": "Point", "coordinates": [ 2.151494228813089, 41.410068247393149 ] } },
{ "type": "Feature", "properties": { "CODI_PARADA": 1990, "NOM_PARADA": "Sostres - Baixada de la Glòria", "MARQUESINA": null, "PAL": 1.0, "PAL SOLAR": null, "PIU": null, "GEOMETRY": "POINT (2.1514077305056194 41.410661220995294)", "Type": "Bus Stop", "Evaluation": "No PID" }, "geometry": { "type": "Point", "coordinates": [ 2.151407730505619, 41.410661220995294 ] } },
{ "type": "Feature", "properties": { "CODI_PARADA": 1991, "NOM_PARADA": "Arnold Schönberg - Av del Coll del Portell", "MARQUESINA": null, "PAL": 1.0, "PAL SOLAR": null, "PIU": null, "GEOMETRY": "POINT (2.1497380978351615 41.41223859226077)", "Type": "Bus Stop", "Evaluation": "No PID" }, "geometry": { "type": "Point", "coordinates": [ 2.149738097835161, 41.412238592260771 ] } },
{ "type": "Feature", "properties": { "CODI_PARADA": 1992, "NOM_PARADA": "Av del Coll del Portell - Baixada de la Glòria", "MARQUESINA": null, "PAL": 1.0, "PAL SOLAR": null, "PIU": null, "GEOMETRY": "POINT (2.1493106385083838 41.412929736858345)", "Type": "Bus Stop", "Evaluation": "No PID" }, "geometry": { "type": "Point", "coordinates": [ 2.149310638508384, 41.412929736858345 ] } },
{ "type": "Feature", "properties": { "CODI_PARADA": 1993, "NOM_PARADA": "Av del Coll del Portell - Rambla de Mercedes", "MARQUESINA": null, "PAL": 1.0, "PAL SOLAR": null, "PIU": null, "GEOMETRY": "POINT (2.1503245446054584 41.412099302710715)", "Type": "Bus Stop", "Evaluation": "No PID" }, "geometry": { "type": "Point", "coordinates": [ 2.150324544605458, 41.412099302710715 ] } },
{ "type": "Feature", "properties": { "CODI_PARADA": 1994, "NOM_PARADA": "Albigesos - Verdi", "MARQUESINA": null, "PAL": 1.0, "PAL SOLAR": null, "PIU": null, "GEOMETRY": "POINT (2.151865367289008 41.411182685115904)", "Type": "Bus Stop", "Evaluation": "No PID" }, "geometry": { "type": "Point", "coordinates": [ 2.151865367289008, 41.411182685115904 ] } },
{ "type": "Feature", "properties": { "CODI_PARADA": 1995, "NOM_PARADA": "Verdi - Valldoreix", "MARQUESINA": null, "PAL": 1.0, "PAL SOLAR": null, "PIU": null, "GEOMETRY": "POINT (2.150595571807219 41.41053523492428)", "Type": "Bus Stop", "Evaluation": "No PID" }, "geometry": { "type": "Point", "coordinates": [ 2.150595571807219, 41.410535234924282 ] } },
{ "type": "Feature", "properties": { "CODI_PARADA": 1996, "NOM_PARADA": "Pl Rovira i Trias", "MARQUESINA": null, "PAL": 1.0, "PAL SOLAR": null, "PIU": null, "GEOMETRY": "POINT (2.1515485900026845 41.40926809894137)", "Type": "Bus Stop", "Evaluation": "No PID" }, "geometry": { "type": "Point", "coordinates": [ 2.151548590002685, 41.409268098941368 ] } },
{ "type": "Feature", "properties": { "CODI_PARADA": 1997, "NOM_PARADA": "Torrent de les Flors - Cardener", "MARQUESINA": null, "PAL": 1.0, "PAL SOLAR": null, "PIU": null, "GEOMETRY": "POINT (2.1587812599952394 41.40758524372931)", "Type": "Bus Stop", "Evaluation": "No PID" }, "geometry": { "type": "Point", "coordinates": [ 2.158781259995239, 41.407585243729308 ] } },
{ "type": "Feature", "properties": { "CODI_PARADA": 1998, "NOM_PARADA": "Ctra Cementiri Collserola - Residència Joan XXIII", "MARQUESINA": null, "PAL": 1.0, "PAL SOLAR": null, "PIU": null, "GEOMETRY": "POINT (2.156678549769308 41.40970227687831)", "Type": "Bus Stop", "Evaluation": "No PID" }, "geometry": { "type": "Point", "coordinates": [ 2.156678549769308, 41.409702276878313 ] } },
{ "type": "Feature", "properties": { "CODI_PARADA": 1999, "NOM_PARADA": "Residència Joan XXIII", "MARQUESINA": null, "PAL": 1.0, "PAL SOLAR": null, "PIU": null, "GEOMETRY": "POINT (2.1560061866047335 41.46515687016989)", "Type": "Bus Stop", "Evaluation": "No PID" }, "geometry": { "type": "Point", "coordinates": [ 2.156006186604734, 41.465156870169892 ] } },
{ "type": "Feature", "properties": { "CODI_PARADA": 2004, "NOM_PARADA": "Oblit - direcció Font d'en Fargas", "MARQUESINA": null, "PAL": 1.0, "PAL SOLAR": null, "PIU": null, "GEOMETRY": "POINT (2.1559886326826336 41.464957173535396)", "Type": "Bus Stop", "Evaluation": "No PID" }, "geometry": { "type": "Point", "coordinates": [ 2.155988632682634, 41.464957173535396 ] } },
{ "type": "Feature", "properties": { "CODI_PARADA": 2005, "NOM_PARADA": "Rambla Volart - Flors de Maig", "MARQUESINA": null, "PAL": 1.0, "PAL SOLAR": null, "PIU": null, "GEOMETRY": "POINT (2.1776094394131844 41.419320585703126)", "Type": "Bus Stop", "Evaluation": "No PID" }, "geometry": { "type": "Point", "coordinates": [ 2.177609439413184, 41.419320585703126 ] } },
{ "type": "Feature", "properties": { "CODI_PARADA": 2006, "NOM_PARADA": "La Bisbal - Av Mare de Déu de Montserrat", "MARQUESINA": null, "PAL": 1.0, "PAL SOLAR": null, "PIU": null, "GEOMETRY": "POINT (2.1744177648964143 41.417625452511516)", "Type": "Bus Stop", "Evaluation": "No PID" }, "geometry": { "type": "Point", "coordinates": [ 2.174417764896414, 41.417625452511516 ] } },
{ "type": "Feature", "properties": { "CODI_PARADA": 2007, "NOM_PARADA": "Aguilar - Alt de Pedrell", "MARQUESINA": null, "PAL": 1.0, "PAL SOLAR": null, "PIU": null, "GEOMETRY": "POINT (2.1722737479063623 41.41826480738377)", "Type": "Bus Stop", "Evaluation": "No PID" }, "geometry": { "type": "Point", "coordinates": [ 2.172273747906362, 41.418264807383771 ] } },
{ "type": "Feature", "properties": { "CODI_PARADA": 2008, "NOM_PARADA": "Aguilar - Montserrat de Casanovas", "MARQUESINA": null, "PAL": 1.0, "PAL SOLAR": null, "PIU": null, "GEOMETRY": "POINT (2.1694824609531476 41.425488966949594)", "Type": "Bus Stop", "Evaluation": "No PID" }, "geometry": { "type": "Point", "coordinates": [ 2.169482460953148, 41.425488966949594 ] } },
{ "type": "Feature", "properties": { "CODI_PARADA": 2009, "NOM_PARADA": "Garriga i Roca - Sales Ferrer", "MARQUESINA": null, "PAL": 1.0, "PAL SOLAR": null, "PIU": null, "GEOMETRY": "POINT (2.169784440041089 41.423092132435286)", "Type": "Bus Stop", "Evaluation": "No PID" }, "geometry": { "type": "Point", "coordinates": [ 2.169784440041089, 41.423092132435286 ] } },
{ "type": "Feature", "properties": { "CODI_PARADA": 2010, "NOM_PARADA": "Garriga i Roca - Ercilla", "MARQUESINA": null, "PAL": 1.0, "PAL SOLAR": null, "PIU": null, "GEOMETRY": "POINT (2.1698721646916215 41.421174246112344)", "Type": "Bus Stop", "Evaluation": "No PID" }, "geometry": { "type": "Point", "coordinates": [ 2.169872164691621, 41.421174246112344 ] } },
{ "type": "Feature", "properties": { "CODI_PARADA": 2012, "NOM_PARADA": "Rambla de la Muntanya - Vinyals", "MARQUESINA": null, "PAL": 1.0, "PAL SOLAR": null, "PIU": null, "GEOMETRY": "POINT (2.1706827471052508 41.41978287588102)", "Type": "Bus Stop", "Evaluation": "No PID" }, "geometry": { "type": "Point", "coordinates": [ 2.170682747105251, 41.419782875881019 ] } },
{ "type": "Feature", "properties": { "CODI_PARADA": 2020, "NOM_PARADA": "Torrent de les Flors - Sant Lluís", "MARQUESINA": null, "PAL": 1.0, "PAL SOLAR": null, "PIU": null, "GEOMETRY": "POINT (2.175347223586629 41.42013573720629)", "Type": "Bus Stop", "Evaluation": "No PID" }, "geometry": { "type": "Point", "coordinates": [ 2.175347223586629, 41.420135737206287 ] } },
{ "type": "Feature", "properties": { "CODI_PARADA": 2021, "NOM_PARADA": "Pl Joanic", "MARQUESINA": null, "PAL": 1.0, "PAL SOLAR": null, "PIU": null, "GEOMETRY": "POINT (2.160202166831533 41.40615171512443)", "Type": "Bus Stop", "Evaluation": "No PID" }, "geometry": { "type": "Point", "coordinates": [ 2.160202166831533, 41.40615171512443 ] } },
{ "type": "Feature", "properties": { "CODI_PARADA": 2022, "NOM_PARADA": "Granja Vella - Av Martí i Codolar", "MARQUESINA": null, "PAL": 1.0, "PAL SOLAR": null, "PIU": null, "GEOMETRY": "POINT (2.14794726829926 41.426859130694645)", "Type": "Bus Stop", "Evaluation": "No PID" }, "geometry": { "type": "Point", "coordinates": [ 2.14794726829926, 41.426859130694645 ] } },
{ "type": "Feature", "properties": { "CODI_PARADA": 2023, "NOM_PARADA": "Calderón de la Barca - Ctra del Carmel", "MARQUESINA": null, "PAL": 1.0, "PAL SOLAR": null, "PIU": null, "GEOMETRY": "POINT (2.157318760894748 41.41901487667551)", "Type": "Bus Stop", "Evaluation": "No PID" }, "geometry": { "type": "Point", "coordinates": [ 2.157318760894748, 41.419014876675512 ] } },
{ "type": "Feature", "properties": { "CODI_PARADA": 2024, "NOM_PARADA": "Calderón de la Barca - Alcalde de Zalamea", "MARQUESINA": null, "PAL": 1.0, "PAL SOLAR": null, "PIU": null, "GEOMETRY": "POINT (2.1568404851379825 41.42062904460174)", "Type": "Bus Stop", "Evaluation": "No PID" }, "geometry": { "type": "Point", "coordinates": [ 2.156840485137983, 41.420629044601739 ] } },
{ "type": "Feature", "properties": { "CODI_PARADA": 2025, "NOM_PARADA": "Segimon - L'Alguer", "MARQUESINA": 1.0, "PAL": null, "PAL SOLAR": null, "PIU": null, "GEOMETRY": "POINT (2.1550961249111165 41.420951879324335)", "Type": "Bus Stop", "Evaluation": "No PID" }, "geometry": { "type": "Point", "coordinates": [ 2.155096124911116, 41.420951879324335 ] } },
{ "type": "Feature", "properties": { "CODI_PARADA": 2026, "NOM_PARADA": "Fastenrath - L'Hortal", "MARQUESINA": null, "PAL": 1.0, "PAL SOLAR": null, "PIU": null, "GEOMETRY": "POINT (2.152672359483104 41.421920741793905)", "Type": "Bus Stop", "Evaluation": "No PID" }, "geometry": { "type": "Point", "coordinates": [ 2.152672359483104, 41.421920741793905 ] } },
{ "type": "Feature", "properties": { "CODI_PARADA": 2028, "NOM_PARADA": "Camí dels Àngels", "MARQUESINA": null, "PAL": 1.0, "PAL SOLAR": null, "PIU": null, "GEOMETRY": "POINT (2.148969305231356 41.42166113690574)", "Type": "Bus Stop", "Evaluation": "No PID" }, "geometry": { "type": "Point", "coordinates": [ 2.148969305231356, 41.42166113690574 ] } },
{ "type": "Feature", "properties": { "CODI_PARADA": 2029, "NOM_PARADA": "Parc de La Creueta del Coll", "MARQUESINA": null, "PAL": 1.0, "PAL SOLAR": null, "PIU": null, "GEOMETRY": "POINT (2.1462717743544846 41.42129480259711)", "Type": "Bus Stop", "Evaluation": "No PID" }, "geometry": { "type": "Point", "coordinates": [ 2.146271774354485, 41.42129480259711 ] } },
{ "type": "Feature", "properties": { "CODI_PARADA": 2034, "NOM_PARADA": "Metro Penitents", "MARQUESINA": null, "PAL": 1.0, "PAL SOLAR": null, "PIU": null, "GEOMETRY": "POINT (2.1405949989899664 41.41744758253523)", "Type": "Bus Stop", "Evaluation": "No PID" }, "geometry": { "type": "Point", "coordinates": [ 2.140594998989966, 41.417447582535232 ] } },
{ "type": "Feature", "properties": { "CODI_PARADA": 2037, "NOM_PARADA": "Sigüenza - La Murtra", "MARQUESINA": null, "PAL": 1.0, "PAL SOLAR": null, "PIU": null, "GEOMETRY": "POINT (2.152612840883097 41.423259887209724)", "Type": "Bus Stop", "Evaluation": "No PID" }, "geometry": { "type": "Point", "coordinates": [ 2.152612840883097, 41.423259887209724 ] } },
{ "type": "Feature", "properties": { "CODI_PARADA": 2038, "NOM_PARADA": "Sigüenza - Ramon Rocafull", "MARQUESINA": null, "PAL": 1.0, "PAL SOLAR": null, "PIU": null, "GEOMETRY": "POINT (2.154141879039344 41.424122765515)", "Type": "Bus Stop", "Evaluation": "No PID" }, "geometry": { "type": "Point", "coordinates": [ 2.154141879039344, 41.424122765515001 ] } },
{ "type": "Feature", "properties": { "CODI_PARADA": 2039, "NOM_PARADA": "Mercat del Carmel", "MARQUESINA": null, "PAL": 1.0, "PAL SOLAR": null, "PIU": null, "GEOMETRY": "POINT (2.1553562207564076 41.42357122705644)", "Type": "Bus Stop", "Evaluation": "No PID" }, "geometry": { "type": "Point", "coordinates": [ 2.155356220756408, 41.423571227056442 ] } },
{ "type": "Feature", "properties": { "CODI_PARADA": 2040, "NOM_PARADA": "Conca de Tremp - Agudells", "MARQUESINA": null, "PAL": 1.0, "PAL SOLAR": null, "PIU": null, "GEOMETRY": "POINT (2.1564924724828307 41.42231883632016)", "Type": "Bus Stop", "Evaluation": "No PID" }, "geometry": { "type": "Point", "coordinates": [ 2.156492472482831, 41.422318836320159 ] } },
{ "type": "Feature", "properties": { "CODI_PARADA": 2041, "NOM_PARADA": "Conca de Tremp - Arbós", "MARQUESINA": null, "PAL": 1.0, "PAL SOLAR": null, "PIU": null, "GEOMETRY": "POINT (2.1573192740387928 41.421284100407746)", "Type": "Bus Stop", "Evaluation": "No PID" }, "geometry": { "type": "Point", "coordinates": [ 2.157319274038793, 41.421284100407746 ] } },
{ "type": "Feature", "properties": { "CODI_PARADA": 2042, "NOM_PARADA": "Conca de Tremp - Queixans", "MARQUESINA": null, "PAL": 1.0, "PAL SOLAR": null, "PIU": null, "GEOMETRY": "POINT (2.1575102453134427 41.420023114863284)", "Type": "Bus Stop", "Evaluation": "No PID" }, "geometry": { "type": "Point", "coordinates": [ 2.157510245313443, 41.420023114863284 ] } },
{ "type": "Feature", "properties": { "CODI_PARADA": 2043, "NOM_PARADA": "Manso - Calàbria", "MARQUESINA": null, "PAL": 1.0, "PAL SOLAR": null, "PIU": null, "GEOMETRY": "POINT (2.160486763955262 41.37667116024443)", "Type": "Bus Stop", "Evaluation": "No PID" }, "geometry": { "type": "Point", "coordinates": [ 2.160486763955262, 41.376671160244427 ] } },
{ "type": "Feature", "properties": { "CODI_PARADA": 2044, "NOM_PARADA": "Riera Alta - Nou de Dulce", "MARQUESINA": null, "PAL": 1.0, "PAL SOLAR": null, "PIU": null, "GEOMETRY": "POINT (2.1637442686458632 41.380340307681855)", "Type": "Bus Stop", "Evaluation": "No PID" }, "geometry": { "type": "Point", "coordinates": [ 2.163744268645863, 41.380340307681855 ] } },
{ "type": "Feature", "properties": { "CODI_PARADA": 2045, "NOM_PARADA": "Riera Alta - Erasme de Janer", "MARQUESINA": null, "PAL": 1.0, "PAL SOLAR": null, "PIU": null, "GEOMETRY": "POINT (2.1664602993251387 41.38047796915527)", "Type": "Bus Stop", "Evaluation": "No PID" }, "geometry": { "type": "Point", "coordinates": [ 2.166460299325139, 41.380477969155272 ] } },
{ "type": "Feature", "properties": { "CODI_PARADA": 2046, "NOM_PARADA": "Rambla del Raval - Aurora", "MARQUESINA": null, "PAL": 1.0, "PAL SOLAR": null, "PIU": null, "GEOMETRY": "POINT (2.1682243335013176 41.37930590847562)", "Type": "Bus Stop", "Evaluation": "No PID" }, "geometry": { "type": "Point", "coordinates": [ 2.168224333501318, 41.379305908475622 ] } },
{ "type": "Feature", "properties": { "CODI_PARADA": 2047, "NOM_PARADA": "Rambla del Raval - Sant Pau", "MARQUESINA": null, "PAL": 1.0, "PAL SOLAR": null, "PIU": null, "GEOMETRY": "POINT (2.1702177316572215 41.377629989022545)", "Type": "Bus Stop", "Evaluation": "No PID" }, "geometry": { "type": "Point", "coordinates": [ 2.170217731657222, 41.377629989022545 ] } },
{ "type": "Feature", "properties": { "CODI_PARADA": 2048, "NOM_PARADA": "Av Drassanes - Arc del Teatre", "MARQUESINA": 1.0, "PAL": null, "PAL SOLAR": null, "PIU": null, "GEOMETRY": "POINT (2.1730816236049733 41.37662775759489)", "Type": "Bus Stop", "Evaluation": "No PID" }, "geometry": { "type": "Point", "coordinates": [ 2.173081623604973, 41.376627757594889 ] } },
{ "type": "Feature", "properties": { "CODI_PARADA": 2049, "NOM_PARADA": "Av Drassanes - Pl Portal de la Pau", "MARQUESINA": 1.0, "PAL": null, "PAL SOLAR": null, "PIU": null, "GEOMETRY": "POINT (2.1762355787928978 41.37600690467356)", "Type": "Bus Stop", "Evaluation": "No PID" }, "geometry": { "type": "Point", "coordinates": [ 2.176235578792898, 41.376006904673559 ] } },
{ "type": "Feature", "properties": { "CODI_PARADA": 2051, "NOM_PARADA": "Metro Drassanes", "MARQUESINA": 1.0, "PAL": null, "PAL SOLAR": null, "PIU": null, "GEOMETRY": "POINT (2.174801152867729 41.376419820977056)", "Type": "Bus Stop", "Evaluation": "No PID" }, "geometry": { "type": "Point", "coordinates": [ 2.174801152867729, 41.376419820977056 ] } },
{ "type": "Feature", "properties": { "CODI_PARADA": 2052, "NOM_PARADA": "Av Drassanes - Nou de la Rambla", "MARQUESINA": 1.0, "PAL": null, "PAL SOLAR": null, "PIU": null, "GEOMETRY": "POINT (2.1727274518638726 41.37682869839989)", "Type": "Bus Stop", "Evaluation": "No PID" }, "geometry": { "type": "Point", "coordinates": [ 2.172727451863873, 41.376828698399891 ] } },
{ "type": "Feature", "properties": { "CODI_PARADA": 2053, "NOM_PARADA": "Rambla del Raval - Sant Josep Oriol", "MARQUESINA": null, "PAL": 1.0, "PAL SOLAR": null, "PIU": null, "GEOMETRY": "POINT (2.17052649366345 41.37800847025047)", "Type": "Bus Stop", "Evaluation": "No PID" }, "geometry": { "type": "Point", "coordinates": [ 2.17052649366345, 41.378008470250471 ] } },
{ "type": "Feature", "properties": { "CODI_PARADA": 2054, "NOM_PARADA": "Rambla del Raval - Hospital", "MARQUESINA": 1.0, "PAL": null, "PAL SOLAR": null, "PIU": null, "GEOMETRY": "POINT (2.168798438397481 41.37946081951485)", "Type": "Bus Stop", "Evaluation": "No PID" }, "geometry": { "type": "Point", "coordinates": [ 2.168798438397481, 41.379460819514847 ] } },
{ "type": "Feature", "properties": { "CODI_PARADA": 2055, "NOM_PARADA": "Pl Joan Amades", "MARQUESINA": null, "PAL": 1.0, "PAL SOLAR": null, "PIU": null, "GEOMETRY": "POINT (2.1687239932248144 41.38139415393527)", "Type": "Bus Stop", "Evaluation": "No PID" }, "geometry": { "type": "Point", "coordinates": [ 2.168723993224814, 41.381394153935268 ] } },
{ "type": "Feature", "properties": { "CODI_PARADA": 2056, "NOM_PARADA": "Pl dels Àngels", "MARQUESINA": null, "PAL": 1.0, "PAL SOLAR": null, "PIU": null, "GEOMETRY": "POINT (2.1678903285598667 41.382656591515115)", "Type": "Bus Stop", "Evaluation": "No PID" }, "geometry": { "type": "Point", "coordinates": [ 2.167890328559867, 41.382656591515115 ] } },
{ "type": "Feature", "properties": { "CODI_PARADA": 2057, "NOM_PARADA": "Montalegre - Valldonzella", "MARQUESINA": null, "PAL": 1.0, "PAL SOLAR": null, "PIU": null, "GEOMETRY": "POINT (2.1667833902964717 41.384001858679156)", "Type": "Bus Stop", "Evaluation": "No PID" }, "geometry": { "type": "Point", "coordinates": [ 2.166783390296472, 41.384001858679156 ] } },
{ "type": "Feature", "properties": { "CODI_PARADA": 2059, "NOM_PARADA": "Mercat de Sant Antoni", "MARQUESINA": 1.0, "PAL": null, "PAL SOLAR": null, "PIU": null, "GEOMETRY": "POINT (2.161382158482757 41.377342327746234)", "Type": "Bus Stop", "Evaluation": "No PID" }, "geometry": { "type": "Point", "coordinates": [ 2.161382158482757, 41.377342327746234 ] } },
{ "type": "Feature", "properties": { "CODI_PARADA": 2061, "NOM_PARADA": "Mare de Déu del Remei - Grases", "MARQUESINA": null, "PAL": 1.0, "PAL SOLAR": null, "PIU": null, "GEOMETRY": "POINT (2.1568812668586927 41.373013236028264)", "Type": "Bus Stop", "Evaluation": "No PID" }, "geometry": { "type": "Point", "coordinates": [ 2.156881266858693, 41.373013236028264 ] } },
{ "type": "Feature", "properties": { "CODI_PARADA": 2063, "NOM_PARADA": "Elkano - Blasco de Garay", "MARQUESINA": null, "PAL": 1.0, "PAL SOLAR": null, "PIU": null, "GEOMETRY": "POINT (2.1630900544451963 41.37311672641629)", "Type": "Bus Stop", "Evaluation": "No PID" }, "geometry": { "type": "Point", "coordinates": [ 2.163090054445196, 41.373116726416292 ] } },
{ "type": "Feature", "properties": { "CODI_PARADA": 2071, "NOM_PARADA": "Pg de Solé i Pla", "MARQUESINA": 1.0, "PAL": null, "PAL SOLAR": null, "PIU": null, "GEOMETRY": "POINT (2.0885988646092306 41.42711839000212)", "Type": "Bus Stop", "Evaluation": "No PID" }, "geometry": { "type": "Point", "coordinates": [ 2.088598864609231, 41.427118390002121 ] } },
{ "type": "Feature", "properties": { "CODI_PARADA": 2072, "NOM_PARADA": "Pl Major del Rectoret", "MARQUESINA": 1.0, "PAL": null, "PAL SOLAR": null, "PIU": null, "GEOMETRY": "POINT (2.092209575115073 41.427377246684536)", "Type": "Bus Stop", "Evaluation": "No PID" }, "geometry": { "type": "Point", "coordinates": [ 2.092209575115073, 41.427377246684536 ] } },
{ "type": "Feature", "properties": { "CODI_PARADA": 2074, "NOM_PARADA": "Torrent del Rovelló - Camí del Pantà", "MARQUESINA": 1.0, "PAL": null, "PAL SOLAR": null, "PIU": null, "GEOMETRY": "POINT (2.096908106075367 41.41937128039335)", "Type": "Bus Stop", "Evaluation": "No PID" }, "geometry": { "type": "Point", "coordinates": [ 2.096908106075367, 41.419371280393349 ] } },
{ "type": "Feature", "properties": { "CODI_PARADA": 2075, "NOM_PARADA": "Torrent del Rovelló - Camí Baix del Mas Sauró", "MARQUESINA": null, "PAL": 1.0, "PAL SOLAR": null, "PIU": null, "GEOMETRY": "POINT (2.0944461077827783 41.418242728576324)", "Type": "Bus Stop", "Evaluation": "No PID" }, "geometry": { "type": "Point", "coordinates": [ 2.094446107782778, 41.418242728576324 ] } },
{ "type": "Feature", "properties": { "CODI_PARADA": 2076, "NOM_PARADA": "Camí Alt Mas Sauró - Font Mossèn Cinto Verdaguer", "MARQUESINA": null, "PAL": 1.0, "PAL SOLAR": null, "PIU": null, "GEOMETRY": "POINT (2.0948915708768627 41.41782715070391)", "Type": "Bus Stop", "Evaluation": "No PID" }, "geometry": { "type": "Point", "coordinates": [ 2.094891570876863, 41.417827150703907 ] } },
{ "type": "Feature", "properties": { "CODI_PARADA": 2077, "NOM_PARADA": "Camí Alt del Mas Sauró - Camí del Ciureny", "MARQUESINA": null, "PAL": 1.0, "PAL SOLAR": null, "PIU": null, "GEOMETRY": "POINT (2.09649365475868 41.417870197490885)", "Type": "Bus Stop", "Evaluation": "No PID" }, "geometry": { "type": "Point", "coordinates": [ 2.09649365475868, 41.417870197490885 ] } },
{ "type": "Feature", "properties": { "CODI_PARADA": 2078, "NOM_PARADA": "Camí del Mas Sauró", "MARQUESINA": null, "PAL": 1.0, "PAL SOLAR": null, "PIU": null, "GEOMETRY": "POINT (2.0965132501383144 41.41708343306964)", "Type": "Bus Stop", "Evaluation": "No PID" }, "geometry": { "type": "Point", "coordinates": [ 2.096513250138314, 41.417083433069642 ] } },
{ "type": "Feature", "properties": { "CODI_PARADA": 2079, "NOM_PARADA": "Can Sauró", "MARQUESINA": null, "PAL": 1.0, "PAL SOLAR": null, "PIU": null, "GEOMETRY": "POINT (2.0950408740318145 41.41590677311666)", "Type": "Bus Stop", "Evaluation": "No PID" }, "geometry": { "type": "Point", "coordinates": [ 2.095040874031814, 41.41590677311666 ] } },
{ "type": "Feature", "properties": { "CODI_PARADA": 2080, "NOM_PARADA": "Mas Sauró - Camí del Pebràs", "MARQUESINA": null, "PAL": 1.0, "PAL SOLAR": null, "PIU": null, "GEOMETRY": "POINT (2.092829690053653 41.415668193652756)", "Type": "Bus Stop", "Evaluation": "No PID" }, "geometry": { "type": "Point", "coordinates": [ 2.092829690053653, 41.415668193652756 ] } },
{ "type": "Feature", "properties": { "CODI_PARADA": 2081, "NOM_PARADA": "Can Sauró, direcció Mas Guimbau", "MARQUESINA": null, "PAL": 1.0, "PAL SOLAR": null, "PIU": null, "GEOMETRY": "POINT (2.0951795139329246 41.41592368885773)", "Type": "Bus Stop", "Evaluation": "No PID" }, "geometry": { "type": "Point", "coordinates": [ 2.095179513932925, 41.415923688857731 ] } },
{ "type": "Feature", "properties": { "CODI_PARADA": 2082, "NOM_PARADA": "Camí del Mas Sauró, direcció Mas Guimbau", "MARQUESINA": null, "PAL": 1.0, "PAL SOLAR": null, "PIU": null, "GEOMETRY": "POINT (2.096345613917468 41.417056148956505)", "Type": "Bus Stop", "Evaluation": "No PID" }, "geometry": { "type": "Point", "coordinates": [ 2.096345613917468, 41.417056148956505 ] } },
{ "type": "Feature", "properties": { "CODI_PARADA": 2083, "NOM_PARADA": "Camí del Ciureny, direcció Mas Guimbau", "MARQUESINA": null, "PAL": 1.0, "PAL SOLAR": null, "PIU": null, "GEOMETRY": "POINT (2.096575181198888 41.417899480945856)", "Type": "Bus Stop", "Evaluation": "No PID" }, "geometry": { "type": "Point", "coordinates": [ 2.096575181198888, 41.417899480945856 ] } },
{ "type": "Feature", "properties": { "CODI_PARADA": 2084, "NOM_PARADA": "Font Mossèn Cinto Verdaguer, direcció Mas Guimbau", "MARQUESINA": null, "PAL": 1.0, "PAL SOLAR": null, "PIU": null, "GEOMETRY": "POINT (2.095144566645509 41.41789211044779)", "Type": "Bus Stop", "Evaluation": "No PID" }, "geometry": { "type": "Point", "coordinates": [ 2.095144566645509, 41.417892110447788 ] } },
{ "type": "Feature", "properties": { "CODI_PARADA": 2085, "NOM_PARADA": "Camí Baix del Mas Sauró, direcció Mas Guimbau", "MARQUESINA": null, "PAL": 1.0, "PAL SOLAR": null, "PIU": null, "GEOMETRY": "POINT (2.0944992839555345 41.418206630602754)", "Type": "Bus Stop", "Evaluation": "No PID" }, "geometry": { "type": "Point", "coordinates": [ 2.094499283955535, 41.418206630602754 ] } },
{ "type": "Feature", "properties": { "CODI_PARADA": 2086, "NOM_PARADA": "Torrent del Rovelló, direcció Mas Guimbau", "MARQUESINA": null, "PAL": 1.0, "PAL SOLAR": null, "PIU": null, "GEOMETRY": "POINT (2.096832302780938 41.419214568623275)", "Type": "Bus Stop", "Evaluation": "No PID" }, "geometry": { "type": "Point", "coordinates": [ 2.096832302780938, 41.419214568623275 ] } },
{ "type": "Feature", "properties": { "CODI_PARADA": 2087, "NOM_PARADA": "FGC Les Planes", "MARQUESINA": 1.0, "PAL": null, "PAL SOLAR": null, "PIU": null, "GEOMETRY": "POINT (2.091482048542242 41.42719220426753)", "Type": "Bus Stop", "Evaluation": "No PID" }, "geometry": { "type": "Point", "coordinates": [ 2.091482048542242, 41.427192204267527 ] } },
{ "type": "Feature", "properties": { "CODI_PARADA": 2088, "NOM_PARADA": "Camí dels Verns - Camí del Mas Guimbau", "MARQUESINA": null, "PAL": 1.0, "PAL SOLAR": null, "PIU": null, "GEOMETRY": "POINT (2.089765221263747 41.42615387749248)", "Type": "Bus Stop", "Evaluation": "No PID" }, "geometry": { "type": "Point", "coordinates": [ 2.089765221263747, 41.426153877492482 ] } },
{ "type": "Feature", "properties": { "CODI_PARADA": 2089, "NOM_PARADA": "Mas Guimbau", "MARQUESINA": 1.0, "PAL": null, "PAL SOLAR": null, "PIU": null, "GEOMETRY": "POINT (2.0902794537304605 41.42814229736647)", "Type": "Bus Stop", "Evaluation": "No PID" }, "geometry": { "type": "Point", "coordinates": [ 2.090279453730461, 41.42814229736647 ] } },
{ "type": "Feature", "properties": { "CODI_PARADA": 2090, "NOM_PARADA": "Mas Sauró", "MARQUESINA": null, "PAL": 1.0, "PAL SOLAR": null, "PIU": null, "GEOMETRY": "POINT (2.09289790621242 41.415611416689956)", "Type": "Bus Stop", "Evaluation": "No PID" }, "geometry": { "type": "Point", "coordinates": [ 2.09289790621242, 41.415611416689956 ] } },
{ "type": "Feature", "properties": { "CODI_PARADA": 2091, "NOM_PARADA": "Can Sauró, direcció Vallvidrera", "MARQUESINA": null, "PAL": 1.0, "PAL SOLAR": null, "PIU": null, "GEOMETRY": "POINT (2.0952129128111507 41.415952847249805)", "Type": "Bus Stop", "Evaluation": "No PID" }, "geometry": { "type": "Point", "coordinates": [ 2.095212912811151, 41.415952847249805 ] } },
{ "type": "Feature", "properties": { "CODI_PARADA": 2092, "NOM_PARADA": "Camí del Mas Sauró, direcció Vallvidrera", "MARQUESINA": null, "PAL": 1.0, "PAL SOLAR": null, "PIU": null, "GEOMETRY": "POINT (2.0963925670285315 41.417063155966666)", "Type": "Bus Stop", "Evaluation": "No PID" }, "geometry": { "type": "Point", "coordinates": [ 2.096392567028531, 41.417063155966666 ] } },
{ "type": "Feature", "properties": { "CODI_PARADA": 2093, "NOM_PARADA": "Camí del Ciureny, direcció Vallvidrera", "MARQUESINA": null, "PAL": 1.0, "PAL SOLAR": null, "PIU": null, "GEOMETRY": "POINT (2.0965066320857764 41.4179155527755)", "Type": "Bus Stop", "Evaluation": "No PID" }, "geometry": { "type": "Point", "coordinates": [ 2.096506632085776, 41.417915552775497 ] } },
{ "type": "Feature", "properties": { "CODI_PARADA": 2094, "NOM_PARADA": "Font Mossèn Cinto Verdaguer, direcció Vallvidrera", "MARQUESINA": null, "PAL": 1.0, "PAL SOLAR": null, "PIU": null, "GEOMETRY": "POINT (2.0950793776953684 41.417889346228286)", "Type": "Bus Stop", "Evaluation": "No PID" }, "geometry": { "type": "Point", "coordinates": [ 2.095079377695368, 41.417889346228286 ] } },
{ "type": "Feature", "properties": { "CODI_PARADA": 2095, "NOM_PARADA": "Camí Baix del Mas Sauró, direcció Vallvidrera", "MARQUESINA": null, "PAL": 1.0, "PAL SOLAR": null, "PIU": null, "GEOMETRY": "POINT (2.094659127267719 41.418342062648904)", "Type": "Bus Stop", "Evaluation": "No PID" }, "geometry": { "type": "Point", "coordinates": [ 2.094659127267719, 41.418342062648904 ] } },
{ "type": "Feature", "properties": { "CODI_PARADA": 2096, "NOM_PARADA": "Torrent del Rovelló, direcció Vallvidrera", "MARQUESINA": null, "PAL": 1.0, "PAL SOLAR": null, "PIU": null, "GEOMETRY": "POINT (2.096853066312237 41.41922826069586)", "Type": "Bus Stop", "Evaluation": "No PID" }, "geometry": { "type": "Point", "coordinates": [ 2.096853066312237, 41.41922826069586 ] } },
{ "type": "Feature", "properties": { "CODI_PARADA": 2097, "NOM_PARADA": "Camí del Pantà", "MARQUESINA": null, "PAL": 1.0, "PAL SOLAR": null, "PIU": null, "GEOMETRY": "POINT (2.0978867831975645 41.41844666347421)", "Type": "Bus Stop", "Evaluation": "No PID" }, "geometry": { "type": "Point", "coordinates": [ 2.097886783197564, 41.418446663474207 ] } },
{ "type": "Feature", "properties": { "CODI_PARADA": 2098, "NOM_PARADA": "FGC Baixador Vallvidrera", "MARQUESINA": null, "PAL": 1.0, "PAL SOLAR": null, "PIU": null, "GEOMETRY": "POINT (2.096865910311893 41.419961784121334)", "Type": "Bus Stop", "Evaluation": "No PID" }, "geometry": { "type": "Point", "coordinates": [ 2.096865910311893, 41.419961784121334 ] } },
{ "type": "Feature", "properties": { "CODI_PARADA": 2099, "NOM_PARADA": "Camí del Sanatori - Ctra de Vallvidrera", "MARQUESINA": 1.0, "PAL": null, "PAL SOLAR": null, "PIU": null, "GEOMETRY": "POINT (2.0965884264866745 41.42104701150846)", "Type": "Bus Stop", "Evaluation": "No PID" }, "geometry": { "type": "Point", "coordinates": [ 2.096588426486675, 41.421047011508463 ] } },
{ "type": "Feature", "properties": { "CODI_PARADA": 2100, "NOM_PARADA": "Major del Rectoret - Parc Municipal de Vallvidrera", "MARQUESINA": null, "PAL": 1.0, "PAL SOLAR": null, "PIU": null, "GEOMETRY": "POINT (2.09475207949124 41.42348226327496)", "Type": "Bus Stop", "Evaluation": "No PID" }, "geometry": { "type": "Point", "coordinates": [ 2.09475207949124, 41.423482263274963 ] } },
{ "type": "Feature", "properties": { "CODI_PARADA": 2101, "NOM_PARADA": "Major del Rectoret - Amarant", "MARQUESINA": null, "PAL": 1.0, "PAL SOLAR": null, "PIU": null, "GEOMETRY": "POINT (2.094947383584495 41.42452922065958)", "Type": "Bus Stop", "Evaluation": "No PID" }, "geometry": { "type": "Point", "coordinates": [ 2.094947383584495, 41.424529220659579 ] } },
{ "type": "Feature", "properties": { "CODI_PARADA": 2102, "NOM_PARADA": "Bohemis - Savina", "MARQUESINA": null, "PAL": 1.0, "PAL SOLAR": null, "PIU": null, "GEOMETRY": "POINT (2.097134330687789 41.42533489445027)", "Type": "Bus Stop", "Evaluation": "No PID" }, "geometry": { "type": "Point", "coordinates": [ 2.097134330687789, 41.425334894450273 ] } },
{ "type": "Feature", "properties": { "CODI_PARADA": 2103, "NOM_PARADA": "Savina - Pg del Magraner", "MARQUESINA": null, "PAL": 1.0, "PAL SOLAR": null, "PIU": null, "GEOMETRY": "POINT (2.096607810225862 41.42414424073094)", "Type": "Bus Stop", "Evaluation": "No PID" }, "geometry": { "type": "Point", "coordinates": [ 2.096607810225862, 41.424144240730939 ] } },
{ "type": "Feature", "properties": { "CODI_PARADA": 2104, "NOM_PARADA": "Lilà - Boix", "MARQUESINA": null, "PAL": 1.0, "PAL SOLAR": null, "PIU": null, "GEOMETRY": "POINT (2.0998032045817205 41.42568555218245)", "Type": "Bus Stop", "Evaluation": "No PID" }, "geometry": { "type": "Point", "coordinates": [ 2.099803204581721, 41.425685552182451 ] } },
{ "type": "Feature", "properties": { "CODI_PARADA": 2105, "NOM_PARADA": "Lilà - Presseguer", "MARQUESINA": null, "PAL": 1.0, "PAL SOLAR": null, "PIU": null, "GEOMETRY": "POINT (2.1009201987929145 41.428242876583575)", "Type": "Bus Stop", "Evaluation": "No PID" }, "geometry": { "type": "Point", "coordinates": [ 2.100920198792914, 41.428242876583575 ] } },
{ "type": "Feature", "properties": { "CODI_PARADA": 2108, "NOM_PARADA": "Major del Rectoret - Costa del Bruc", "MARQUESINA": null, "PAL": 1.0, "PAL SOLAR": null, "PIU": null, "GEOMETRY": "POINT (2.0948921708631336 41.42989528966358)", "Type": "Bus Stop", "Evaluation": "No PID" }, "geometry": { "type": "Point", "coordinates": [ 2.094892170863134, 41.429895289663577 ] } },
{ "type": "Feature", "properties": { "CODI_PARADA": 2109, "NOM_PARADA": "Pl Coll de la Creu d'en Blau, direcció El Rectoret", "MARQUESINA": 1.0, "PAL": null, "PAL SOLAR": null, "PIU": null, "GEOMETRY": "POINT (2.0941526888761666 41.43364618655579)", "Type": "Bus Stop", "Evaluation": "No PID" }, "geometry": { "type": "Point", "coordinates": [ 2.094152688876167, 41.433646186555791 ] } },
{ "type": "Feature", "properties": { "CODI_PARADA": 2110, "NOM_PARADA": "Major del Rectoret - Marco Polo", "MARQUESINA": null, "PAL": 1.0, "PAL SOLAR": null, "PIU": null, "GEOMETRY": "POINT (2.0948515528376555 41.42964313416131)", "Type": "Bus Stop", "Evaluation": "No PID" }, "geometry": { "type": "Point", "coordinates": [ 2.094851552837655, 41.42964313416131 ] } },
{ "type": "Feature", "properties": { "CODI_PARADA": 2111, "NOM_PARADA": "Major del Rectoret - Parsifal", "MARQUESINA": null, "PAL": 1.0, "PAL SOLAR": null, "PIU": null, "GEOMETRY": "POINT (2.093842523600355 41.426414695541865)", "Type": "Bus Stop", "Evaluation": "No PID" }, "geometry": { "type": "Point", "coordinates": [ 2.093842523600355, 41.426414695541865 ] } },
{ "type": "Feature", "properties": { "CODI_PARADA": 2112, "NOM_PARADA": "Margalló - Major del Rectoret", "MARQUESINA": null, "PAL": 1.0, "PAL SOLAR": null, "PIU": null, "GEOMETRY": "POINT (2.0961579208143837 41.42612985913984)", "Type": "Bus Stop", "Evaluation": "No PID" }, "geometry": { "type": "Point", "coordinates": [ 2.096157920814384, 41.426129859139841 ] } },
{ "type": "Feature", "properties": { "CODI_PARADA": 2113, "NOM_PARADA": "Av del Rectoret - Baladre", "MARQUESINA": null, "PAL": 1.0, "PAL SOLAR": null, "PIU": null, "GEOMETRY": "POINT (2.0930395135817377 41.42592522229388)", "Type": "Bus Stop", "Evaluation": "No PID" }, "geometry": { "type": "Point", "coordinates": [ 2.093039513581738, 41.425925222293877 ] } },
{ "type": "Feature", "properties": { "CODI_PARADA": 2114, "NOM_PARADA": "Av del Rectoret - Vesc", "MARQUESINA": null, "PAL": 1.0, "PAL SOLAR": null, "PIU": null, "GEOMETRY": "POINT (2.0928563610450266 41.42612745552652)", "Type": "Bus Stop", "Evaluation": "No PID" }, "geometry": { "type": "Point", "coordinates": [ 2.092856361045027, 41.426127455526519 ] } },
{ "type": "Feature", "properties": { "CODI_PARADA": 2115, "NOM_PARADA": "Major del Rectoret - Margalló", "MARQUESINA": null, "PAL": 1.0, "PAL SOLAR": null, "PIU": null, "GEOMETRY": "POINT (2.0958567053031874 41.4261662800188)", "Type": "Bus Stop", "Evaluation": "No PID" }, "geometry": { "type": "Point", "coordinates": [ 2.095856705303187, 41.426166280018798 ] } },
{ "type": "Feature", "properties": { "CODI_PARADA": 2116, "NOM_PARADA": "Major del Rectoret - Lohengrin", "MARQUESINA": null, "PAL": 1.0, "PAL SOLAR": null, "PIU": null, "GEOMETRY": "POINT (2.093950015028814 41.42654062785393)", "Type": "Bus Stop", "Evaluation": "No PID" }, "geometry": { "type": "Point", "coordinates": [ 2.093950015028814, 41.426540627853932 ] } },
{ "type": "Feature", "properties": { "CODI_PARADA": 2117, "NOM_PARADA": "Pl Coll de la Creu d'en Blau, direcció Vallvidrera", "MARQUESINA": null, "PAL": 1.0, "PAL SOLAR": null, "PIU": null, "GEOMETRY": "POINT (2.0941303195314163 41.43365262082352)", "Type": "Bus Stop", "Evaluation": "No PID" }, "geometry": { "type": "Point", "coordinates": [ 2.094130319531416, 41.433652620823523 ] } },
{ "type": "Feature", "properties": { "CODI_PARADA": 2121, "NOM_PARADA": "Lilà - Geranis", "MARQUESINA": null, "PAL": 1.0, "PAL SOLAR": null, "PIU": null, "GEOMETRY": "POINT (2.1008313955179165 41.42816045855537)", "Type": "Bus Stop", "Evaluation": "No PID" }, "geometry": { "type": "Point", "coordinates": [ 2.100831395517917, 41.428160458555368 ] } },
{ "type": "Feature", "properties": { "CODI_PARADA": 2122, "NOM_PARADA": "Lilà - Poncelles", "MARQUESINA": null, "PAL": 1.0, "PAL SOLAR": null, "PIU": null, "GEOMETRY": "POINT (2.0996598178684316 41.42563649703211)", "Type": "Bus Stop", "Evaluation": "No PID" }, "geometry": { "type": "Point", "coordinates": [ 2.099659817868432, 41.425636497032109 ] } },
{ "type": "Feature", "properties": { "CODI_PARADA": 2123, "NOM_PARADA": "Savina - Poncelles", "MARQUESINA": null, "PAL": 1.0, "PAL SOLAR": null, "PIU": null, "GEOMETRY": "POINT (2.0964981596109418 41.42417322193715)", "Type": "Bus Stop", "Evaluation": "No PID" }, "geometry": { "type": "Point", "coordinates": [ 2.096498159610942, 41.424173221937153 ] } },
{ "type": "Feature", "properties": { "CODI_PARADA": 2124, "NOM_PARADA": "Bohemis - Amarant", "MARQUESINA": null, "PAL": 1.0, "PAL SOLAR": null, "PIU": null, "GEOMETRY": "POINT (2.0973440612185152 41.425420470358624)", "Type": "Bus Stop", "Evaluation": "No PID" }, "geometry": { "type": "Point", "coordinates": [ 2.097344061218515, 41.425420470358624 ] } },
{ "type": "Feature", "properties": { "CODI_PARADA": 2125, "NOM_PARADA": "Major del Rectoret", "MARQUESINA": null, "PAL": 1.0, "PAL SOLAR": null, "PIU": null, "GEOMETRY": "POINT (2.0949042017604502 41.42458640271825)", "Type": "Bus Stop", "Evaluation": "No PID" }, "geometry": { "type": "Point", "coordinates": [ 2.09490420176045, 41.424586402718248 ] } },
{ "type": "Feature", "properties": { "CODI_PARADA": 2126, "NOM_PARADA": "Parc Municipal de Vallvidrera", "MARQUESINA": null, "PAL": 1.0, "PAL SOLAR": null, "PIU": null, "GEOMETRY": "POINT (2.0947548379601493 41.42332231275387)", "Type": "Bus Stop", "Evaluation": "No PID" }, "geometry": { "type": "Point", "coordinates": [ 2.094754837960149, 41.423322312753868 ] } },
{ "type": "Feature", "properties": { "CODI_PARADA": 2127, "NOM_PARADA": "Camí del Sanatori - FGC Baixador de Vallvidrera", "MARQUESINA": 1.0, "PAL": null, "PAL SOLAR": null, "PIU": null, "GEOMETRY": "POINT (2.0964948677829662 41.420859755860114)", "Type": "Bus Stop", "Evaluation": "No PID" }, "geometry": { "type": "Point", "coordinates": [ 2.096494867782966, 41.420859755860114 ] } },
{ "type": "Feature", "properties": { "CODI_PARADA": 2128, "NOM_PARADA": "Capità Arenas - Manuel de Falla", "MARQUESINA": null, "PAL": 1.0, "PAL SOLAR": null, "PIU": null, "GEOMETRY": "POINT (2.1248320889273473 41.39302691312365)", "Type": "Bus Stop", "Evaluation": "No PID" }, "geometry": { "type": "Point", "coordinates": [ 2.124832088927347, 41.393026913123649 ] } },
{ "type": "Feature", "properties": { "CODI_PARADA": 2130, "NOM_PARADA": "Pg Maragall - Petrarca", "MARQUESINA": 1.0, "PAL": null, "PAL SOLAR": null, "PIU": 1.0, "GEOMETRY": "POINT (2.1633323658606955 41.42843042739945)", "Type": "Bus Stop", "Evaluation": "Has PID" }, "geometry": { "type": "Point", "coordinates": [ 2.163332365860696, 41.428430427399448 ] } },
{ "type": "Feature", "properties": { "CODI_PARADA": 2134, "NOM_PARADA": "Llull - Jardins Gandhi", "MARQUESINA": 1.0, "PAL": null, "PAL SOLAR": null, "PIU": 1.0, "GEOMETRY": "POINT (2.206746297443631 41.40442188778986)", "Type": "Bus Stop", "Evaluation": "Has PID" }, "geometry": { "type": "Point", "coordinates": [ 2.206746297443631, 41.404421887789859 ] } },
{ "type": "Feature", "properties": { "CODI_PARADA": 2137, "NOM_PARADA": "Metro Bellvitge Rambla Marina", "MARQUESINA": null, "PAL": null, "PAL SOLAR": 1.0, "PIU": 1.0, "GEOMETRY": "POINT (2.1108519206516423 41.35150592628552)", "Type": "Bus Stop", "Evaluation": "Has PID" }, "geometry": { "type": "Point", "coordinates": [ 2.110851920651642, 41.351505926285519 ] } },
{ "type": "Feature", "properties": { "CODI_PARADA": 2138, "NOM_PARADA": "IES Ferran Tallada", "MARQUESINA": null, "PAL": 1.0, "PAL SOLAR": null, "PIU": null, "GEOMETRY": "POINT (2.1618025893465416 41.42081064950022)", "Type": "Bus Stop", "Evaluation": "No PID" }, "geometry": { "type": "Point", "coordinates": [ 2.161802589346542, 41.420810649500218 ] } },
{ "type": "Feature", "properties": { "CODI_PARADA": 2141, "NOM_PARADA": "Turó de La Rovira", "MARQUESINA": null, "PAL": 1.0, "PAL SOLAR": null, "PIU": null, "GEOMETRY": "POINT (2.1595238505628407 41.419692691906945)", "Type": "Bus Stop", "Evaluation": "No PID" }, "geometry": { "type": "Point", "coordinates": [ 2.159523850562841, 41.419692691906945 ] } },
{ "type": "Feature", "properties": { "CODI_PARADA": 2142, "NOM_PARADA": "Gran Vista", "MARQUESINA": null, "PAL": 1.0, "PAL SOLAR": null, "PIU": null, "GEOMETRY": "POINT (2.1599536906265535 41.419972406381106)", "Type": "Bus Stop", "Evaluation": "No PID" }, "geometry": { "type": "Point", "coordinates": [ 2.159953690626554, 41.419972406381106 ] } },
{ "type": "Feature", "properties": { "CODI_PARADA": 2143, "NOM_PARADA": "Ctra de Vallvidrera - El Castanyer", "MARQUESINA": null, "PAL": 1.0, "PAL SOLAR": null, "PIU": null, "GEOMETRY": "POINT (2.121348096259694 41.425366316743606)", "Type": "Bus Stop", "Evaluation": "No PID" }, "geometry": { "type": "Point", "coordinates": [ 2.121348096259694, 41.425366316743606 ] } },
{ "type": "Feature", "properties": { "CODI_PARADA": 2146, "NOM_PARADA": "Pl de Mourenx", "MARQUESINA": null, "PAL": 1.0, "PAL SOLAR": null, "PIU": null, "GEOMETRY": "POINT (2.1685635053778913 41.46342104078938)", "Type": "Bus Stop", "Evaluation": "No PID" }, "geometry": { "type": "Point", "coordinates": [ 2.168563505377891, 41.463421040789378 ] } },
{ "type": "Feature", "properties": { "CODI_PARADA": 2147, "NOM_PARADA": "Camèlies - Circumval·lació", "MARQUESINA": null, "PAL": 1.0, "PAL SOLAR": null, "PIU": null, "GEOMETRY": "POINT (2.170552454618687 41.46193708724857)", "Type": "Bus Stop", "Evaluation": "No PID" }, "geometry": { "type": "Point", "coordinates": [ 2.170552454618687, 41.461937087248572 ] } },
{ "type": "Feature", "properties": { "CODI_PARADA": 2148, "NOM_PARADA": "Circumval·lació - Camèlies", "MARQUESINA": 1.0, "PAL": null, "PAL SOLAR": null, "PIU": null, "GEOMETRY": "POINT (2.171957674216054 41.461968690089726)", "Type": "Bus Stop", "Evaluation": "No PID" }, "geometry": { "type": "Point", "coordinates": [ 2.171957674216054, 41.461968690089726 ] } },
{ "type": "Feature", "properties": { "CODI_PARADA": 2149, "NOM_PARADA": "Pl Tibidabo", "MARQUESINA": null, "PAL": 1.0, "PAL SOLAR": null, "PIU": null, "GEOMETRY": "POINT (2.1188274181447766 41.42151295813325)", "Type": "Bus Stop", "Evaluation": "No PID" }, "geometry": { "type": "Point", "coordinates": [ 2.118827418144777, 41.421512958133249 ] } },
{ "type": "Feature", "properties": { "CODI_PARADA": 2151, "NOM_PARADA": "Pg Taulat - Provençals", "MARQUESINA": null, "PAL": 1.0, "PAL SOLAR": null, "PIU": null, "GEOMETRY": "POINT (2.213121093161512 41.404790805803145)", "Type": "Bus Stop", "Evaluation": "No PID" }, "geometry": { "type": "Point", "coordinates": [ 2.213121093161512, 41.404790805803145 ] } },
{ "type": "Feature", "properties": { "CODI_PARADA": 2154, "NOM_PARADA": "Jericó - Pg Vall d'Hebron", "MARQUESINA": null, "PAL": 1.0, "PAL SOLAR": null, "PIU": null, "GEOMETRY": "POINT (2.139495599814322 41.42079362053377)", "Type": "Bus Stop", "Evaluation": "No PID" }, "geometry": { "type": "Point", "coordinates": [ 2.139495599814322, 41.420793620533772 ] } },
{ "type": "Feature", "properties": { "CODI_PARADA": 2155, "NOM_PARADA": "Jericó - Romeu", "MARQUESINA": null, "PAL": 1.0, "PAL SOLAR": null, "PIU": null, "GEOMETRY": "POINT (2.139023127037177 41.42182778836415)", "Type": "Bus Stop", "Evaluation": "No PID" }, "geometry": { "type": "Point", "coordinates": [ 2.139023127037177, 41.421827788364148 ] } },
{ "type": "Feature", "properties": { "CODI_PARADA": 2156, "NOM_PARADA": "Ctra Sant Cugat - Samària", "MARQUESINA": null, "PAL": 1.0, "PAL SOLAR": null, "PIU": null, "GEOMETRY": "POINT (2.1382575337773524 41.42221741357187)", "Type": "Bus Stop", "Evaluation": "No PID" }, "geometry": { "type": "Point", "coordinates": [ 2.138257533777352, 41.422217413571872 ] } },
{ "type": "Feature", "properties": { "CODI_PARADA": 2157, "NOM_PARADA": "Ctra Sant Cugat - Navata", "MARQUESINA": 1.0, "PAL": null, "PAL SOLAR": null, "PIU": null, "GEOMETRY": "POINT (2.1385286546614255 41.42062094507125)", "Type": "Bus Stop", "Evaluation": "No PID" }, "geometry": { "type": "Point", "coordinates": [ 2.138528654661425, 41.420620945071249 ] } },
{ "type": "Feature", "properties": { "CODI_PARADA": 2158, "NOM_PARADA": "Ctra Sant Cugat - Gutenberg", "MARQUESINA": null, "PAL": 1.0, "PAL SOLAR": null, "PIU": null, "GEOMETRY": "POINT (2.138555858693984 41.41860344073898)", "Type": "Bus Stop", "Evaluation": "No PID" }, "geometry": { "type": "Point", "coordinates": [ 2.138555858693984, 41.418603440738977 ] } },
{ "type": "Feature", "properties": { "CODI_PARADA": 2180, "NOM_PARADA": "Ctra del Prat - Energia", "MARQUESINA": 1.0, "PAL": null, "PAL SOLAR": null, "PIU": null, "GEOMETRY": "POINT (2.134133406827664 41.36060974116356)", "Type": "Bus Stop", "Evaluation": "No PID" }, "geometry": { "type": "Point", "coordinates": [ 2.134133406827664, 41.360609741163557 ] } },
{ "type": "Feature", "properties": { "CODI_PARADA": 2184, "NOM_PARADA": "Botànica - Salvador Espriu", "MARQUESINA": null, "PAL": 1.0, "PAL SOLAR": null, "PIU": null, "GEOMETRY": "POINT (2.1261021962968827 41.349458704556696)", "Type": "Bus Stop", "Evaluation": "No PID" }, "geometry": { "type": "Point", "coordinates": [ 2.126102196296883, 41.349458704556696 ] } },
{ "type": "Feature", "properties": { "CODI_PARADA": 2185, "NOM_PARADA": "Botànica - Miguel Hernández", "MARQUESINA": null, "PAL": 1.0, "PAL SOLAR": null, "PIU": null, "GEOMETRY": "POINT (2.1264556559110006 41.349393539766524)", "Type": "Bus Stop", "Evaluation": "No PID" }, "geometry": { "type": "Point", "coordinates": [ 2.126455655911001, 41.349393539766524 ] } },
{ "type": "Feature", "properties": { "CODI_PARADA": 2186, "NOM_PARADA": "Botànica - Primer de Maig", "MARQUESINA": null, "PAL": 1.0, "PAL SOLAR": null, "PIU": null, "GEOMETRY": "POINT (2.1206915589957553 41.34658797784369)", "Type": "Bus Stop", "Evaluation": "No PID" }, "geometry": { "type": "Point", "coordinates": [ 2.120691558995755, 41.34658797784369 ] } },
{ "type": "Feature", "properties": { "CODI_PARADA": 2187, "NOM_PARADA": "Botànica - Motors", "MARQUESINA": null, "PAL": 1.0, "PAL SOLAR": null, "PIU": null, "GEOMETRY": "POINT (2.1209173765010267 41.34649614141751)", "Type": "Bus Stop", "Evaluation": "No PID" }, "geometry": { "type": "Point", "coordinates": [ 2.120917376501027, 41.346496141417511 ] } },
{ "type": "Feature", "properties": { "CODI_PARADA": 2188, "NOM_PARADA": "Motors - Botànica", "MARQUESINA": null, "PAL": 1.0, "PAL SOLAR": null, "PIU": null, "GEOMETRY": "POINT (2.116842883444568 41.3454908867439)", "Type": "Bus Stop", "Evaluation": "No PID" }, "geometry": { "type": "Point", "coordinates": [ 2.116842883444568, 41.345490886743903 ] } },
{ "type": "Feature", "properties": { "CODI_PARADA": 2189, "NOM_PARADA": "Motors - Av Granvia", "MARQUESINA": null, "PAL": 1.0, "PAL SOLAR": null, "PIU": null, "GEOMETRY": "POINT (2.1165083138589242 41.345187873097075)", "Type": "Bus Stop", "Evaluation": "No PID" }, "geometry": { "type": "Point", "coordinates": [ 2.116508313858924, 41.345187873097075 ] } },
{ "type": "Feature", "properties": { "CODI_PARADA": 2190, "NOM_PARADA": "Av Amèrica - Av Granvia", "MARQUESINA": null, "PAL": 1.0, "PAL SOLAR": null, "PIU": null, "GEOMETRY": "POINT (2.1144703038899326 41.349879998946236)", "Type": "Bus Stop", "Evaluation": "No PID" }, "geometry": { "type": "Point", "coordinates": [ 2.114470303889933, 41.349879998946236 ] } },
{ "type": "Feature", "properties": { "CODI_PARADA": 2192, "NOM_PARADA": "Ronda Sant Pere-Pau Claris", "MARQUESINA": 1.0, "PAL": null, "PAL SOLAR": null, "PIU": null, "GEOMETRY": "POINT (2.171713002296555 41.388681298917426)", "Type": "Bus Stop", "Evaluation": "No PID" }, "geometry": { "type": "Point", "coordinates": [ 2.171713002296555, 41.388681298917426 ] } },
{ "type": "Feature", "properties": { "CODI_PARADA": 2194, "NOM_PARADA": "Francesc Alegre - Av Mare de Déu de Montserrat", "MARQUESINA": null, "PAL": 1.0, "PAL SOLAR": null, "PIU": null, "GEOMETRY": "POINT (2.1670929245737134 41.41572185757104)", "Type": "Bus Stop", "Evaluation": "No PID" }, "geometry": { "type": "Point", "coordinates": [ 2.167092924573713, 41.415721857571043 ] } },
{ "type": "Feature", "properties": { "CODI_PARADA": 2195, "NOM_PARADA": "Budapest - Gènova", "MARQUESINA": null, "PAL": 1.0, "PAL SOLAR": null, "PIU": null, "GEOMETRY": "POINT (2.168004126314627 41.418270555483424)", "Type": "Bus Stop", "Evaluation": "No PID" }, "geometry": { "type": "Point", "coordinates": [ 2.168004126314627, 41.418270555483424 ] } },
{ "type": "Feature", "properties": { "CODI_PARADA": 2196, "NOM_PARADA": "Telègraf - Doctor Cadevall", "MARQUESINA": null, "PAL": 1.0, "PAL SOLAR": null, "PIU": null, "GEOMETRY": "POINT (2.169092326634103 41.41851078467337)", "Type": "Bus Stop", "Evaluation": "No PID" }, "geometry": { "type": "Point", "coordinates": [ 2.169092326634103, 41.418510784673373 ] } },
{ "type": "Feature", "properties": { "CODI_PARADA": 2197, "NOM_PARADA": "Francesc Alegre", "MARQUESINA": null, "PAL": 1.0, "PAL SOLAR": null, "PIU": null, "GEOMETRY": "POINT (2.1662849298458955 41.41639610310238)", "Type": "Bus Stop", "Evaluation": "No PID" }, "geometry": { "type": "Point", "coordinates": [ 2.166284929845895, 41.416396103102379 ] } },
{ "type": "Feature", "properties": { "CODI_PARADA": 2198, "NOM_PARADA": "França - Polònia", "MARQUESINA": null, "PAL": 1.0, "PAL SOLAR": null, "PIU": null, "GEOMETRY": "POINT (2.1635826404143295 41.41524129673338)", "Type": "Bus Stop", "Evaluation": "No PID" }, "geometry": { "type": "Point", "coordinates": [ 2.163582640414329, 41.415241296733377 ] } },
{ "type": "Feature", "properties": { "CODI_PARADA": 2199, "NOM_PARADA": "Av del Coll del Portell, 74", "MARQUESINA": null, "PAL": 1.0, "PAL SOLAR": null, "PIU": null, "GEOMETRY": "POINT (2.151488672817834 41.411466356661464)", "Type": "Bus Stop", "Evaluation": "No PID" }, "geometry": { "type": "Point", "coordinates": [ 2.151488672817834, 41.411466356661464 ] } },
{ "type": "Feature", "properties": { "CODI_PARADA": 2200, "NOM_PARADA": "Pg Vall d'Hebron - Anna Piferrer", "MARQUESINA": 1.0, "PAL": null, "PAL SOLAR": null, "PIU": null, "GEOMETRY": "POINT (2.139136362379223 41.41783062946355)", "Type": "Bus Stop", "Evaluation": "No PID" }, "geometry": { "type": "Point", "coordinates": [ 2.139136362379223, 41.417830629463552 ] } },
{ "type": "Feature", "properties": { "CODI_PARADA": 2203, "NOM_PARADA": "Penedès - Priorat", "MARQUESINA": null, "PAL": 1.0, "PAL SOLAR": null, "PIU": null, "GEOMETRY": "POINT (2.060455506186696 41.360356954501626)", "Type": "Bus Stop", "Evaluation": "No PID" }, "geometry": { "type": "Point", "coordinates": [ 2.060455506186696, 41.360356954501626 ] } },
{ "type": "Feature", "properties": { "CODI_PARADA": 2209, "NOM_PARADA": "Pl de Vallvidrera", "MARQUESINA": null, "PAL": 1.0, "PAL SOLAR": null, "PIU": null, "GEOMETRY": "POINT (2.1043977144438037 41.413051765208074)", "Type": "Bus Stop", "Evaluation": "No PID" }, "geometry": { "type": "Point", "coordinates": [ 2.104397714443804, 41.413051765208074 ] } },
{ "type": "Feature", "properties": { "CODI_PARADA": 2210, "NOM_PARADA": "Camí Alt del Mas Sauró", "MARQUESINA": null, "PAL": 1.0, "PAL SOLAR": null, "PIU": null, "GEOMETRY": "POINT (2.096323944966521 41.41647725890746)", "Type": "Bus Stop", "Evaluation": "No PID" }, "geometry": { "type": "Point", "coordinates": [ 2.096323944966521, 41.416477258907463 ] } },
{ "type": "Feature", "properties": { "CODI_PARADA": 2211, "NOM_PARADA": "Cami Alt del Mas Sauró, direcció Vallvidrera", "MARQUESINA": null, "PAL": 1.0, "PAL SOLAR": null, "PIU": null, "GEOMETRY": "POINT (2.096387620217228 41.416437162073606)", "Type": "Bus Stop", "Evaluation": "No PID" }, "geometry": { "type": "Point", "coordinates": [ 2.096387620217228, 41.416437162073606 ] } },
{ "type": "Feature", "properties": { "CODI_PARADA": 2212, "NOM_PARADA": "Camí Alt de Mas Sauró, direcció Mas Guimbau", "MARQUESINA": null, "PAL": 1.0, "PAL SOLAR": null, "PIU": null, "GEOMETRY": "POINT (2.096345360313771 41.416417905728544)", "Type": "Bus Stop", "Evaluation": "No PID" }, "geometry": { "type": "Point", "coordinates": [ 2.096345360313771, 41.416417905728544 ] } },
{ "type": "Feature", "properties": { "CODI_PARADA": 2213, "NOM_PARADA": "Camí del Mas Guimbau - Gatosa", "MARQUESINA": null, "PAL": 1.0, "PAL SOLAR": null, "PIU": null, "GEOMETRY": "POINT (2.090085893914006 41.425529413559445)", "Type": "Bus Stop", "Evaluation": "No PID" }, "geometry": { "type": "Point", "coordinates": [ 2.090085893914006, 41.425529413559445 ] } },
{ "type": "Feature", "properties": { "CODI_PARADA": 2214, "NOM_PARADA": "Camí del Mas Guimbau - Gespa", "MARQUESINA": null, "PAL": 1.0, "PAL SOLAR": null, "PIU": null, "GEOMETRY": "POINT (2.090632922732721 41.42401064951245)", "Type": "Bus Stop", "Evaluation": "No PID" }, "geometry": { "type": "Point", "coordinates": [ 2.090632922732721, 41.424010649512446 ] } },
{ "type": "Feature", "properties": { "CODI_PARADA": 2215, "NOM_PARADA": "Gespa - la Gatosa", "MARQUESINA": null, "PAL": 1.0, "PAL SOLAR": null, "PIU": null, "GEOMETRY": "POINT (2.0896276734130725 41.42458262203863)", "Type": "Bus Stop", "Evaluation": "No PID" }, "geometry": { "type": "Point", "coordinates": [ 2.089627673413073, 41.424582622038628 ] } },
{ "type": "Feature", "properties": { "CODI_PARADA": 2216, "NOM_PARADA": "Escala de la Gatosa", "MARQUESINA": null, "PAL": 1.0, "PAL SOLAR": null, "PIU": null, "GEOMETRY": "POINT (2.0897758279773773 41.423835806522305)", "Type": "Bus Stop", "Evaluation": "No PID" }, "geometry": { "type": "Point", "coordinates": [ 2.089775827977377, 41.423835806522305 ] } },
{ "type": "Feature", "properties": { "CODI_PARADA": 2217, "NOM_PARADA": "Pg de la Vimetera", "MARQUESINA": null, "PAL": 1.0, "PAL SOLAR": null, "PIU": null, "GEOMETRY": "POINT (2.089267541869073 41.42359090979701)", "Type": "Bus Stop", "Evaluation": "No PID" }, "geometry": { "type": "Point", "coordinates": [ 2.089267541869073, 41.423590909797007 ] } },
{ "type": "Feature", "properties": { "CODI_PARADA": 2218, "NOM_PARADA": "Pg de la Vimetera - Pg del Pi Forcat", "MARQUESINA": null, "PAL": 1.0, "PAL SOLAR": null, "PIU": null, "GEOMETRY": "POINT (2.0873708288722725 41.42328059912779)", "Type": "Bus Stop", "Evaluation": "No PID" }, "geometry": { "type": "Point", "coordinates": [ 2.087370828872273, 41.423280599127793 ] } },
{ "type": "Feature", "properties": { "CODI_PARADA": 2219, "NOM_PARADA": "Pg del Pi Forcat - Pg d'Anna Rúbies", "MARQUESINA": null, "PAL": 1.0, "PAL SOLAR": null, "PIU": null, "GEOMETRY": "POINT (2.0873653443373055 41.42265074526582)", "Type": "Bus Stop", "Evaluation": "No PID" }, "geometry": { "type": "Point", "coordinates": [ 2.087365344337305, 41.42265074526582 ] } },
{ "type": "Feature", "properties": { "CODI_PARADA": 2220, "NOM_PARADA": "Pg de la Vimetera - Escala de la Gatosa", "MARQUESINA": null, "PAL": 1.0, "PAL SOLAR": null, "PIU": null, "GEOMETRY": "POINT (2.089240318078123 41.42350852854953)", "Type": "Bus Stop", "Evaluation": "No PID" }, "geometry": { "type": "Point", "coordinates": [ 2.089240318078123, 41.423508528549533 ] } },
{ "type": "Feature", "properties": { "CODI_PARADA": 2221, "NOM_PARADA": "Gespa - Pg de la Vimetera", "MARQUESINA": null, "PAL": 1.0, "PAL SOLAR": null, "PIU": null, "GEOMETRY": "POINT (2.089835366909585 41.42386824464242)", "Type": "Bus Stop", "Evaluation": "No PID" }, "geometry": { "type": "Point", "coordinates": [ 2.089835366909585, 41.423868244642421 ] } },
{ "type": "Feature", "properties": { "CODI_PARADA": 2222, "NOM_PARADA": "Gespa", "MARQUESINA": null, "PAL": 1.0, "PAL SOLAR": null, "PIU": null, "GEOMETRY": "POINT (2.0896905231889646 41.42455118501359)", "Type": "Bus Stop", "Evaluation": "No PID" }, "geometry": { "type": "Point", "coordinates": [ 2.089690523188965, 41.424551185013591 ] } },
{ "type": "Feature", "properties": { "CODI_PARADA": 2223, "NOM_PARADA": "Camí del Mas Guimbau", "MARQUESINA": null, "PAL": 1.0, "PAL SOLAR": null, "PIU": null, "GEOMETRY": "POINT (2.0906845336993563 41.423989457314505)", "Type": "Bus Stop", "Evaluation": "No PID" }, "geometry": { "type": "Point", "coordinates": [ 2.090684533699356, 41.423989457314505 ] } },
{ "type": "Feature", "properties": { "CODI_PARADA": 2224, "NOM_PARADA": "Camí del Mas Guimbau - Castellví", "MARQUESINA": null, "PAL": 1.0, "PAL SOLAR": null, "PIU": null, "GEOMETRY": "POINT (2.0900633933714654 41.42557241738898)", "Type": "Bus Stop", "Evaluation": "No PID" }, "geometry": { "type": "Point", "coordinates": [ 2.090063393371465, 41.425572417388977 ] } },
{ "type": "Feature", "properties": { "CODI_PARADA": 2225, "NOM_PARADA": "Santuari de la Salut", "MARQUESINA": null, "PAL": 1.0, "PAL SOLAR": null, "PIU": null, "GEOMETRY": "POINT (2.089807637879844 41.42608846754995)", "Type": "Bus Stop", "Evaluation": "No PID" }, "geometry": { "type": "Point", "coordinates": [ 2.089807637879844, 41.426088467549953 ] } },
{ "type": "Feature", "properties": { "CODI_PARADA": 2228, "NOM_PARADA": "Ciutat d'Asunción - La Maquinista", "MARQUESINA": 1.0, "PAL": null, "PAL SOLAR": null, "PIU": null, "GEOMETRY": "POINT (2.200090561257454 41.4402097444231)", "Type": "Bus Stop", "Evaluation": "No PID" }, "geometry": { "type": "Point", "coordinates": [ 2.200090561257454, 41.4402097444231 ] } },
{ "type": "Feature", "properties": { "CODI_PARADA": 2230, "NOM_PARADA": "La Mina - Ponent", "MARQUESINA": 1.0, "PAL": null, "PAL SOLAR": null, "PIU": null, "GEOMETRY": "POINT (2.2173011759211154 41.41835156753121)", "Type": "Bus Stop", "Evaluation": "No PID" }, "geometry": { "type": "Point", "coordinates": [ 2.217301175921115, 41.418351567531211 ] } },
{ "type": "Feature", "properties": { "CODI_PARADA": 2231, "NOM_PARADA": "Pedrell - Rambla del Carmel", "MARQUESINA": null, "PAL": 1.0, "PAL SOLAR": null, "PIU": null, "GEOMETRY": "POINT (2.1586458196887532 41.42310084778541)", "Type": "Bus Stop", "Evaluation": "No PID" }, "geometry": { "type": "Point", "coordinates": [ 2.158645819688753, 41.423100847785413 ] } },
{ "type": "Feature", "properties": { "CODI_PARADA": 2233, "NOM_PARADA": "Rambla del Carmel - Llobregós", "MARQUESINA": null, "PAL": 1.0, "PAL SOLAR": null, "PIU": null, "GEOMETRY": "POINT (2.157770346726778 41.42467150063802)", "Type": "Bus Stop", "Evaluation": "No PID" }, "geometry": { "type": "Point", "coordinates": [ 2.157770346726778, 41.42467150063802 ] } },
{ "type": "Feature", "properties": { "CODI_PARADA": 2234, "NOM_PARADA": "Llobregós - Pg Maragall", "MARQUESINA": 1.0, "PAL": null, "PAL SOLAR": null, "PIU": 1.0, "GEOMETRY": "POINT (2.1632672079996595 41.427766075149684)", "Type": "Bus Stop", "Evaluation": "Has PID" }, "geometry": { "type": "Point", "coordinates": [ 2.16326720799966, 41.427766075149684 ] } },
{ "type": "Feature", "properties": { "CODI_PARADA": 2235, "NOM_PARADA": "Llobregós - Torrent del Carmel", "MARQUESINA": 1.0, "PAL": null, "PAL SOLAR": null, "PIU": null, "GEOMETRY": "POINT (2.1602964347867757 41.42651695310329)", "Type": "Bus Stop", "Evaluation": "No PID" }, "geometry": { "type": "Point", "coordinates": [ 2.160296434786776, 41.426516953103288 ] } },
{ "type": "Feature", "properties": { "CODI_PARADA": 2239, "NOM_PARADA": "Pg de Valldaura - Canigó", "MARQUESINA": 1.0, "PAL": null, "PAL SOLAR": null, "PIU": null, "GEOMETRY": "POINT (2.155958846000211 41.43746257495628)", "Type": "Bus Stop", "Evaluation": "No PID" }, "geometry": { "type": "Point", "coordinates": [ 2.155958846000211, 41.437462574956278 ] } },
{ "type": "Feature", "properties": { "CODI_PARADA": 2241, "NOM_PARADA": "Pg de Valldaura - Av Estatut de Catalunya", "MARQUESINA": 1.0, "PAL": null, "PAL SOLAR": null, "PIU": null, "GEOMETRY": "POINT (2.154002935204214 41.43653609455469)", "Type": "Bus Stop", "Evaluation": "No PID" }, "geometry": { "type": "Point", "coordinates": [ 2.154002935204214, 41.43653609455469 ] } },
{ "type": "Feature", "properties": { "CODI_PARADA": 2243, "NOM_PARADA": "Moll de Barcelona", "MARQUESINA": null, "PAL": 1.0, "PAL SOLAR": null, "PIU": null, "GEOMETRY": "POINT (2.1797636402949028 41.37242238689438)", "Type": "Bus Stop", "Evaluation": "No PID" }, "geometry": { "type": "Point", "coordinates": [ 2.179763640294903, 41.372422386894378 ] } },
{ "type": "Feature", "properties": { "CODI_PARADA": 2246, "NOM_PARADA": "Parc Logístic", "MARQUESINA": 1.0, "PAL": null, "PAL SOLAR": null, "PIU": null, "GEOMETRY": "POINT (2.124734166995661 41.34059289119079)", "Type": "Bus Stop", "Evaluation": "No PID" }, "geometry": { "type": "Point", "coordinates": [ 2.124734166995661, 41.340592891190788 ] } },
{ "type": "Feature", "properties": { "CODI_PARADA": 2247, "NOM_PARADA": "Rambla Josep M Jujol - Riera d'en Nofre", "MARQUESINA": null, "PAL": null, "PAL SOLAR": 1.0, "PIU": null, "GEOMETRY": "POINT (2.051472522984673 41.367458366596004)", "Type": "Bus Stop", "Evaluation": "No PID" }, "geometry": { "type": "Point", "coordinates": [ 2.051472522984673, 41.367458366596004 ] } },
{ "type": "Feature", "properties": { "CODI_PARADA": 2248, "NOM_PARADA": "Av Barcelona - Rius i Taulet", "MARQUESINA": null, "PAL": null, "PAL SOLAR": 1.0, "PIU": 1.0, "GEOMETRY": "POINT (2.060740647768301 41.36674546304543)", "Type": "Bus Stop", "Evaluation": "Has PID" }, "geometry": { "type": "Point", "coordinates": [ 2.060740647768301, 41.366745463045433 ] } },
{ "type": "Feature", "properties": { "CODI_PARADA": 2249, "NOM_PARADA": "Carrer número 2 - Carrer número 62", "MARQUESINA": null, "PAL": 1.0, "PAL SOLAR": null, "PIU": null, "GEOMETRY": "POINT (2.1378913788856835 41.34394170802589)", "Type": "Bus Stop", "Evaluation": "No PID" }, "geometry": { "type": "Point", "coordinates": [ 2.137891378885683, 41.343941708025888 ] } },
{ "type": "Feature", "properties": { "CODI_PARADA": 2250, "NOM_PARADA": "Carrer número 2", "MARQUESINA": null, "PAL": 1.0, "PAL SOLAR": null, "PIU": null, "GEOMETRY": "POINT (2.137980955175921 41.34381569760563)", "Type": "Bus Stop", "Evaluation": "No PID" }, "geometry": { "type": "Point", "coordinates": [ 2.137980955175921, 41.343815697605628 ] } },
{ "type": "Feature", "properties": { "CODI_PARADA": 2251, "NOM_PARADA": "Parc Logístic, anada", "MARQUESINA": null, "PAL": 1.0, "PAL SOLAR": null, "PIU": null, "GEOMETRY": "POINT (2.1310178333160197 41.34300197517573)", "Type": "Bus Stop", "Evaluation": "No PID" }, "geometry": { "type": "Point", "coordinates": [ 2.13101783331602, 41.343001975175731 ] } },
{ "type": "Feature", "properties": { "CODI_PARADA": 2252, "NOM_PARADA": "Parc Logístic, tornada", "MARQUESINA": 1.0, "PAL": null, "PAL SOLAR": null, "PIU": null, "GEOMETRY": "POINT (2.130876948903336 41.342759970290125)", "Type": "Bus Stop", "Evaluation": "No PID" }, "geometry": { "type": "Point", "coordinates": [ 2.130876948903336, 41.342759970290125 ] } },
{ "type": "Feature", "properties": { "CODI_PARADA": 2254, "NOM_PARADA": "Av Can Corts - Merçè Rodoreda", "MARQUESINA": 1.0, "PAL": null, "PAL SOLAR": null, "PIU": null, "GEOMETRY": "POINT (2.0649120162288988 41.361393319442904)", "Type": "Bus Stop", "Evaluation": "No PID" }, "geometry": { "type": "Point", "coordinates": [ 2.064912016228899, 41.361393319442904 ] } },
{ "type": "Feature", "properties": { "CODI_PARADA": 2255, "NOM_PARADA": "Segura - Escales del Polvorí", "MARQUESINA": null, "PAL": 1.0, "PAL SOLAR": null, "PIU": null, "GEOMETRY": "POINT (2.140599140027435 41.36373677597075)", "Type": "Bus Stop", "Evaluation": "No PID" }, "geometry": { "type": "Point", "coordinates": [ 2.140599140027435, 41.36373677597075 ] } },
{ "type": "Feature", "properties": { "CODI_PARADA": 2256, "NOM_PARADA": "Segura - Guadalquivir", "MARQUESINA": 1.0, "PAL": null, "PAL SOLAR": null, "PIU": null, "GEOMETRY": "POINT (2.1405981711829716 41.36385402415932)", "Type": "Bus Stop", "Evaluation": "No PID" }, "geometry": { "type": "Point", "coordinates": [ 2.140598171182972, 41.363854024159323 ] } },
{ "type": "Feature", "properties": { "CODI_PARADA": 2259, "NOM_PARADA": "Diagonal - Llull", "MARQUESINA": 1.0, "PAL": null, "PAL SOLAR": null, "PIU": null, "GEOMETRY": "POINT (2.215476882422315 41.41060463316045)", "Type": "Bus Stop", "Evaluation": "No PID" }, "geometry": { "type": "Point", "coordinates": [ 2.215476882422315, 41.410604633160453 ] } },
{ "type": "Feature", "properties": { "CODI_PARADA": 2260, "NOM_PARADA": "Metro Canyelles", "MARQUESINA": 1.0, "PAL": null, "PAL SOLAR": null, "PIU": 1.0, "GEOMETRY": "POINT (2.166796127385769 41.44194937835446)", "Type": "Bus Stop", "Evaluation": "Has PID" }, "geometry": { "type": "Point", "coordinates": [ 2.166796127385769, 41.441949378354458 ] } },
{ "type": "Feature", "properties": { "CODI_PARADA": 2261, "NOM_PARADA": "Via Favència - Pl Karl Marx", "MARQUESINA": 1.0, "PAL": null, "PAL SOLAR": null, "PIU": 1.0, "GEOMETRY": "POINT (2.1634414981988503 41.440732364531776)", "Type": "Bus Stop", "Evaluation": "Has PID" }, "geometry": { "type": "Point", "coordinates": [ 2.16344149819885, 41.440732364531776 ] } },
{ "type": "Feature", "properties": { "CODI_PARADA": 2262, "NOM_PARADA": "Diagonal - Rambla del Poblenou", "MARQUESINA": 1.0, "PAL": null, "PAL SOLAR": null, "PIU": null, "GEOMETRY": "POINT (2.1954048188715105 41.40522915019359)", "Type": "Bus Stop", "Evaluation": "No PID" }, "geometry": { "type": "Point", "coordinates": [ 2.195404818871511, 41.405229150193591 ] } },
{ "type": "Feature", "properties": { "CODI_PARADA": 2264, "NOM_PARADA": "Pg Taulat - Provençals", "MARQUESINA": 1.0, "PAL": null, "PAL SOLAR": null, "PIU": null, "GEOMETRY": "POINT (2.212377035711608 41.40493817111913)", "Type": "Bus Stop", "Evaluation": "No PID" }, "geometry": { "type": "Point", "coordinates": [ 2.212377035711608, 41.404938171119127 ] } },
{ "type": "Feature", "properties": { "CODI_PARADA": 2265, "NOM_PARADA": "Pg Taulat - Diagonal Mar", "MARQUESINA": 1.0, "PAL": null, "PAL SOLAR": null, "PIU": 1.0, "GEOMETRY": "POINT (2.2153274791662176 41.40702942431829)", "Type": "Bus Stop", "Evaluation": "Has PID" }, "geometry": { "type": "Point", "coordinates": [ 2.215327479166218, 41.407029424318289 ] } },
{ "type": "Feature", "properties": { "CODI_PARADA": 2266, "NOM_PARADA": "Pg Taulat - Diagonal Mar", "MARQUESINA": null, "PAL": 1.0, "PAL SOLAR": null, "PIU": null, "GEOMETRY": "POINT (2.2154807250968123 41.40698677070827)", "Type": "Bus Stop", "Evaluation": "No PID" }, "geometry": { "type": "Point", "coordinates": [ 2.215480725096812, 41.406986770708272 ] } },
{ "type": "Feature", "properties": { "CODI_PARADA": 2268, "NOM_PARADA": "Llull - Diagonal Mar", "MARQUESINA": 1.0, "PAL": null, "PAL SOLAR": null, "PIU": null, "GEOMETRY": "POINT (2.2130337147294252 41.40914763429516)", "Type": "Bus Stop", "Evaluation": "No PID" }, "geometry": { "type": "Point", "coordinates": [ 2.213033714729425, 41.409147634295159 ] } },
{ "type": "Feature", "properties": { "CODI_PARADA": 2269, "NOM_PARADA": "Via Favència - Barri Canyelles", "MARQUESINA": 1.0, "PAL": null, "PAL SOLAR": null, "PIU": 1.0, "GEOMETRY": "POINT (2.1695976045437453 41.442964607526505)", "Type": "Bus Stop", "Evaluation": "Has PID" }, "geometry": { "type": "Point", "coordinates": [ 2.169597604543745, 41.442964607526505 ] } },
{ "type": "Feature", "properties": { "CODI_PARADA": 2270, "NOM_PARADA": "Numància - Av Roma", "MARQUESINA": 1.0, "PAL": null, "PAL SOLAR": null, "PIU": 1.0, "GEOMETRY": "POINT (2.1413434217861638 41.38121193159132)", "Type": "Bus Stop", "Evaluation": "Has PID" }, "geometry": { "type": "Point", "coordinates": [ 2.141343421786164, 41.381211931591316 ] } },
{ "type": "Feature", "properties": { "CODI_PARADA": 2271, "NOM_PARADA": "Av Barcelona - Bon Viatge", "MARQUESINA": null, "PAL": null, "PAL SOLAR": 1.0, "PIU": 1.0, "GEOMETRY": "POINT (2.0587282262715525 41.364757227074385)", "Type": "Bus Stop", "Evaluation": "Has PID" }, "geometry": { "type": "Point", "coordinates": [ 2.058728226271552, 41.364757227074385 ] } },
{ "type": "Feature", "properties": { "CODI_PARADA": 2273, "NOM_PARADA": "Rambla Josep M Jujol - Montjuïc", "MARQUESINA": 1.0, "PAL": null, "PAL SOLAR": null, "PIU": null, "GEOMETRY": "POINT (2.056725982834123 41.36243109773914)", "Type": "Bus Stop", "Evaluation": "No PID" }, "geometry": { "type": "Point", "coordinates": [ 2.056725982834123, 41.36243109773914 ] } },
{ "type": "Feature", "properties": { "CODI_PARADA": 2274, "NOM_PARADA": "Pl de la Ciutat Gegantera", "MARQUESINA": 1.0, "PAL": null, "PAL SOLAR": null, "PIU": null, "GEOMETRY": "POINT (2.0543451189643904 41.364387640328545)", "Type": "Bus Stop", "Evaluation": "No PID" }, "geometry": { "type": "Point", "coordinates": [ 2.05434511896439, 41.364387640328545 ] } },
{ "type": "Feature", "properties": { "CODI_PARADA": 2275, "NOM_PARADA": "Major - Mercat", "MARQUESINA": null, "PAL": 1.0, "PAL SOLAR": null, "PIU": null, "GEOMETRY": "POINT (2.054931037731779 41.3668696682036)", "Type": "Bus Stop", "Evaluation": "No PID" }, "geometry": { "type": "Point", "coordinates": [ 2.054931037731779, 41.366869668203599 ] } },
{ "type": "Feature", "properties": { "CODI_PARADA": 2276, "NOM_PARADA": "Major - Montjuïc", "MARQUESINA": null, "PAL": null, "PAL SOLAR": 1.0, "PIU": null, "GEOMETRY": "POINT (2.057074174142329 41.36478752386688)", "Type": "Bus Stop", "Evaluation": "No PID" }, "geometry": { "type": "Point", "coordinates": [ 2.057074174142329, 41.36478752386688 ] } },
{ "type": "Feature", "properties": { "CODI_PARADA": 2279, "NOM_PARADA": "Pg Reina Elisenda - Av JV Foix", "MARQUESINA": null, "PAL": 1.0, "PAL SOLAR": null, "PIU": null, "GEOMETRY": "POINT (2.1185396132755936 41.398388301027516)", "Type": "Bus Stop", "Evaluation": "No PID" }, "geometry": { "type": "Point", "coordinates": [ 2.118539613275594, 41.398388301027516 ] } },
{ "type": "Feature", "properties": { "CODI_PARADA": 2281, "NOM_PARADA": "Av de Vallbona - CAP Ctat Meridiana", "MARQUESINA": 1.0, "PAL": null, "PAL SOLAR": null, "PIU": 1.0, "GEOMETRY": "POINT (2.1807076103539003 41.46093029605893)", "Type": "Bus Stop", "Evaluation": "Has PID" }, "geometry": { "type": "Point", "coordinates": [ 2.1807076103539, 41.460930296058933 ] } },
{ "type": "Feature", "properties": { "CODI_PARADA": 2282, "NOM_PARADA": "Av de Vallbona", "MARQUESINA": 1.0, "PAL": null, "PAL SOLAR": null, "PIU": null, "GEOMETRY": "POINT (2.1839498915805025 41.45836837117866)", "Type": "Bus Stop", "Evaluation": "No PID" }, "geometry": { "type": "Point", "coordinates": [ 2.183949891580502, 41.458368371178658 ] } },
{ "type": "Feature", "properties": { "CODI_PARADA": 2287, "NOM_PARADA": "Via Augusta - Doctor Roux", "MARQUESINA": null, "PAL": 1.0, "PAL SOLAR": null, "PIU": null, "GEOMETRY": "POINT (2.1312742738218238 41.397838833842684)", "Type": "Bus Stop", "Evaluation": "No PID" }, "geometry": { "type": "Point", "coordinates": [ 2.131274273821824, 41.397838833842684 ] } },
{ "type": "Feature", "properties": { "CODI_PARADA": 2288, "NOM_PARADA": "Via Augusta - Ronda General Mitre", "MARQUESINA": 1.0, "PAL": null, "PAL SOLAR": null, "PIU": 1.0, "GEOMETRY": "POINT (2.133598640456602 41.39784904377412)", "Type": "Bus Stop", "Evaluation": "Has PID" }, "geometry": { "type": "Point", "coordinates": [ 2.133598640456602, 41.397849043774123 ] } },
{ "type": "Feature", "properties": { "CODI_PARADA": 2289, "NOM_PARADA": "Pujades - Provençals", "MARQUESINA": 1.0, "PAL": null, "PAL SOLAR": null, "PIU": 1.0, "GEOMETRY": "POINT (2.2087075799372453 41.40774950828865)", "Type": "Bus Stop", "Evaluation": "Has PID" }, "geometry": { "type": "Point", "coordinates": [ 2.208707579937245, 41.407749508288653 ] } },
{ "type": "Feature", "properties": { "CODI_PARADA": 2293, "NOM_PARADA": "Sardenya - Pujades", "MARQUESINA": 1.0, "PAL": null, "PAL SOLAR": null, "PIU": 1.0, "GEOMETRY": "POINT (2.1885363169482592 41.39181315144958)", "Type": "Bus Stop", "Evaluation": "Has PID" }, "geometry": { "type": "Point", "coordinates": [ 2.188536316948259, 41.391813151449583 ] } },
{ "type": "Feature", "properties": { "CODI_PARADA": 2294, "NOM_PARADA": "Ramon Trias Fargas - Doctor Trueta", "MARQUESINA": 1.0, "PAL": null, "PAL SOLAR": null, "PIU": 1.0, "GEOMETRY": "POINT (2.1907418134306917 41.39016148614872)", "Type": "Bus Stop", "Evaluation": "Has PID" }, "geometry": { "type": "Point", "coordinates": [ 2.190741813430692, 41.39016148614872 ] } },
{ "type": "Feature", "properties": { "CODI_PARADA": 2295, "NOM_PARADA": "Icària - Parc Carles I", "MARQUESINA": null, "PAL": 1.0, "PAL SOLAR": null, "PIU": null, "GEOMETRY": "POINT (2.193924927498019 41.38842895743235)", "Type": "Bus Stop", "Evaluation": "No PID" }, "geometry": { "type": "Point", "coordinates": [ 2.193924927498019, 41.388428957432353 ] } },
{ "type": "Feature", "properties": { "CODI_PARADA": 2299, "NOM_PARADA": "Pl de la Tulipa - Satèl·lits", "MARQUESINA": null, "PAL": 1.0, "PAL SOLAR": null, "PIU": null, "GEOMETRY": "POINT (2.0964949455619823 41.427897845549)", "Type": "Bus Stop", "Evaluation": "No PID" }, "geometry": { "type": "Point", "coordinates": [ 2.096494945561982, 41.427897845548998 ] } },
{ "type": "Feature", "properties": { "CODI_PARADA": 2300, "NOM_PARADA": "Orellana - Passatge Ossa Major", "MARQUESINA": null, "PAL": 1.0, "PAL SOLAR": null, "PIU": null, "GEOMETRY": "POINT (2.0961445624015718 41.42939667098275)", "Type": "Bus Stop", "Evaluation": "No PID" }, "geometry": { "type": "Point", "coordinates": [ 2.096144562401572, 41.429396670982747 ] } },
{ "type": "Feature", "properties": { "CODI_PARADA": 2301, "NOM_PARADA": "Orellana, direcció El Rectoret", "MARQUESINA": null, "PAL": 1.0, "PAL SOLAR": null, "PIU": null, "GEOMETRY": "POINT (2.0966583483752386 41.431628971586136)", "Type": "Bus Stop", "Evaluation": "No PID" }, "geometry": { "type": "Point", "coordinates": [ 2.096658348375239, 41.431628971586136 ] } },
{ "type": "Feature", "properties": { "CODI_PARADA": 2302, "NOM_PARADA": "Orellana, direcció Vallvidrera", "MARQUESINA": null, "PAL": 1.0, "PAL SOLAR": null, "PIU": null, "GEOMETRY": "POINT (2.0965451120175613 41.43163077623501)", "Type": "Bus Stop", "Evaluation": "No PID" }, "geometry": { "type": "Point", "coordinates": [ 2.096545112017561, 41.431630776235011 ] } },
{ "type": "Feature", "properties": { "CODI_PARADA": 2303, "NOM_PARADA": "Orellana", "MARQUESINA": null, "PAL": 1.0, "PAL SOLAR": null, "PIU": null, "GEOMETRY": "POINT (2.0960850910608126 41.4293881243901)", "Type": "Bus Stop", "Evaluation": "No PID" }, "geometry": { "type": "Point", "coordinates": [ 2.096085091060813, 41.429388124390101 ] } },
{ "type": "Feature", "properties": { "CODI_PARADA": 2304, "NOM_PARADA": "Pl de la Tulipa - Traviata", "MARQUESINA": null, "PAL": 1.0, "PAL SOLAR": null, "PIU": null, "GEOMETRY": "POINT (2.096500332783434 41.42780097680124)", "Type": "Bus Stop", "Evaluation": "No PID" }, "geometry": { "type": "Point", "coordinates": [ 2.096500332783434, 41.427800976801237 ] } },
{ "type": "Feature", "properties": { "CODI_PARADA": 2306, "NOM_PARADA": "Pg Marítim", "MARQUESINA": 1.0, "PAL": null, "PAL SOLAR": null, "PIU": null, "GEOMETRY": "POINT (2.1963011992228587 41.385225851086155)", "Type": "Bus Stop", "Evaluation": "No PID" }, "geometry": { "type": "Point", "coordinates": [ 2.196301199222859, 41.385225851086155 ] } },
{ "type": "Feature", "properties": { "CODI_PARADA": 2307, "NOM_PARADA": "Doctor Font i Quer - Tarongers", "MARQUESINA": null, "PAL": 1.0, "PAL SOLAR": null, "PIU": null, "GEOMETRY": "POINT (2.1624986228163454 41.36715488480209)", "Type": "Bus Stop", "Evaluation": "No PID" }, "geometry": { "type": "Point", "coordinates": [ 2.162498622816345, 41.36715488480209 ] } },
{ "type": "Feature", "properties": { "CODI_PARADA": 2308, "NOM_PARADA": "Doctor Font i Quer - Can Valero", "MARQUESINA": null, "PAL": 1.0, "PAL SOLAR": null, "PIU": null, "GEOMETRY": "POINT (2.1605538264503914 41.365839639487355)", "Type": "Bus Stop", "Evaluation": "No PID" }, "geometry": { "type": "Point", "coordinates": [ 2.160553826450391, 41.365839639487355 ] } },
{ "type": "Feature", "properties": { "CODI_PARADA": 2309, "NOM_PARADA": "Av Miramar - Pl Dante", "MARQUESINA": null, "PAL": 1.0, "PAL SOLAR": null, "PIU": null, "GEOMETRY": "POINT (2.1657876132930305 41.36900232539651)", "Type": "Bus Stop", "Evaluation": "No PID" }, "geometry": { "type": "Point", "coordinates": [ 2.16578761329303, 41.369002325396508 ] } },
{ "type": "Feature", "properties": { "CODI_PARADA": 2310, "NOM_PARADA": "Av Miramar - Pl Carlos Ibáñez", "MARQUESINA": 1.0, "PAL": null, "PAL SOLAR": null, "PIU": null, "GEOMETRY": "POINT (2.168879172182211 41.37025551427328)", "Type": "Bus Stop", "Evaluation": "No PID" }, "geometry": { "type": "Point", "coordinates": [ 2.168879172182211, 41.370255514273282 ] } },
{ "type": "Feature", "properties": { "CODI_PARADA": 2311, "NOM_PARADA": "Museu Nacional - Museu Etnològic", "MARQUESINA": null, "PAL": 1.0, "PAL SOLAR": null, "PIU": null, "GEOMETRY": "POINT (2.1561691281095006 41.368603223200154)", "Type": "Bus Stop", "Evaluation": "No PID" }, "geometry": { "type": "Point", "coordinates": [ 2.156169128109501, 41.368603223200154 ] } },
{ "type": "Feature", "properties": { "CODI_PARADA": 2315, "NOM_PARADA": "Castell", "MARQUESINA": null, "PAL": 1.0, "PAL SOLAR": null, "PIU": null, "GEOMETRY": "POINT (2.167015095074307 41.36506996456787)", "Type": "Bus Stop", "Evaluation": "No PID" }, "geometry": { "type": "Point", "coordinates": [ 2.167015095074307, 41.365069964567873 ] } },
{ "type": "Feature", "properties": { "CODI_PARADA": 2316, "NOM_PARADA": "Sagrada Família", "MARQUESINA": null, "PAL": null, "PAL SOLAR": 1.0, "PIU": null, "GEOMETRY": "POINT (2.1737929244410705 41.40296746628726)", "Type": "Bus Stop", "Evaluation": "No PID" }, "geometry": { "type": "Point", "coordinates": [ 2.173792924441071, 41.402967466287258 ] } },
{ "type": "Feature", "properties": { "CODI_PARADA": 2317, "NOM_PARADA": "Via Sant Jordi", "MARQUESINA": null, "PAL": 1.0, "PAL SOLAR": null, "PIU": null, "GEOMETRY": "POINT (2.157602450625807 41.3557324444152)", "Type": "Bus Stop", "Evaluation": "No PID" }, "geometry": { "type": "Point", "coordinates": [ 2.157602450625807, 41.355732444415203 ] } },
{ "type": "Feature", "properties": { "CODI_PARADA": 2318, "NOM_PARADA": "Sagrat Cor", "MARQUESINA": null, "PAL": 1.0, "PAL SOLAR": null, "PIU": null, "GEOMETRY": "POINT (2.149972132064831 41.35533655375391)", "Type": "Bus Stop", "Evaluation": "No PID" }, "geometry": { "type": "Point", "coordinates": [ 2.149972132064831, 41.355336553753908 ] } },
{ "type": "Feature", "properties": { "CODI_PARADA": 2319, "NOM_PARADA": "Via Sant Oleguer", "MARQUESINA": null, "PAL": 1.0, "PAL SOLAR": null, "PIU": null, "GEOMETRY": "POINT (2.1540926244680545 41.35446586012589)", "Type": "Bus Stop", "Evaluation": "No PID" }, "geometry": { "type": "Point", "coordinates": [ 2.154092624468054, 41.354465860125892 ] } },
{ "type": "Feature", "properties": { "CODI_PARADA": 2320, "NOM_PARADA": "Via Santa Eulàlia", "MARQUESINA": null, "PAL": 1.0, "PAL SOLAR": null, "PIU": null, "GEOMETRY": "POINT (2.1527144928416586 41.352876522807435)", "Type": "Bus Stop", "Evaluation": "No PID" }, "geometry": { "type": "Point", "coordinates": [ 2.152714492841659, 41.352876522807435 ] } },
{ "type": "Feature", "properties": { "CODI_PARADA": 2321, "NOM_PARADA": "Metro Torras i Bages", "MARQUESINA": 1.0, "PAL": null, "PAL SOLAR": null, "PIU": null, "GEOMETRY": "POINT (2.1908611225202645 41.44275334978805)", "Type": "Bus Stop", "Evaluation": "No PID" }, "geometry": { "type": "Point", "coordinates": [ 2.190861122520265, 41.442753349788049 ] } },
{ "type": "Feature", "properties": { "CODI_PARADA": 2322, "NOM_PARADA": "Gran de Sant Andreu - Palomar", "MARQUESINA": 1.0, "PAL": null, "PAL SOLAR": null, "PIU": 1.0, "GEOMETRY": "POINT (2.188216677660074 41.442239351852855)", "Type": "Bus Stop", "Evaluation": "Has PID" }, "geometry": { "type": "Point", "coordinates": [ 2.188216677660074, 41.442239351852855 ] } },
{ "type": "Feature", "properties": { "CODI_PARADA": 2323, "NOM_PARADA": "Pl Miquel Casablancas", "MARQUESINA": 1.0, "PAL": null, "PAL SOLAR": null, "PIU": null, "GEOMETRY": "POINT (2.186419580220157 41.43970999363295)", "Type": "Bus Stop", "Evaluation": "No PID" }, "geometry": { "type": "Point", "coordinates": [ 2.186419580220157, 41.439709993632952 ] } },
{ "type": "Feature", "properties": { "CODI_PARADA": 2324, "NOM_PARADA": "Av de l'Estadi - Vivers", "MARQUESINA": null, "PAL": 1.0, "PAL SOLAR": null, "PIU": null, "GEOMETRY": "POINT (2.158379960052871 41.36709903498586)", "Type": "Bus Stop", "Evaluation": "No PID" }, "geometry": { "type": "Point", "coordinates": [ 2.158379960052871, 41.367099034985863 ] } },
{ "type": "Feature", "properties": { "CODI_PARADA": 2325, "NOM_PARADA": "Can Valero - Pg del Migdia", "MARQUESINA": 1.0, "PAL": null, "PAL SOLAR": null, "PIU": null, "GEOMETRY": "POINT (2.161236778706128 41.36270838131244)", "Type": "Bus Stop", "Evaluation": "No PID" }, "geometry": { "type": "Point", "coordinates": [ 2.161236778706128, 41.362708381312437 ] } },
{ "type": "Feature", "properties": { "CODI_PARADA": 2326, "NOM_PARADA": "Pl de la Sardana", "MARQUESINA": null, "PAL": 1.0, "PAL SOLAR": null, "PIU": null, "GEOMETRY": "POINT (2.1688706239555695 41.36792352090674)", "Type": "Bus Stop", "Evaluation": "No PID" }, "geometry": { "type": "Point", "coordinates": [ 2.16887062395557, 41.367923520906743 ] } },
{ "type": "Feature", "properties": { "CODI_PARADA": 2327, "NOM_PARADA": "Torre Baró", "MARQUESINA": 1.0, "PAL": null, "PAL SOLAR": null, "PIU": null, "GEOMETRY": "POINT (2.184010981053819 41.458429862322866)", "Type": "Bus Stop", "Evaluation": "No PID" }, "geometry": { "type": "Point", "coordinates": [ 2.184010981053819, 41.458429862322866 ] } },
{ "type": "Feature", "properties": { "CODI_PARADA": 2328, "NOM_PARADA": "Estació RENFE", "MARQUESINA": 1.0, "PAL": null, "PAL SOLAR": null, "PIU": 1.0, "GEOMETRY": "POINT (2.180416756933321 41.461285273005714)", "Type": "Bus Stop", "Evaluation": "Has PID" }, "geometry": { "type": "Point", "coordinates": [ 2.180416756933321, 41.461285273005714 ] } },
{ "type": "Feature", "properties": { "CODI_PARADA": 2330, "NOM_PARADA": "Av Rasos de Peguera - Pl Roja", "MARQUESINA": 1.0, "PAL": null, "PAL SOLAR": null, "PIU": 1.0, "GEOMETRY": "POINT (2.1784942491157655 41.46157177086797)", "Type": "Bus Stop", "Evaluation": "Has PID" }, "geometry": { "type": "Point", "coordinates": [ 2.178494249115766, 41.46157177086797 ] } },
{ "type": "Feature", "properties": { "CODI_PARADA": 2331, "NOM_PARADA": "Av Rasos de Peguera - Costabona", "MARQUESINA": null, "PAL": 1.0, "PAL SOLAR": null, "PIU": null, "GEOMETRY": "POINT (2.1766824625122934 41.460281359849034)", "Type": "Bus Stop", "Evaluation": "No PID" }, "geometry": { "type": "Point", "coordinates": [ 2.176682462512293, 41.460281359849034 ] } },
{ "type": "Feature", "properties": { "CODI_PARADA": 2332, "NOM_PARADA": "Vallcivera - Moixeró", "MARQUESINA": null, "PAL": 1.0, "PAL SOLAR": null, "PIU": null, "GEOMETRY": "POINT (2.1767804187850293 41.4595375713799)", "Type": "Bus Stop", "Evaluation": "No PID" }, "geometry": { "type": "Point", "coordinates": [ 2.176780418785029, 41.459537571379897 ] } },
{ "type": "Feature", "properties": { "CODI_PARADA": 2335, "NOM_PARADA": "València - Rogent", "MARQUESINA": null, "PAL": null, "PAL SOLAR": 1.0, "PIU": 1.0, "GEOMETRY": "POINT (2.1856123361575497 41.40934537604797)", "Type": "Bus Stop", "Evaluation": "Has PID" }, "geometry": { "type": "Point", "coordinates": [ 2.18561233615755, 41.409345376047973 ] } },
{ "type": "Feature", "properties": { "CODI_PARADA": 2336, "NOM_PARADA": "Pg Zona Franca - Foc", "MARQUESINA": 1.0, "PAL": null, "PAL SOLAR": null, "PIU": 1.0, "GEOMETRY": "POINT (2.141339534847065 41.35671386531426)", "Type": "Bus Stop", "Evaluation": "Has PID" }, "geometry": { "type": "Point", "coordinates": [ 2.141339534847065, 41.356713865314262 ] } },
{ "type": "Feature", "properties": { "CODI_PARADA": 2341, "NOM_PARADA": "Museu Nacional - Museu Etnològic", "MARQUESINA": null, "PAL": 1.0, "PAL SOLAR": null, "PIU": null, "GEOMETRY": "POINT (2.156073070931966 41.368542556089906)", "Type": "Bus Stop", "Evaluation": "No PID" }, "geometry": { "type": "Point", "coordinates": [ 2.156073070931966, 41.368542556089906 ] } },
{ "type": "Feature", "properties": { "CODI_PARADA": 2345, "NOM_PARADA": "València - Viladomat", "MARQUESINA": 1.0, "PAL": null, "PAL SOLAR": null, "PIU": 1.0, "GEOMETRY": "POINT (2.1513030729590037 41.3835759022604)", "Type": "Bus Stop", "Evaluation": "Has PID" }, "geometry": { "type": "Point", "coordinates": [ 2.151303072959004, 41.383575902260397 ] } },
{ "type": "Feature", "properties": { "CODI_PARADA": 2349, "NOM_PARADA": "Dante Alighieri - Pantà de Tremp", "MARQUESINA": null, "PAL": 1.0, "PAL SOLAR": null, "PIU": null, "GEOMETRY": "POINT (2.1536748513938315 41.42553608989175)", "Type": "Bus Stop", "Evaluation": "No PID" }, "geometry": { "type": "Point", "coordinates": [ 2.153674851393832, 41.42553608989175 ] } },
{ "type": "Feature", "properties": { "CODI_PARADA": 2350, "NOM_PARADA": "Lisboa - Av Estatut de Catalunya", "MARQUESINA": 1.0, "PAL": null, "PAL SOLAR": null, "PIU": null, "GEOMETRY": "POINT (2.157518308021115 41.42924348882722)", "Type": "Bus Stop", "Evaluation": "No PID" }, "geometry": { "type": "Point", "coordinates": [ 2.157518308021115, 41.429243488827218 ] } },
{ "type": "Feature", "properties": { "CODI_PARADA": 2351, "NOM_PARADA": "Tajo - Baixada Mercat", "MARQUESINA": null, "PAL": 1.0, "PAL SOLAR": null, "PIU": null, "GEOMETRY": "POINT (2.160138262123116 41.42973045712878)", "Type": "Bus Stop", "Evaluation": "No PID" }, "geometry": { "type": "Point", "coordinates": [ 2.160138262123116, 41.429730457128777 ] } },
{ "type": "Feature", "properties": { "CODI_PARADA": 2354, "NOM_PARADA": "Hedilla - Porrera", "MARQUESINA": null, "PAL": 1.0, "PAL SOLAR": null, "PIU": null, "GEOMETRY": "POINT (2.159625622957779 41.43678720946261)", "Type": "Bus Stop", "Evaluation": "No PID" }, "geometry": { "type": "Point", "coordinates": [ 2.159625622957779, 41.436787209462608 ] } },
{ "type": "Feature", "properties": { "CODI_PARADA": 2355, "NOM_PARADA": "Pg Universal - Pg de Valldaura", "MARQUESINA": null, "PAL": 1.0, "PAL SOLAR": null, "PIU": null, "GEOMETRY": "POINT (2.159917738281575 41.43852176972026)", "Type": "Bus Stop", "Evaluation": "No PID" }, "geometry": { "type": "Point", "coordinates": [ 2.159917738281575, 41.438521769720261 ] } },
{ "type": "Feature", "properties": { "CODI_PARADA": 2356, "NOM_PARADA": "Cementiri d'Horta", "MARQUESINA": null, "PAL": 1.0, "PAL SOLAR": null, "PIU": null, "GEOMETRY": "POINT (2.1552679165423347 41.440666384895295)", "Type": "Bus Stop", "Evaluation": "No PID" }, "geometry": { "type": "Point", "coordinates": [ 2.155267916542335, 41.440666384895295 ] } },
{ "type": "Feature", "properties": { "CODI_PARADA": 2362, "NOM_PARADA": "Santa Amèlia - Capità Arenas", "MARQUESINA": 1.0, "PAL": null, "PAL SOLAR": null, "PIU": null, "GEOMETRY": "POINT (2.1240732289539253 41.394193716439794)", "Type": "Bus Stop", "Evaluation": "No PID" }, "geometry": { "type": "Point", "coordinates": [ 2.124073228953925, 41.394193716439794 ] } },
{ "type": "Feature", "properties": { "CODI_PARADA": 2363, "NOM_PARADA": "Gran Via - Radi", "MARQUESINA": 1.0, "PAL": null, "PAL SOLAR": null, "PIU": 1.0, "GEOMETRY": "POINT (2.1344402265541818 41.363662045112825)", "Type": "Bus Stop", "Evaluation": "Has PID" }, "geometry": { "type": "Point", "coordinates": [ 2.134440226554182, 41.363662045112825 ] } },
{ "type": "Feature", "properties": { "CODI_PARADA": 2367, "NOM_PARADA": "Ptge Garrofers - Varsòvia", "MARQUESINA": null, "PAL": 1.0, "PAL SOLAR": null, "PIU": null, "GEOMETRY": "POINT (2.173158488021688 41.41857190792456)", "Type": "Bus Stop", "Evaluation": "No PID" }, "geometry": { "type": "Point", "coordinates": [ 2.173158488021688, 41.418571907924559 ] } },
{ "type": "Feature", "properties": { "CODI_PARADA": 2371, "NOM_PARADA": "Av de l'Onze de Setembre - Roure", "MARQUESINA": 1.0, "PAL": null, "PAL SOLAR": null, "PIU": null, "GEOMETRY": "POINT (2.0820335025298418 41.31833430654082)", "Type": "Bus Stop", "Evaluation": "No PID" }, "geometry": { "type": "Point", "coordinates": [ 2.082033502529842, 41.31833430654082 ] } },
{ "type": "Feature", "properties": { "CODI_PARADA": 2372, "NOM_PARADA": "Canudas - Muntades", "MARQUESINA": null, "PAL": 1.0, "PAL SOLAR": null, "PIU": null, "GEOMETRY": "POINT (2.075689945109181 41.31691552326568)", "Type": "Bus Stop", "Evaluation": "No PID" }, "geometry": { "type": "Point", "coordinates": [ 2.075689945109181, 41.316915523265678 ] } },
{ "type": "Feature", "properties": { "CODI_PARADA": 2373, "NOM_PARADA": "Mas Blau", "MARQUESINA": null, "PAL": 1.0, "PAL SOLAR": null, "PIU": null, "GEOMETRY": "POINT (2.0720581104754987 41.31616287507653)", "Type": "Bus Stop", "Evaluation": "No PID" }, "geometry": { "type": "Point", "coordinates": [ 2.072058110475499, 41.316162875076529 ] } },
{ "type": "Feature", "properties": { "CODI_PARADA": 2374, "NOM_PARADA": "Canudas - Av Onze de Setembre", "MARQUESINA": null, "PAL": 1.0, "PAL SOLAR": null, "PIU": null, "GEOMETRY": "POINT (2.0755552159310082 41.31606901655018)", "Type": "Bus Stop", "Evaluation": "No PID" }, "geometry": { "type": "Point", "coordinates": [ 2.075555215931008, 41.31606901655018 ] } },
{ "type": "Feature", "properties": { "CODI_PARADA": 2375, "NOM_PARADA": "Av Onze de Setembre - Riu Anoia", "MARQUESINA": null, "PAL": null, "PAL SOLAR": 1.0, "PIU": 1.0, "GEOMETRY": "POINT (2.082042864474419 41.31812599138808)", "Type": "Bus Stop", "Evaluation": "Has PID" }, "geometry": { "type": "Point", "coordinates": [ 2.082042864474419, 41.318125991388079 ] } },
{ "type": "Feature", "properties": { "CODI_PARADA": 2383, "NOM_PARADA": "Ronda de Dalt - Av J V Foix", "MARQUESINA": 1.0, "PAL": null, "PAL SOLAR": null, "PIU": null, "GEOMETRY": "POINT (2.114209758214324 41.40146067701983)", "Type": "Bus Stop", "Evaluation": "No PID" }, "geometry": { "type": "Point", "coordinates": [ 2.114209758214324, 41.401460677019827 ] } },
{ "type": "Feature", "properties": { "CODI_PARADA": 2384, "NOM_PARADA": "Santa Amèlia", "MARQUESINA": null, "PAL": 1.0, "PAL SOLAR": null, "PIU": null, "GEOMETRY": "POINT (2.1219750591941082 41.39307473610748)", "Type": "Bus Stop", "Evaluation": "No PID" }, "geometry": { "type": "Point", "coordinates": [ 2.121975059194108, 41.393074736107479 ] } },
{ "type": "Feature", "properties": { "CODI_PARADA": 2385, "NOM_PARADA": "Av J V Foix - Pedró de la Creu", "MARQUESINA": 1.0, "PAL": null, "PAL SOLAR": null, "PIU": null, "GEOMETRY": "POINT (2.120107654074046 41.395579959592396)", "Type": "Bus Stop", "Evaluation": "No PID" }, "geometry": { "type": "Point", "coordinates": [ 2.120107654074046, 41.395579959592396 ] } },
{ "type": "Feature", "properties": { "CODI_PARADA": 2387, "NOM_PARADA": "Av J V Foix - Pg Reina Elisenda", "MARQUESINA": 1.0, "PAL": null, "PAL SOLAR": null, "PIU": 1.0, "GEOMETRY": "POINT (2.1192194532395385 41.39809813036317)", "Type": "Bus Stop", "Evaluation": "Has PID" }, "geometry": { "type": "Point", "coordinates": [ 2.119219453239539, 41.398098130363167 ] } },
{ "type": "Feature", "properties": { "CODI_PARADA": 2388, "NOM_PARADA": "Av J V Foix - Monestir", "MARQUESINA": 1.0, "PAL": null, "PAL SOLAR": null, "PIU": null, "GEOMETRY": "POINT (2.1167068568517267 41.39958600565031)", "Type": "Bus Stop", "Evaluation": "No PID" }, "geometry": { "type": "Point", "coordinates": [ 2.116706856851727, 41.399586005650313 ] } },
{ "type": "Feature", "properties": { "CODI_PARADA": 2389, "NOM_PARADA": "Av J V Foix - Monestir", "MARQUESINA": null, "PAL": 1.0, "PAL SOLAR": null, "PIU": null, "GEOMETRY": "POINT (2.1173879284677533 41.3990659274221)", "Type": "Bus Stop", "Evaluation": "No PID" }, "geometry": { "type": "Point", "coordinates": [ 2.117387928467753, 41.3990659274221 ] } },
{ "type": "Feature", "properties": { "CODI_PARADA": 2390, "NOM_PARADA": "Av J V Foix - Pg Reina Elisenda", "MARQUESINA": 1.0, "PAL": null, "PAL SOLAR": null, "PIU": 1.0, "GEOMETRY": "POINT (2.119088578107164 41.39802496999477)", "Type": "Bus Stop", "Evaluation": "Has PID" }, "geometry": { "type": "Point", "coordinates": [ 2.119088578107164, 41.398024969994772 ] } },
{ "type": "Feature", "properties": { "CODI_PARADA": 2392, "NOM_PARADA": "Cardenal Reig - Pintor Tapiró", "MARQUESINA": 1.0, "PAL": null, "PAL SOLAR": null, "PIU": null, "GEOMETRY": "POINT (2.117166340837165 41.378389643350474)", "Type": "Bus Stop", "Evaluation": "No PID" }, "geometry": { "type": "Point", "coordinates": [ 2.117166340837165, 41.378389643350474 ] } },
{ "type": "Feature", "properties": { "CODI_PARADA": 2394, "NOM_PARADA": "Tiana - Campins", "MARQUESINA": 1.0, "PAL": null, "PAL SOLAR": null, "PIU": 1.0, "GEOMETRY": "POINT (2.2009511031202083 41.44763967126456)", "Type": "Bus Stop", "Evaluation": "Has PID" }, "geometry": { "type": "Point", "coordinates": [ 2.200951103120208, 41.447639671264561 ] } },
{ "type": "Feature", "properties": { "CODI_PARADA": 2395, "NOM_PARADA": "Aneto - Montmajor", "MARQUESINA": 1.0, "PAL": null, "PAL SOLAR": null, "PIU": null, "GEOMETRY": "POINT (2.170243276096925 41.43282877530228)", "Type": "Bus Stop", "Evaluation": "No PID" }, "geometry": { "type": "Point", "coordinates": [ 2.170243276096925, 41.432828775302283 ] } },
{ "type": "Feature", "properties": { "CODI_PARADA": 2398, "NOM_PARADA": "Pg d'Urrutia - Cistellet", "MARQUESINA": null, "PAL": 1.0, "PAL SOLAR": null, "PIU": null, "GEOMETRY": "POINT (2.16568725631659 41.435848556017206)", "Type": "Bus Stop", "Evaluation": "No PID" }, "geometry": { "type": "Point", "coordinates": [ 2.16568725631659, 41.435848556017206 ] } },
{ "type": "Feature", "properties": { "CODI_PARADA": 2399, "NOM_PARADA": "Riera Blanca - Les Corts", "MARQUESINA": 1.0, "PAL": null, "PAL SOLAR": null, "PIU": null, "GEOMETRY": "POINT (2.12141772242706 41.37748758208265)", "Type": "Bus Stop", "Evaluation": "No PID" }, "geometry": { "type": "Point", "coordinates": [ 2.12141772242706, 41.377487582082651 ] } },
{ "type": "Feature", "properties": { "CODI_PARADA": 2400, "NOM_PARADA": "Pg d'Urrutia - Rocabruna", "MARQUESINA": null, "PAL": 1.0, "PAL SOLAR": null, "PIU": null, "GEOMETRY": "POINT (2.167641598454134 41.435330737226984)", "Type": "Bus Stop", "Evaluation": "No PID" }, "geometry": { "type": "Point", "coordinates": [ 2.167641598454134, 41.435330737226984 ] } },
{ "type": "Feature", "properties": { "CODI_PARADA": 2401, "NOM_PARADA": "Montsant - Cadí", "MARQUESINA": 1.0, "PAL": null, "PAL SOLAR": null, "PIU": null, "GEOMETRY": "POINT (2.1702637903287045 41.43346115738382)", "Type": "Bus Stop", "Evaluation": "No PID" }, "geometry": { "type": "Point", "coordinates": [ 2.170263790328705, 41.433461157383817 ] } },
{ "type": "Feature", "properties": { "CODI_PARADA": 2402, "NOM_PARADA": "Montmajor - Pg de la Peira", "MARQUESINA": 1.0, "PAL": null, "PAL SOLAR": null, "PIU": null, "GEOMETRY": "POINT (2.1705029898629404 41.43228055093711)", "Type": "Bus Stop", "Evaluation": "No PID" }, "geometry": { "type": "Point", "coordinates": [ 2.17050298986294, 41.432280550937108 ] } },
{ "type": "Feature", "properties": { "CODI_PARADA": 2404, "NOM_PARADA": "Cartellà - Pl d'Àlvaro Cunqueiro", "MARQUESINA": 1.0, "PAL": null, "PAL SOLAR": null, "PIU": null, "GEOMETRY": "POINT (2.169080554463104 41.428547645987834)", "Type": "Bus Stop", "Evaluation": "No PID" }, "geometry": { "type": "Point", "coordinates": [ 2.169080554463104, 41.428547645987834 ] } },
{ "type": "Feature", "properties": { "CODI_PARADA": 2405, "NOM_PARADA": "Cartellà - Amílcar", "MARQUESINA": 1.0, "PAL": null, "PAL SOLAR": null, "PIU": null, "GEOMETRY": "POINT (2.1726591966169453 41.42768441971734)", "Type": "Bus Stop", "Evaluation": "No PID" }, "geometry": { "type": "Point", "coordinates": [ 2.172659196616945, 41.427684419717338 ] } },
{ "type": "Feature", "properties": { "CODI_PARADA": 2407, "NOM_PARADA": "Narcís Monturiol - Beat Oriol", "MARQUESINA": null, "PAL": 1.0, "PAL SOLAR": null, "PIU": null, "GEOMETRY": "POINT (2.1813055049652768 41.49158796003786)", "Type": "Bus Stop", "Evaluation": "No PID" }, "geometry": { "type": "Point", "coordinates": [ 2.181305504965277, 41.491587960037862 ] } },
{ "type": "Feature", "properties": { "CODI_PARADA": 2408, "NOM_PARADA": "Ctra BV 1411 - Pau Casals", "MARQUESINA": null, "PAL": 1.0, "PAL SOLAR": null, "PIU": null, "GEOMETRY": "POINT (2.1780361315382772 41.493220474070746)", "Type": "Bus Stop", "Evaluation": "No PID" }, "geometry": { "type": "Point", "coordinates": [ 2.178036131538277, 41.493220474070746 ] } },
{ "type": "Feature", "properties": { "CODI_PARADA": 2409, "NOM_PARADA": "Bach - Ctra BV 1411", "MARQUESINA": null, "PAL": 1.0, "PAL SOLAR": null, "PIU": null, "GEOMETRY": "POINT (2.1777511404031378 41.49087692131894)", "Type": "Bus Stop", "Evaluation": "No PID" }, "geometry": { "type": "Point", "coordinates": [ 2.177751140403138, 41.490876921318943 ] } },
{ "type": "Feature", "properties": { "CODI_PARADA": 2410, "NOM_PARADA": "Av Ferreria - Química", "MARQUESINA": null, "PAL": 1.0, "PAL SOLAR": null, "PIU": null, "GEOMETRY": "POINT (2.1779433735347262 41.48503502395235)", "Type": "Bus Stop", "Evaluation": "No PID" }, "geometry": { "type": "Point", "coordinates": [ 2.177943373534726, 41.485035023952349 ] } },
{ "type": "Feature", "properties": { "CODI_PARADA": 2412, "NOM_PARADA": "Bach - Beat Oriol", "MARQUESINA": null, "PAL": 1.0, "PAL SOLAR": null, "PIU": null, "GEOMETRY": "POINT (2.1780315277793276 41.49133346238237)", "Type": "Bus Stop", "Evaluation": "No PID" }, "geometry": { "type": "Point", "coordinates": [ 2.178031527779328, 41.491333462382372 ] } },
{ "type": "Feature", "properties": { "CODI_PARADA": 2414, "NOM_PARADA": "Narcís Monturiol - Indústria", "MARQUESINA": null, "PAL": 1.0, "PAL SOLAR": null, "PIU": null, "GEOMETRY": "POINT (2.1812272187352497 41.49179257297257)", "Type": "Bus Stop", "Evaluation": "No PID" }, "geometry": { "type": "Point", "coordinates": [ 2.18122721873525, 41.491792572972571 ] } },
{ "type": "Feature", "properties": { "CODI_PARADA": 2415, "NOM_PARADA": "Garriga i Roca - Av Mare de Déu de Montserrat", "MARQUESINA": null, "PAL": 1.0, "PAL SOLAR": null, "PIU": null, "GEOMETRY": "POINT (2.171905246474213 41.41907455305408)", "Type": "Bus Stop", "Evaluation": "No PID" }, "geometry": { "type": "Point", "coordinates": [ 2.171905246474213, 41.419074553054081 ] } },
{ "type": "Feature", "properties": { "CODI_PARADA": 2416, "NOM_PARADA": "Pl Karl Marx - Via Favència", "MARQUESINA": null, "PAL": 1.0, "PAL SOLAR": null, "PIU": null, "GEOMETRY": "POINT (2.1638601360703302 41.44020222655037)", "Type": "Bus Stop", "Evaluation": "No PID" }, "geometry": { "type": "Point", "coordinates": [ 2.16386013607033, 41.440202226550369 ] } },
{ "type": "Feature", "properties": { "CODI_PARADA": 2418, "NOM_PARADA": "Parc del Besòs", "MARQUESINA": null, "PAL": null, "PAL SOLAR": 1.0, "PIU": 1.0, "GEOMETRY": "POINT (2.2187570724064725 41.420429707107644)", "Type": "Bus Stop", "Evaluation": "Has PID" }, "geometry": { "type": "Point", "coordinates": [ 2.218757072406472, 41.420429707107644 ] } },
{ "type": "Feature", "properties": { "CODI_PARADA": 2420, "NOM_PARADA": "La Catalana", "MARQUESINA": null, "PAL": 1.0, "PAL SOLAR": null, "PIU": null, "GEOMETRY": "POINT (2.2216126115308255 41.42253889806262)", "Type": "Bus Stop", "Evaluation": "No PID" }, "geometry": { "type": "Point", "coordinates": [ 2.221612611530825, 41.422538898062619 ] } },
{ "type": "Feature", "properties": { "CODI_PARADA": 2421, "NOM_PARADA": "Torrassa", "MARQUESINA": null, "PAL": 1.0, "PAL SOLAR": null, "PIU": null, "GEOMETRY": "POINT (2.225535171897098 41.42632901542419)", "Type": "Bus Stop", "Evaluation": "No PID" }, "geometry": { "type": "Point", "coordinates": [ 2.225535171897098, 41.426329015424187 ] } },
{ "type": "Feature", "properties": { "CODI_PARADA": 2422, "NOM_PARADA": "Torrassa", "MARQUESINA": 1.0, "PAL": null, "PAL SOLAR": null, "PIU": null, "GEOMETRY": "POINT (2.225239122253136 41.42629411049476)", "Type": "Bus Stop", "Evaluation": "No PID" }, "geometry": { "type": "Point", "coordinates": [ 2.225239122253136, 41.426294110494759 ] } },
{ "type": "Feature", "properties": { "CODI_PARADA": 2430, "NOM_PARADA": "Pg Sant Gervasi - Jardins de la Tamarita", "MARQUESINA": null, "PAL": 1.0, "PAL SOLAR": null, "PIU": null, "GEOMETRY": "POINT (2.1365638467373147 41.41030727878139)", "Type": "Bus Stop", "Evaluation": "No PID" }, "geometry": { "type": "Point", "coordinates": [ 2.136563846737315, 41.410307278781389 ] } },
{ "type": "Feature", "properties": { "CODI_PARADA": 2431, "NOM_PARADA": "Cister - Melilla", "MARQUESINA": null, "PAL": 1.0, "PAL SOLAR": null, "PIU": null, "GEOMETRY": "POINT (2.1329840315673114 41.4112268988954)", "Type": "Bus Stop", "Evaluation": "No PID" }, "geometry": { "type": "Point", "coordinates": [ 2.132984031567311, 41.4112268988954 ] } },
{ "type": "Feature", "properties": { "CODI_PARADA": 2432, "NOM_PARADA": "Quatre Camins - Teodor Roviralta", "MARQUESINA": null, "PAL": 1.0, "PAL SOLAR": null, "PIU": null, "GEOMETRY": "POINT (2.133100172885617 41.41201820095994)", "Type": "Bus Stop", "Evaluation": "No PID" }, "geometry": { "type": "Point", "coordinates": [ 2.133100172885617, 41.412018200959942 ] } },
{ "type": "Feature", "properties": { "CODI_PARADA": 2433, "NOM_PARADA": "Esperança - Vilana", "MARQUESINA": null, "PAL": 1.0, "PAL SOLAR": null, "PIU": null, "GEOMETRY": "POINT (2.1285479747992166 41.405046039773175)", "Type": "Bus Stop", "Evaluation": "No PID" }, "geometry": { "type": "Point", "coordinates": [ 2.128547974799217, 41.405046039773175 ] } },
{ "type": "Feature", "properties": { "CODI_PARADA": 2434, "NOM_PARADA": "Esperança - Marquesa de Vilallonga", "MARQUESINA": null, "PAL": 1.0, "PAL SOLAR": null, "PIU": null, "GEOMETRY": "POINT (2.126414322448033 41.403955341848985)", "Type": "Bus Stop", "Evaluation": "No PID" }, "geometry": { "type": "Point", "coordinates": [ 2.126414322448033, 41.403955341848985 ] } },
{ "type": "Feature", "properties": { "CODI_PARADA": 2435, "NOM_PARADA": "Iradier - Planella", "MARQUESINA": null, "PAL": 1.0, "PAL SOLAR": null, "PIU": null, "GEOMETRY": "POINT (2.124587017616245 41.40536032223396)", "Type": "Bus Stop", "Evaluation": "No PID" }, "geometry": { "type": "Point", "coordinates": [ 2.124587017616245, 41.40536032223396 ] } },
{ "type": "Feature", "properties": { "CODI_PARADA": 2436, "NOM_PARADA": "Planella - Marquesa de Vilallonga", "MARQUESINA": null, "PAL": 1.0, "PAL SOLAR": null, "PIU": null, "GEOMETRY": "POINT (2.1262153019074193 41.406770822525516)", "Type": "Bus Stop", "Evaluation": "No PID" }, "geometry": { "type": "Point", "coordinates": [ 2.126215301907419, 41.406770822525516 ] } },
{ "type": "Feature", "properties": { "CODI_PARADA": 2437, "NOM_PARADA": "Bellesguard - Immaculada", "MARQUESINA": null, "PAL": 1.0, "PAL SOLAR": null, "PIU": null, "GEOMETRY": "POINT (2.12803150786365 41.408356873455325)", "Type": "Bus Stop", "Evaluation": "No PID" }, "geometry": { "type": "Point", "coordinates": [ 2.12803150786365, 41.408356873455325 ] } },
{ "type": "Feature", "properties": { "CODI_PARADA": 2438, "NOM_PARADA": "Bellesguard - Valeta d'Arquer", "MARQUESINA": null, "PAL": 1.0, "PAL SOLAR": null, "PIU": null, "GEOMETRY": "POINT (2.126430430045121 41.40908657501909)", "Type": "Bus Stop", "Evaluation": "No PID" }, "geometry": { "type": "Point", "coordinates": [ 2.126430430045121, 41.409086575019089 ] } },
{ "type": "Feature", "properties": { "CODI_PARADA": 2439, "NOM_PARADA": "Balsareny - Vista Bella", "MARQUESINA": null, "PAL": 1.0, "PAL SOLAR": null, "PIU": null, "GEOMETRY": "POINT (2.1294051830273615 41.41161353534359)", "Type": "Bus Stop", "Evaluation": "No PID" }, "geometry": { "type": "Point", "coordinates": [ 2.129405183027361, 41.411613535343591 ] } },
{ "type": "Feature", "properties": { "CODI_PARADA": 2440, "NOM_PARADA": "Jesús Maria - Quatre Camins", "MARQUESINA": null, "PAL": 1.0, "PAL SOLAR": null, "PIU": null, "GEOMETRY": "POINT (2.1315873285930245 41.41053616310482)", "Type": "Bus Stop", "Evaluation": "No PID" }, "geometry": { "type": "Point", "coordinates": [ 2.131587328593024, 41.410536163104823 ] } },
{ "type": "Feature", "properties": { "CODI_PARADA": 2441, "NOM_PARADA": "Jesús Maria - Pg Sant Gervasi", "MARQUESINA": null, "PAL": 1.0, "PAL SOLAR": null, "PIU": null, "GEOMETRY": "POINT (2.1329486242873963 41.409655755486334)", "Type": "Bus Stop", "Evaluation": "No PID" }, "geometry": { "type": "Point", "coordinates": [ 2.132948624287396, 41.409655755486334 ] } },
{ "type": "Feature", "properties": { "CODI_PARADA": 2442, "NOM_PARADA": "Esteve Terradas - Josep Jover", "MARQUESINA": null, "PAL": 1.0, "PAL SOLAR": null, "PIU": null, "GEOMETRY": "POINT (2.1405139507137134 41.41389431419834)", "Type": "Bus Stop", "Evaluation": "No PID" }, "geometry": { "type": "Point", "coordinates": [ 2.140513950713713, 41.413894314198338 ] } },
{ "type": "Feature", "properties": { "CODI_PARADA": 2443, "NOM_PARADA": "Parc Sanitari Pere Virgili", "MARQUESINA": null, "PAL": 1.0, "PAL SOLAR": null, "PIU": null, "GEOMETRY": "POINT (2.139808338219114 41.415051914492935)", "Type": "Bus Stop", "Evaluation": "No PID" }, "geometry": { "type": "Point", "coordinates": [ 2.139808338219114, 41.415051914492935 ] } },
{ "type": "Feature", "properties": { "CODI_PARADA": 2445, "NOM_PARADA": "Collserola - Carlos Pirozzini", "MARQUESINA": null, "PAL": 1.0, "PAL SOLAR": null, "PIU": null, "GEOMETRY": "POINT (2.1350163739319106 41.41720150933299)", "Type": "Bus Stop", "Evaluation": "No PID" }, "geometry": { "type": "Point", "coordinates": [ 2.135016373931911, 41.41720150933299 ] } },
{ "type": "Feature", "properties": { "CODI_PARADA": 2446, "NOM_PARADA": "Enric Clarassó - Collserola", "MARQUESINA": null, "PAL": 1.0, "PAL SOLAR": null, "PIU": null, "GEOMETRY": "POINT (2.1339091815127604 41.41824814940573)", "Type": "Bus Stop", "Evaluation": "No PID" }, "geometry": { "type": "Point", "coordinates": [ 2.13390918151276, 41.418248149405727 ] } },
{ "type": "Feature", "properties": { "CODI_PARADA": 2453, "NOM_PARADA": "Anna Piferrer - Av Vallcarca", "MARQUESINA": null, "PAL": 1.0, "PAL SOLAR": null, "PIU": null, "GEOMETRY": "POINT (2.140707972401211 41.417402920001905)", "Type": "Bus Stop", "Evaluation": "No PID" }, "geometry": { "type": "Point", "coordinates": [ 2.140707972401211, 41.417402920001905 ] } },
{ "type": "Feature", "properties": { "CODI_PARADA": 2454, "NOM_PARADA": "Pg Andreu Nin - Parc Esportiu Can Dragó", "MARQUESINA": 1.0, "PAL": null, "PAL SOLAR": null, "PIU": null, "GEOMETRY": "POINT (2.1814721803645423 41.43422176661404)", "Type": "Bus Stop", "Evaluation": "No PID" }, "geometry": { "type": "Point", "coordinates": [ 2.181472180364542, 41.434221766614037 ] } },
{ "type": "Feature", "properties": { "CODI_PARADA": 2455, "NOM_PARADA": "Pg Ciutat de Mallorca - Piferrer", "MARQUESINA": 1.0, "PAL": null, "PAL SOLAR": null, "PIU": null, "GEOMETRY": "POINT (2.1786722791873117 41.43292602660308)", "Type": "Bus Stop", "Evaluation": "No PID" }, "geometry": { "type": "Point", "coordinates": [ 2.178672279187312, 41.432926026603077 ] } },
{ "type": "Feature", "properties": { "CODI_PARADA": 2456, "NOM_PARADA": "Pintor Alsamora - Piferrer", "MARQUESINA": null, "PAL": 1.0, "PAL SOLAR": null, "PIU": null, "GEOMETRY": "POINT (2.1792100698222545 41.43513744442866)", "Type": "Bus Stop", "Evaluation": "No PID" }, "geometry": { "type": "Point", "coordinates": [ 2.179210069822255, 41.435137444428662 ] } },
{ "type": "Feature", "properties": { "CODI_PARADA": 2457, "NOM_PARADA": "Escultor Ordóñez - Pintor Alsamora", "MARQUESINA": 1.0, "PAL": null, "PAL SOLAR": null, "PIU": null, "GEOMETRY": "POINT (2.1758781919783012 41.435033874839476)", "Type": "Bus Stop", "Evaluation": "No PID" }, "geometry": { "type": "Point", "coordinates": [ 2.175878191978301, 41.435033874839476 ] } },
{ "type": "Feature", "properties": { "CODI_PARADA": 2458, "NOM_PARADA": "Pg de Santa Madrona", "MARQUESINA": null, "PAL": 1.0, "PAL SOLAR": null, "PIU": null, "GEOMETRY": "POINT (2.157980796018169 41.36854293674508)", "Type": "Bus Stop", "Evaluation": "No PID" }, "geometry": { "type": "Point", "coordinates": [ 2.157980796018169, 41.368542936745079 ] } },
{ "type": "Feature", "properties": { "CODI_PARADA": 2459, "NOM_PARADA": "Pg de Santa Madrona - Font del Gat", "MARQUESINA": null, "PAL": 1.0, "PAL SOLAR": null, "PIU": null, "GEOMETRY": "POINT (2.1580419176114227 41.36843550922332)", "Type": "Bus Stop", "Evaluation": "No PID" }, "geometry": { "type": "Point", "coordinates": [ 2.158041917611423, 41.368435509223318 ] } },
{ "type": "Feature", "properties": { "CODI_PARADA": 2464, "NOM_PARADA": "Badajoz - Sancho de Ávila", "MARQUESINA": 1.0, "PAL": null, "PAL SOLAR": null, "PIU": 1.0, "GEOMETRY": "POINT (2.191976078470059 41.40132332124267)", "Type": "Bus Stop", "Evaluation": "Has PID" }, "geometry": { "type": "Point", "coordinates": [ 2.191976078470059, 41.401323321242671 ] } },
{ "type": "Feature", "properties": { "CODI_PARADA": 2465, "NOM_PARADA": "Viver - Av Elies Pagès", "MARQUESINA": null, "PAL": 1.0, "PAL SOLAR": null, "PIU": null, "GEOMETRY": "POINT (2.132023556170899 41.429062604586626)", "Type": "Bus Stop", "Evaluation": "No PID" }, "geometry": { "type": "Point", "coordinates": [ 2.132023556170899, 41.429062604586626 ] } },
{ "type": "Feature", "properties": { "CODI_PARADA": 2466, "NOM_PARADA": "Viver - Cànoves", "MARQUESINA": null, "PAL": 1.0, "PAL SOLAR": null, "PIU": null, "GEOMETRY": "POINT (2.130793707695088 41.428623373682356)", "Type": "Bus Stop", "Evaluation": "No PID" }, "geometry": { "type": "Point", "coordinates": [ 2.130793707695088, 41.428623373682356 ] } },
{ "type": "Feature", "properties": { "CODI_PARADA": 2467, "NOM_PARADA": "Cànoves 105", "MARQUESINA": null, "PAL": 1.0, "PAL SOLAR": null, "PIU": null, "GEOMETRY": "POINT (2.128761168512225 41.42798080408804)", "Type": "Bus Stop", "Evaluation": "No PID" }, "geometry": { "type": "Point", "coordinates": [ 2.128761168512225, 41.427980804088037 ] } },
{ "type": "Feature", "properties": { "CODI_PARADA": 2468, "NOM_PARADA": "Cànoves - Sant Genís", "MARQUESINA": null, "PAL": 1.0, "PAL SOLAR": null, "PIU": null, "GEOMETRY": "POINT (2.1299809950942183 41.42777069377657)", "Type": "Bus Stop", "Evaluation": "No PID" }, "geometry": { "type": "Point", "coordinates": [ 2.129980995094218, 41.427770693776573 ] } },
{ "type": "Feature", "properties": { "CODI_PARADA": 2469, "NOM_PARADA": "Cànoves 49", "MARQUESINA": null, "PAL": 1.0, "PAL SOLAR": null, "PIU": null, "GEOMETRY": "POINT (2.131999321059754 41.427495269983346)", "Type": "Bus Stop", "Evaluation": "No PID" }, "geometry": { "type": "Point", "coordinates": [ 2.131999321059754, 41.427495269983346 ] } },
{ "type": "Feature", "properties": { "CODI_PARADA": 2470, "NOM_PARADA": "Cànoves - Penitents", "MARQUESINA": null, "PAL": 1.0, "PAL SOLAR": null, "PIU": null, "GEOMETRY": "POINT (2.1338842557224247 41.427163390157354)", "Type": "Bus Stop", "Evaluation": "No PID" }, "geometry": { "type": "Point", "coordinates": [ 2.133884255722425, 41.427163390157354 ] } },
{ "type": "Feature", "properties": { "CODI_PARADA": 2471, "NOM_PARADA": "Cànoves - Natzaret", "MARQUESINA": null, "PAL": 1.0, "PAL SOLAR": null, "PIU": null, "GEOMETRY": "POINT (2.134970812739995 41.42677469065917)", "Type": "Bus Stop", "Evaluation": "No PID" }, "geometry": { "type": "Point", "coordinates": [ 2.134970812739995, 41.426774690659173 ] } },
{ "type": "Feature", "properties": { "CODI_PARADA": 2472, "NOM_PARADA": "Av Elies Pagès - Pl Madrona Prat", "MARQUESINA": null, "PAL": 1.0, "PAL SOLAR": null, "PIU": null, "GEOMETRY": "POINT (2.1347976242706306 41.427536897686466)", "Type": "Bus Stop", "Evaluation": "No PID" }, "geometry": { "type": "Point", "coordinates": [ 2.134797624270631, 41.427536897686466 ] } },
{ "type": "Feature", "properties": { "CODI_PARADA": 2473, "NOM_PARADA": "Rambla Prim - Santander", "MARQUESINA": null, "PAL": 1.0, "PAL SOLAR": null, "PIU": null, "GEOMETRY": "POINT (2.2007831031034684 41.42499147287512)", "Type": "Bus Stop", "Evaluation": "No PID" }, "geometry": { "type": "Point", "coordinates": [ 2.200783103103468, 41.424991472875121 ] } },
{ "type": "Feature", "properties": { "CODI_PARADA": 2479, "NOM_PARADA": "Encarnació - Escorial", "MARQUESINA": null, "PAL": 1.0, "PAL SOLAR": null, "PIU": null, "GEOMETRY": "POINT (2.161775836750736 41.407526317094614)", "Type": "Bus Stop", "Evaluation": "No PID" }, "geometry": { "type": "Point", "coordinates": [ 2.161775836750736, 41.407526317094614 ] } },
{ "type": "Feature", "properties": { "CODI_PARADA": 2480, "NOM_PARADA": "Encarnació - Torrent de les Flors", "MARQUESINA": null, "PAL": 1.0, "PAL SOLAR": null, "PIU": null, "GEOMETRY": "POINT (2.159706608668754 41.406217529527694)", "Type": "Bus Stop", "Evaluation": "No PID" }, "geometry": { "type": "Point", "coordinates": [ 2.159706608668754, 41.406217529527694 ] } },
{ "type": "Feature", "properties": { "CODI_PARADA": 2481, "NOM_PARADA": "Pl de la Virreina", "MARQUESINA": null, "PAL": 1.0, "PAL SOLAR": null, "PIU": null, "GEOMETRY": "POINT (2.157247233659285 41.40466887666168)", "Type": "Bus Stop", "Evaluation": "No PID" }, "geometry": { "type": "Point", "coordinates": [ 2.157247233659285, 41.404668876661681 ] } },
{ "type": "Feature", "properties": { "CODI_PARADA": 2482, "NOM_PARADA": "Ros de Olano - Torrent de l'Olla", "MARQUESINA": null, "PAL": 1.0, "PAL SOLAR": null, "PIU": null, "GEOMETRY": "POINT (2.1566375434964535 41.40215313427454)", "Type": "Bus Stop", "Evaluation": "No PID" }, "geometry": { "type": "Point", "coordinates": [ 2.156637543496454, 41.402153134274542 ] } },
{ "type": "Feature", "properties": { "CODI_PARADA": 2483, "NOM_PARADA": "Ros de Olano - Gran de Gràcia", "MARQUESINA": null, "PAL": 1.0, "PAL SOLAR": null, "PIU": null, "GEOMETRY": "POINT (2.154683411060769 41.401047419200054)", "Type": "Bus Stop", "Evaluation": "No PID" }, "geometry": { "type": "Point", "coordinates": [ 2.154683411060769, 41.401047419200054 ] } },
{ "type": "Feature", "properties": { "CODI_PARADA": 2492, "NOM_PARADA": "Garcilaso - La Sagrera", "MARQUESINA": 1.0, "PAL": null, "PAL SOLAR": null, "PIU": 1.0, "GEOMETRY": "POINT (2.1891823669713335 41.42264114275095)", "Type": "Bus Stop", "Evaluation": "Has PID" }, "geometry": { "type": "Point", "coordinates": [ 2.189182366971334, 41.422641142750948 ] } },
{ "type": "Feature", "properties": { "CODI_PARADA": 2493, "NOM_PARADA": "Mare de Déu de Port - Pl Teresa Claramunt", "MARQUESINA": null, "PAL": 1.0, "PAL SOLAR": null, "PIU": null, "GEOMETRY": "POINT (2.139498796469751 41.362192042546646)", "Type": "Bus Stop", "Evaluation": "No PID" }, "geometry": { "type": "Point", "coordinates": [ 2.139498796469751, 41.362192042546646 ] } },
{ "type": "Feature", "properties": { "CODI_PARADA": 2494, "NOM_PARADA": "Mare de Déu de Port - Sant Eloi", "MARQUESINA": null, "PAL": 1.0, "PAL SOLAR": null, "PIU": null, "GEOMETRY": "POINT (2.14370253094572 41.35754461638949)", "Type": "Bus Stop", "Evaluation": "No PID" }, "geometry": { "type": "Point", "coordinates": [ 2.14370253094572, 41.35754461638949 ] } },
{ "type": "Feature", "properties": { "CODI_PARADA": 2495, "NOM_PARADA": "Mare de Déu de Port - Cisell", "MARQUESINA": null, "PAL": 1.0, "PAL SOLAR": null, "PIU": null, "GEOMETRY": "POINT (2.1446896018515806 41.35632410104936)", "Type": "Bus Stop", "Evaluation": "No PID" }, "geometry": { "type": "Point", "coordinates": [ 2.144689601851581, 41.35632410104936 ] } },
{ "type": "Feature", "properties": { "CODI_PARADA": 2501, "NOM_PARADA": "Alumini - Ctra del Prat", "MARQUESINA": null, "PAL": 1.0, "PAL SOLAR": null, "PIU": null, "GEOMETRY": "POINT (2.1329203113124353 41.35921757226732)", "Type": "Bus Stop", "Evaluation": "No PID" }, "geometry": { "type": "Point", "coordinates": [ 2.132920311312435, 41.359217572267319 ] } },
{ "type": "Feature", "properties": { "CODI_PARADA": 2502, "NOM_PARADA": "Mineria - Mare de Déu de Port", "MARQUESINA": null, "PAL": 1.0, "PAL SOLAR": null, "PIU": null, "GEOMETRY": "POINT (2.138295155256773 41.3648740932312)", "Type": "Bus Stop", "Evaluation": "No PID" }, "geometry": { "type": "Point", "coordinates": [ 2.138295155256773, 41.364874093231201 ] } },
{ "type": "Feature", "properties": { "CODI_PARADA": 2503, "NOM_PARADA": "Mare de Déu de Port - Mineria", "MARQUESINA": null, "PAL": 1.0, "PAL SOLAR": null, "PIU": null, "GEOMETRY": "POINT (2.1391951824784616 41.364003333417735)", "Type": "Bus Stop", "Evaluation": "No PID" }, "geometry": { "type": "Point", "coordinates": [ 2.139195182478462, 41.364003333417735 ] } },
{ "type": "Feature", "properties": { "CODI_PARADA": 2504, "NOM_PARADA": "Foneria - Pg Zona Franca", "MARQUESINA": null, "PAL": 1.0, "PAL SOLAR": null, "PIU": null, "GEOMETRY": "POINT (2.138272521089374 41.36031505852505)", "Type": "Bus Stop", "Evaluation": "No PID" }, "geometry": { "type": "Point", "coordinates": [ 2.138272521089374, 41.360315058525053 ] } },
{ "type": "Feature", "properties": { "CODI_PARADA": 2507, "NOM_PARADA": "Garigliano - Almansa", "MARQUESINA": null, "PAL": 1.0, "PAL SOLAR": null, "PIU": null, "GEOMETRY": "POINT (2.1739690744138107 41.4461415364356)", "Type": "Bus Stop", "Evaluation": "No PID" }, "geometry": { "type": "Point", "coordinates": [ 2.173969074413811, 41.446141536435597 ] } },
{ "type": "Feature", "properties": { "CODI_PARADA": 2510, "NOM_PARADA": "Llobera - Baixada del Pedregar", "MARQUESINA": null, "PAL": 1.0, "PAL SOLAR": null, "PIU": null, "GEOMETRY": "POINT (2.1752181200371425 41.44944934595341)", "Type": "Bus Stop", "Evaluation": "No PID" }, "geometry": { "type": "Point", "coordinates": [ 2.175218120037143, 41.449449345953411 ] } },
{ "type": "Feature", "properties": { "CODI_PARADA": 2511, "NOM_PARADA": "Escales de Llobera", "MARQUESINA": null, "PAL": 1.0, "PAL SOLAR": null, "PIU": null, "GEOMETRY": "POINT (2.1764302816104317 41.44986980724287)", "Type": "Bus Stop", "Evaluation": "No PID" }, "geometry": { "type": "Point", "coordinates": [ 2.176430281610432, 41.44986980724287 ] } },
{ "type": "Feature", "properties": { "CODI_PARADA": 2512, "NOM_PARADA": "Cantera - Llobera", "MARQUESINA": null, "PAL": 1.0, "PAL SOLAR": null, "PIU": null, "GEOMETRY": "POINT (2.1775852474194255 41.44922653823873)", "Type": "Bus Stop", "Evaluation": "No PID" }, "geometry": { "type": "Point", "coordinates": [ 2.177585247419425, 41.449226538238733 ] } },
{ "type": "Feature", "properties": { "CODI_PARADA": 2513, "NOM_PARADA": "Mina de la Ciutat - Pla de Fornells", "MARQUESINA": null, "PAL": 1.0, "PAL SOLAR": null, "PIU": null, "GEOMETRY": "POINT (2.1757620208649997 41.44817221161016)", "Type": "Bus Stop", "Evaluation": "No PID" }, "geometry": { "type": "Point", "coordinates": [ 2.175762020865, 41.448172211610157 ] } },
{ "type": "Feature", "properties": { "CODI_PARADA": 2515, "NOM_PARADA": "Aiguablava - Vila-real", "MARQUESINA": 1.0, "PAL": null, "PAL SOLAR": null, "PIU": null, "GEOMETRY": "POINT (2.1862871555346794 41.451671441903734)", "Type": "Bus Stop", "Evaluation": "No PID" }, "geometry": { "type": "Point", "coordinates": [ 2.186287155534679, 41.451671441903734 ] } },
{ "type": "Feature", "properties": { "CODI_PARADA": 2517, "NOM_PARADA": "Institut Mercè Rodoreda", "MARQUESINA": 1.0, "PAL": null, "PAL SOLAR": null, "PIU": null, "GEOMETRY": "POINT (2.1038561766641672 41.35608465651707)", "Type": "Bus Stop", "Evaluation": "No PID" }, "geometry": { "type": "Point", "coordinates": [ 2.103856176664167, 41.356084656517069 ] } },
{ "type": "Feature", "properties": { "CODI_PARADA": 2530, "NOM_PARADA": "Gran Via Carles III - Pl Reina Maria Cristina", "MARQUESINA": null, "PAL": 1.0, "PAL SOLAR": null, "PIU": null, "GEOMETRY": "POINT (2.1268745973026877 41.38686138747989)", "Type": "Bus Stop", "Evaluation": "No PID" }, "geometry": { "type": "Point", "coordinates": [ 2.126874597302688, 41.38686138747989 ] } },
{ "type": "Feature", "properties": { "CODI_PARADA": 2532, "NOM_PARADA": "Carles III - Les Corts", "MARQUESINA": 1.0, "PAL": null, "PAL SOLAR": null, "PIU": 1.0, "GEOMETRY": "POINT (2.1284661060171763 41.382146294584054)", "Type": "Bus Stop", "Evaluation": "Has PID" }, "geometry": { "type": "Point", "coordinates": [ 2.128466106017176, 41.382146294584054 ] } },
{ "type": "Feature", "properties": { "CODI_PARADA": 2533, "NOM_PARADA": "Francesc Alegre - Budapest", "MARQUESINA": null, "PAL": 1.0, "PAL SOLAR": null, "PIU": null, "GEOMETRY": "POINT (2.1662904553278364 41.41654972581175)", "Type": "Bus Stop", "Evaluation": "No PID" }, "geometry": { "type": "Point", "coordinates": [ 2.166290455327836, 41.416549725811748 ] } },
{ "type": "Feature", "properties": { "CODI_PARADA": 2534, "NOM_PARADA": "Museu Nacional d'Art de Catalunya", "MARQUESINA": null, "PAL": null, "PAL SOLAR": 1.0, "PIU": null, "GEOMETRY": "POINT (2.151482367244874 41.3680982057281)", "Type": "Bus Stop", "Evaluation": "No PID" }, "geometry": { "type": "Point", "coordinates": [ 2.151482367244874, 41.368098205728103 ] } },
{ "type": "Feature", "properties": { "CODI_PARADA": 2537, "NOM_PARADA": "Constitució - Badal", "MARQUESINA": 1.0, "PAL": null, "PAL SOLAR": null, "PIU": null, "GEOMETRY": "POINT (2.1335133619134043 41.36925044211251)", "Type": "Bus Stop", "Evaluation": "No PID" }, "geometry": { "type": "Point", "coordinates": [ 2.133513361913404, 41.369250442112509 ] } },
{ "type": "Feature", "properties": { "CODI_PARADA": 2539, "NOM_PARADA": "Panorama - Labèrnia", "MARQUESINA": null, "PAL": 1.0, "PAL SOLAR": null, "PIU": null, "GEOMETRY": "POINT (2.165419691104097 41.41907091601991)", "Type": "Bus Stop", "Evaluation": "No PID" }, "geometry": { "type": "Point", "coordinates": [ 2.165419691104097, 41.419070916019912 ] } },
{ "type": "Feature", "properties": { "CODI_PARADA": 2540, "NOM_PARADA": "Cànoves - Viver", "MARQUESINA": null, "PAL": 1.0, "PAL SOLAR": null, "PIU": null, "GEOMETRY": "POINT (2.1286392945449024 41.42930862346598)", "Type": "Bus Stop", "Evaluation": "No PID" }, "geometry": { "type": "Point", "coordinates": [ 2.128639294544902, 41.429308623465978 ] } },
{ "type": "Feature", "properties": { "CODI_PARADA": 2541, "NOM_PARADA": "Diagonal - Metro Zona Universitària", "MARQUESINA": 1.0, "PAL": null, "PAL SOLAR": null, "PIU": null, "GEOMETRY": "POINT (2.1129297211201696 41.38478174808428)", "Type": "Bus Stop", "Evaluation": "No PID" }, "geometry": { "type": "Point", "coordinates": [ 2.11292972112017, 41.384781748084279 ] } },
{ "type": "Feature", "properties": { "CODI_PARADA": 2542, "NOM_PARADA": "Zona Universitària - Escola T S d'Enginyeria", "MARQUESINA": 1.0, "PAL": null, "PAL SOLAR": null, "PIU": 1.0, "GEOMETRY": "POINT (2.1156830007031027 41.38507685309595)", "Type": "Bus Stop", "Evaluation": "Has PID" }, "geometry": { "type": "Point", "coordinates": [ 2.115683000703103, 41.385076853095953 ] } },
{ "type": "Feature", "properties": { "CODI_PARADA": 2543, "NOM_PARADA": "Diagonal - Metro Palau Reial", "MARQUESINA": 1.0, "PAL": null, "PAL SOLAR": null, "PIU": 1.0, "GEOMETRY": "POINT (2.1187334412313708 41.385849729576854)", "Type": "Bus Stop", "Evaluation": "Has PID" }, "geometry": { "type": "Point", "coordinates": [ 2.118733441231371, 41.385849729576854 ] } },
{ "type": "Feature", "properties": { "CODI_PARADA": 2547, "NOM_PARADA": "Gran Via - Ca n'Oliva", "MARQUESINA": 1.0, "PAL": null, "PAL SOLAR": null, "PIU": 1.0, "GEOMETRY": "POINT (2.2091456252660233 41.42029683236457)", "Type": "Bus Stop", "Evaluation": "Has PID" }, "geometry": { "type": "Point", "coordinates": [ 2.209145625266023, 41.420296832364571 ] } },
{ "type": "Feature", "properties": { "CODI_PARADA": 2550, "NOM_PARADA": "Mini Estadi del F C Barcelona", "MARQUESINA": null, "PAL": 1.0, "PAL SOLAR": null, "PIU": null, "GEOMETRY": "POINT (2.1178227128447644 41.380693150280656)", "Type": "Bus Stop", "Evaluation": "No PID" }, "geometry": { "type": "Point", "coordinates": [ 2.117822712844764, 41.380693150280656 ] } },
{ "type": "Feature", "properties": { "CODI_PARADA": 2552, "NOM_PARADA": "Escorial - Mare de Déu de la Salut", "MARQUESINA": null, "PAL": 1.0, "PAL SOLAR": null, "PIU": null, "GEOMETRY": "POINT (2.157135970732588 41.41173952269354)", "Type": "Bus Stop", "Evaluation": "No PID" }, "geometry": { "type": "Point", "coordinates": [ 2.157135970732588, 41.411739522693537 ] } },
{ "type": "Feature", "properties": { "CODI_PARADA": 2553, "NOM_PARADA": "Pare Jacint Alegre - Sant Cugat del Vallès", "MARQUESINA": null, "PAL": 1.0, "PAL SOLAR": null, "PIU": null, "GEOMETRY": "POINT (2.1555718782316062 41.41206493549708)", "Type": "Bus Stop", "Evaluation": "No PID" }, "geometry": { "type": "Point", "coordinates": [ 2.155571878231606, 41.412064935497078 ] } },
{ "type": "Feature", "properties": { "CODI_PARADA": 2554, "NOM_PARADA": "Marianao - Mercedes", "MARQUESINA": null, "PAL": 1.0, "PAL SOLAR": null, "PIU": null, "GEOMETRY": "POINT (2.1543686727269042 41.41300197201338)", "Type": "Bus Stop", "Evaluation": "No PID" }, "geometry": { "type": "Point", "coordinates": [ 2.154368672726904, 41.413001972013383 ] } },
{ "type": "Feature", "properties": { "CODI_PARADA": 2555, "NOM_PARADA": "Park Güell", "MARQUESINA": null, "PAL": 1.0, "PAL SOLAR": null, "PIU": null, "GEOMETRY": "POINT (2.1529584729955187 41.413343901305275)", "Type": "Bus Stop", "Evaluation": "No PID" }, "geometry": { "type": "Point", "coordinates": [ 2.152958472995519, 41.413343901305275 ] } },
{ "type": "Feature", "properties": { "CODI_PARADA": 2557, "NOM_PARADA": "Parc de Cervantes - Av d'Esplugues", "MARQUESINA": 1.0, "PAL": null, "PAL SOLAR": null, "PIU": null, "GEOMETRY": "POINT (2.104893896575636 41.3854832105608)", "Type": "Bus Stop", "Evaluation": "No PID" }, "geometry": { "type": "Point", "coordinates": [ 2.104893896575636, 41.3854832105608 ] } },
{ "type": "Feature", "properties": { "CODI_PARADA": 2558, "NOM_PARADA": "Pg Joan de Borbó - Moll de Catalunya", "MARQUESINA": null, "PAL": 1.0, "PAL SOLAR": null, "PIU": null, "GEOMETRY": "POINT (2.1875949464407176 41.370690788257455)", "Type": "Bus Stop", "Evaluation": "No PID" }, "geometry": { "type": "Point", "coordinates": [ 2.187594946440718, 41.370690788257455 ] } },
{ "type": "Feature", "properties": { "CODI_PARADA": 2559, "NOM_PARADA": "Pg Joan de Borbó - Moll de Catalunya", "MARQUESINA": null, "PAL": 1.0, "PAL SOLAR": null, "PIU": null, "GEOMETRY": "POINT (2.1877177729599104 41.370738432739174)", "Type": "Bus Stop", "Evaluation": "No PID" }, "geometry": { "type": "Point", "coordinates": [ 2.18771777295991, 41.370738432739174 ] } },
{ "type": "Feature", "properties": { "CODI_PARADA": 2564, "NOM_PARADA": "Sot del Migdia", "MARQUESINA": null, "PAL": 1.0, "PAL SOLAR": null, "PIU": null, "GEOMETRY": "POINT (2.150627367192863 41.359882635836)", "Type": "Bus Stop", "Evaluation": "No PID" }, "geometry": { "type": "Point", "coordinates": [ 2.150627367192863, 41.359882635836001 ] } },
{ "type": "Feature", "properties": { "CODI_PARADA": 2565, "NOM_PARADA": "Pg Olímpic - Palau Sant Jordi", "MARQUESINA": null, "PAL": 1.0, "PAL SOLAR": null, "PIU": null, "GEOMETRY": "POINT (2.1538704777127813 41.361807580510046)", "Type": "Bus Stop", "Evaluation": "No PID" }, "geometry": { "type": "Point", "coordinates": [ 2.153870477712781, 41.361807580510046 ] } },
{ "type": "Feature", "properties": { "CODI_PARADA": 2566, "NOM_PARADA": "Jardí Botànic", "MARQUESINA": null, "PAL": 1.0, "PAL SOLAR": null, "PIU": null, "GEOMETRY": "POINT (2.156699157728104 41.36274580162957)", "Type": "Bus Stop", "Evaluation": "No PID" }, "geometry": { "type": "Point", "coordinates": [ 2.156699157728104, 41.362745801629572 ] } },
{ "type": "Feature", "properties": { "CODI_PARADA": 2567, "NOM_PARADA": "Av de l'Estadi - Pg Olímpic", "MARQUESINA": null, "PAL": 1.0, "PAL SOLAR": null, "PIU": null, "GEOMETRY": "POINT (2.1574577750033033 41.36652075819508)", "Type": "Bus Stop", "Evaluation": "No PID" }, "geometry": { "type": "Point", "coordinates": [ 2.157457775003303, 41.36652075819508 ] } },
{ "type": "Feature", "properties": { "CODI_PARADA": 2568, "NOM_PARADA": "Radas - Magalhäes", "MARQUESINA": null, "PAL": 1.0, "PAL SOLAR": null, "PIU": null, "GEOMETRY": "POINT (2.160615296483574 41.37263027330369)", "Type": "Bus Stop", "Evaluation": "No PID" }, "geometry": { "type": "Point", "coordinates": [ 2.160615296483574, 41.372630273303692 ] } },
{ "type": "Feature", "properties": { "CODI_PARADA": 2569, "NOM_PARADA": "Pg de l'Exposició - Sant Isidre", "MARQUESINA": 1.0, "PAL": null, "PAL SOLAR": null, "PIU": null, "GEOMETRY": "POINT (2.159483323978473 41.37111733411364)", "Type": "Bus Stop", "Evaluation": "No PID" }, "geometry": { "type": "Point", "coordinates": [ 2.159483323978473, 41.371117334113642 ] } },
{ "type": "Feature", "properties": { "CODI_PARADA": 2571, "NOM_PARADA": "Av Remolar - Av Onze de Setembre", "MARQUESINA": null, "PAL": null, "PAL SOLAR": 1.0, "PIU": 1.0, "GEOMETRY": "POINT (2.0906896101121917 41.31970211277934)", "Type": "Bus Stop", "Evaluation": "Has PID" }, "geometry": { "type": "Point", "coordinates": [ 2.090689610112192, 41.319702112779339 ] } },
{ "type": "Feature", "properties": { "CODI_PARADA": 2573, "NOM_PARADA": "Ctra de l'Església - Camí del Faig", "MARQUESINA": null, "PAL": 1.0, "PAL SOLAR": null, "PIU": null, "GEOMETRY": "POINT (2.107103428911669 41.41765458785876)", "Type": "Bus Stop", "Evaluation": "No PID" }, "geometry": { "type": "Point", "coordinates": [ 2.107103428911669, 41.417654587858763 ] } },
{ "type": "Feature", "properties": { "CODI_PARADA": 2574, "NOM_PARADA": "Ctra de l'Església", "MARQUESINA": null, "PAL": 1.0, "PAL SOLAR": null, "PIU": null, "GEOMETRY": "POINT (2.107397435409783 41.41800791520431)", "Type": "Bus Stop", "Evaluation": "No PID" }, "geometry": { "type": "Point", "coordinates": [ 2.107397435409783, 41.418007915204313 ] } },
{ "type": "Feature", "properties": { "CODI_PARADA": 2575, "NOM_PARADA": "Metro Sta Coloma", "MARQUESINA": 1.0, "PAL": null, "PAL SOLAR": null, "PIU": 1.0, "GEOMETRY": "POINT (2.206814998066705 41.45050869206162)", "Type": "Bus Stop", "Evaluation": "Has PID" }, "geometry": { "type": "Point", "coordinates": [ 2.206814998066705, 41.450508692061618 ] } },
{ "type": "Feature", "properties": { "CODI_PARADA": 2577, "NOM_PARADA": "Argentina - Bernat Metge", "MARQUESINA": 1.0, "PAL": null, "PAL SOLAR": null, "PIU": null, "GEOMETRY": "POINT (2.2127544157391488 41.421474440779335)", "Type": "Bus Stop", "Evaluation": "No PID" }, "geometry": { "type": "Point", "coordinates": [ 2.212754415739149, 41.421474440779335 ] } },
{ "type": "Feature", "properties": { "CODI_PARADA": 2580, "NOM_PARADA": "Casa Batlló - Museu Tàpies", "MARQUESINA": null, "PAL": null, "PAL SOLAR": 1.0, "PIU": 1.0, "GEOMETRY": "POINT (2.166518218588423 41.390979180532575)", "Type": "Bus Stop", "Evaluation": "Has PID" }, "geometry": { "type": "Point", "coordinates": [ 2.166518218588423, 41.390979180532575 ] } },
{ "type": "Feature", "properties": { "CODI_PARADA": 2581, "NOM_PARADA": "Vivers Tres Pins", "MARQUESINA": 1.0, "PAL": null, "PAL SOLAR": null, "PIU": null, "GEOMETRY": "POINT (2.158748021975521 41.36637391406995)", "Type": "Bus Stop", "Evaluation": "No PID" }, "geometry": { "type": "Point", "coordinates": [ 2.158748021975521, 41.366373914069953 ] } },
{ "type": "Feature", "properties": { "CODI_PARADA": 2582, "NOM_PARADA": "Ctra d'Horta - Cotxeres d'Horta", "MARQUESINA": 1.0, "PAL": null, "PAL SOLAR": null, "PIU": null, "GEOMETRY": "POINT (2.1544653986193545 41.439875738874306)", "Type": "Bus Stop", "Evaluation": "No PID" }, "geometry": { "type": "Point", "coordinates": [ 2.154465398619354, 41.439875738874306 ] } },
{ "type": "Feature", "properties": { "CODI_PARADA": 2583, "NOM_PARADA": "Ferran Junoy - Sant Adrià", "MARQUESINA": null, "PAL": 1.0, "PAL SOLAR": null, "PIU": null, "GEOMETRY": "POINT (2.1946539938599576 41.43575125779615)", "Type": "Bus Stop", "Evaluation": "No PID" }, "geometry": { "type": "Point", "coordinates": [ 2.194653993859958, 41.435751257796149 ] } },
{ "type": "Feature", "properties": { "CODI_PARADA": 2584, "NOM_PARADA": "Pl Kennedy", "MARQUESINA": 1.0, "PAL": null, "PAL SOLAR": null, "PIU": 1.0, "GEOMETRY": "POINT (2.137032269796938 41.410114388584375)", "Type": "Bus Stop", "Evaluation": "Has PID" }, "geometry": { "type": "Point", "coordinates": [ 2.137032269796938, 41.410114388584375 ] } },
{ "type": "Feature", "properties": { "CODI_PARADA": 2585, "NOM_PARADA": "Ronda Guineueta Vella - Juan Ramón Jiménez", "MARQUESINA": null, "PAL": 1.0, "PAL SOLAR": null, "PIU": null, "GEOMETRY": "POINT (2.162304949725017 41.44285533249289)", "Type": "Bus Stop", "Evaluation": "No PID" }, "geometry": { "type": "Point", "coordinates": [ 2.162304949725017, 41.44285533249289 ] } },
{ "type": "Feature", "properties": { "CODI_PARADA": 2586, "NOM_PARADA": "John M. Keynes - Diagonal", "MARQUESINA": 1.0, "PAL": null, "PAL SOLAR": null, "PIU": null, "GEOMETRY": "POINT (2.116580521493969 41.38627199063104)", "Type": "Bus Stop", "Evaluation": "No PID" }, "geometry": { "type": "Point", "coordinates": [ 2.116580521493969, 41.386271990631037 ] } },
{ "type": "Feature", "properties": { "CODI_PARADA": 2590, "NOM_PARADA": "Sao Paulo - Centre Comercial La Maquinista", "MARQUESINA": 1.0, "PAL": null, "PAL SOLAR": null, "PIU": 1.0, "GEOMETRY": "POINT (2.1976887538572143 41.43889167075569)", "Type": "Bus Stop", "Evaluation": "Has PID" }, "geometry": { "type": "Point", "coordinates": [ 2.197688753857214, 41.438891670755687 ] } },
{ "type": "Feature", "properties": { "CODI_PARADA": 2592, "NOM_PARADA": "Ciutat d'Asunción - Fra Juníper Serra", "MARQUESINA": 1.0, "PAL": null, "PAL SOLAR": null, "PIU": 1.0, "GEOMETRY": "POINT (2.2009687204973147 41.43522093877395)", "Type": "Bus Stop", "Evaluation": "Has PID" }, "geometry": { "type": "Point", "coordinates": [ 2.200968720497315, 41.435220938773952 ] } },
{ "type": "Feature", "properties": { "CODI_PARADA": 2593, "NOM_PARADA": "Pg de l'Havana - Ciutat d'Asunción", "MARQUESINA": 1.0, "PAL": null, "PAL SOLAR": null, "PIU": 1.0, "GEOMETRY": "POINT (2.1993862551073216 41.43867327596784)", "Type": "Bus Stop", "Evaluation": "Has PID" }, "geometry": { "type": "Point", "coordinates": [ 2.199386255107322, 41.438673275967837 ] } },
{ "type": "Feature", "properties": { "CODI_PARADA": 2594, "NOM_PARADA": "Parc de la Maquinista", "MARQUESINA": 1.0, "PAL": null, "PAL SOLAR": null, "PIU": 1.0, "GEOMETRY": "POINT (2.1961382675005674 41.43677916671084)", "Type": "Bus Stop", "Evaluation": "Has PID" }, "geometry": { "type": "Point", "coordinates": [ 2.196138267500567, 41.436779166710842 ] } },
{ "type": "Feature", "properties": { "CODI_PARADA": 2595, "NOM_PARADA": "Ctra de Ribes - Ronda de Dalt", "MARQUESINA": 1.0, "PAL": null, "PAL SOLAR": null, "PIU": null, "GEOMETRY": "POINT (2.1890645814081218 41.44610608639736)", "Type": "Bus Stop", "Evaluation": "No PID" }, "geometry": { "type": "Point", "coordinates": [ 2.189064581408122, 41.446106086397357 ] } },
{ "type": "Feature", "properties": { "CODI_PARADA": 2597, "NOM_PARADA": "Ferran Junoy - Palomar", "MARQUESINA": 1.0, "PAL": null, "PAL SOLAR": null, "PIU": null, "GEOMETRY": "POINT (2.1969688957483484 41.44297654838926)", "Type": "Bus Stop", "Evaluation": "No PID" }, "geometry": { "type": "Point", "coordinates": [ 2.196968895748348, 41.442976548389261 ] } },
{ "type": "Feature", "properties": { "CODI_PARADA": 2599, "NOM_PARADA": "Fra Juníper Serra - Formiga", "MARQUESINA": 1.0, "PAL": null, "PAL SOLAR": null, "PIU": null, "GEOMETRY": "POINT (2.2018964320039256 41.434114260060035)", "Type": "Bus Stop", "Evaluation": "No PID" }, "geometry": { "type": "Point", "coordinates": [ 2.201896432003926, 41.434114260060035 ] } },
{ "type": "Feature", "properties": { "CODI_PARADA": 2600, "NOM_PARADA": "Fra Juníper Serra", "MARQUESINA": 1.0, "PAL": null, "PAL SOLAR": null, "PIU": 1.0, "GEOMETRY": "POINT (2.203279068186752 41.43323734951745)", "Type": "Bus Stop", "Evaluation": "Has PID" }, "geometry": { "type": "Point", "coordinates": [ 2.203279068186752, 41.433237349517448 ] } },
{ "type": "Feature", "properties": { "CODI_PARADA": 2601, "NOM_PARADA": "Fra Juníper Serra - Santander", "MARQUESINA": null, "PAL": 1.0, "PAL SOLAR": null, "PIU": null, "GEOMETRY": "POINT (2.204854422908642 41.43272032571986)", "Type": "Bus Stop", "Evaluation": "No PID" }, "geometry": { "type": "Point", "coordinates": [ 2.204854422908642, 41.432720325719863 ] } },
{ "type": "Feature", "properties": { "CODI_PARADA": 2603, "NOM_PARADA": "CAP Ramona Via", "MARQUESINA": 1.0, "PAL": null, "PAL SOLAR": null, "PIU": null, "GEOMETRY": "POINT (2.1016052134505183 41.32852665807631)", "Type": "Bus Stop", "Evaluation": "No PID" }, "geometry": { "type": "Point", "coordinates": [ 2.101605213450518, 41.328526658076314 ] } },
{ "type": "Feature", "properties": { "CODI_PARADA": 2604, "NOM_PARADA": "Av Rasos de Peguera - Complex Esportiu Can Cuiàs", "MARQUESINA": 1.0, "PAL": null, "PAL SOLAR": null, "PIU": null, "GEOMETRY": "POINT (2.1684673700382815 41.45985907835941)", "Type": "Bus Stop", "Evaluation": "No PID" }, "geometry": { "type": "Point", "coordinates": [ 2.168467370038281, 41.459859078359408 ] } },
{ "type": "Feature", "properties": { "CODI_PARADA": 2605, "NOM_PARADA": "Perafita", "MARQUESINA": 1.0, "PAL": null, "PAL SOLAR": null, "PIU": null, "GEOMETRY": "POINT (2.1689103362680338 41.45952155827699)", "Type": "Bus Stop", "Evaluation": "No PID" }, "geometry": { "type": "Point", "coordinates": [ 2.168910336268034, 41.45952155827699 ] } },
{ "type": "Feature", "properties": { "CODI_PARADA": 2606, "NOM_PARADA": "Alumini - Alts Forns", "MARQUESINA": null, "PAL": 1.0, "PAL SOLAR": null, "PIU": null, "GEOMETRY": "POINT (2.1351900633463607 41.356086099168984)", "Type": "Bus Stop", "Evaluation": "No PID" }, "geometry": { "type": "Point", "coordinates": [ 2.135190063346361, 41.356086099168984 ] } },
{ "type": "Feature", "properties": { "CODI_PARADA": 2607, "NOM_PARADA": "Larrard - Rambla Mercedes", "MARQUESINA": null, "PAL": 1.0, "PAL SOLAR": null, "PIU": null, "GEOMETRY": "POINT (2.153859813111516 41.412381829854425)", "Type": "Bus Stop", "Evaluation": "No PID" }, "geometry": { "type": "Point", "coordinates": [ 2.153859813111516, 41.412381829854425 ] } },
{ "type": "Feature", "properties": { "CODI_PARADA": 2610, "NOM_PARADA": "Les Agudes 140", "MARQUESINA": 1.0, "PAL": null, "PAL SOLAR": null, "PIU": null, "GEOMETRY": "POINT (2.171967144279557 41.46048418398329)", "Type": "Bus Stop", "Evaluation": "No PID" }, "geometry": { "type": "Point", "coordinates": [ 2.171967144279557, 41.46048418398329 ] } },
{ "type": "Feature", "properties": { "CODI_PARADA": 2611, "NOM_PARADA": "F. C. Barcelona", "MARQUESINA": null, "PAL": null, "PAL SOLAR": 1.0, "PIU": null, "GEOMETRY": "POINT (2.120419970958638 41.381194108049975)", "Type": "Bus Stop", "Evaluation": "No PID" }, "geometry": { "type": "Point", "coordinates": [ 2.120419970958638, 41.381194108049975 ] } },
{ "type": "Feature", "properties": { "CODI_PARADA": 2612, "NOM_PARADA": "Caixaforum - Pavelló Mies van der Rohe", "MARQUESINA": null, "PAL": null, "PAL SOLAR": 1.0, "PIU": null, "GEOMETRY": "POINT (2.1496672666487546 41.371050095606705)", "Type": "Bus Stop", "Evaluation": "No PID" }, "geometry": { "type": "Point", "coordinates": [ 2.149667266648755, 41.371050095606705 ] } },
{ "type": "Feature", "properties": { "CODI_PARADA": 2613, "NOM_PARADA": "Barceloneta - Museu d'Història de Catalunya", "MARQUESINA": null, "PAL": null, "PAL SOLAR": 1.0, "PIU": null, "GEOMETRY": "POINT (2.1840085283554127 41.38100292986694)", "Type": "Bus Stop", "Evaluation": "No PID" }, "geometry": { "type": "Point", "coordinates": [ 2.184008528355413, 41.381002929866938 ] } },
{ "type": "Feature", "properties": { "CODI_PARADA": 2614, "NOM_PARADA": "Miramar - Jardins Costa i Llobera", "MARQUESINA": null, "PAL": null, "PAL SOLAR": 1.0, "PIU": null, "GEOMETRY": "POINT (2.1695106078332422 41.37023656381939)", "Type": "Bus Stop", "Evaluation": "No PID" }, "geometry": { "type": "Point", "coordinates": [ 2.169510607833242, 41.37023656381939 ] } },
{ "type": "Feature", "properties": { "CODI_PARADA": 2615, "NOM_PARADA": "Fundació Joan Miró", "MARQUESINA": null, "PAL": null, "PAL SOLAR": 1.0, "PIU": null, "GEOMETRY": "POINT (2.15996648271866 41.36789109541386)", "Type": "Bus Stop", "Evaluation": "No PID" }, "geometry": { "type": "Point", "coordinates": [ 2.15996648271866, 41.36789109541386 ] } },
{ "type": "Feature", "properties": { "CODI_PARADA": 2616, "NOM_PARADA": "Mercat Mare de Déu de la Mercè", "MARQUESINA": 1.0, "PAL": null, "PAL SOLAR": null, "PIU": 1.0, "GEOMETRY": "POINT (2.1727296580285222 41.430395769767586)", "Type": "Bus Stop", "Evaluation": "Has PID" }, "geometry": { "type": "Point", "coordinates": [ 2.172729658028522, 41.430395769767586 ] } },
{ "type": "Feature", "properties": { "CODI_PARADA": 2617, "NOM_PARADA": "Les Drassanes", "MARQUESINA": 1.0, "PAL": null, "PAL SOLAR": null, "PIU": 1.0, "GEOMETRY": "POINT (2.176747377645749 41.374786419386936)", "Type": "Bus Stop", "Evaluation": "Has PID" }, "geometry": { "type": "Point", "coordinates": [ 2.176747377645749, 41.374786419386936 ] } },
{ "type": "Feature", "properties": { "CODI_PARADA": 2618, "NOM_PARADA": "Les Drassanes", "MARQUESINA": 1.0, "PAL": null, "PAL SOLAR": null, "PIU": 1.0, "GEOMETRY": "POINT (2.177143112281045 41.37479872356159)", "Type": "Bus Stop", "Evaluation": "Has PID" }, "geometry": { "type": "Point", "coordinates": [ 2.177143112281045, 41.374798723561589 ] } },
{ "type": "Feature", "properties": { "CODI_PARADA": 2619, "NOM_PARADA": "Ctra de Ribes - Via Favència", "MARQUESINA": null, "PAL": 1.0, "PAL SOLAR": null, "PIU": null, "GEOMETRY": "POINT (2.1896274610580977 41.447955069952755)", "Type": "Bus Stop", "Evaluation": "No PID" }, "geometry": { "type": "Point", "coordinates": [ 2.189627461058098, 41.447955069952755 ] } },
{ "type": "Feature", "properties": { "CODI_PARADA": 2620, "NOM_PARADA": "Ctra de Ribes - Tossal", "MARQUESINA": 1.0, "PAL": null, "PAL SOLAR": null, "PIU": null, "GEOMETRY": "POINT (2.189623693281311 41.448119447132655)", "Type": "Bus Stop", "Evaluation": "No PID" }, "geometry": { "type": "Point", "coordinates": [ 2.189623693281311, 41.448119447132655 ] } },
{ "type": "Feature", "properties": { "CODI_PARADA": 2622, "NOM_PARADA": "Camí de l'Església - Rembrandt", "MARQUESINA": 1.0, "PAL": null, "PAL SOLAR": null, "PIU": null, "GEOMETRY": "POINT (2.1533975017191644 41.43413603614921)", "Type": "Bus Stop", "Evaluation": "No PID" }, "geometry": { "type": "Point", "coordinates": [ 2.153397501719164, 41.434136036149212 ] } },
{ "type": "Feature", "properties": { "CODI_PARADA": 2623, "NOM_PARADA": "Petúnies - Circumval·lació", "MARQUESINA": null, "PAL": 1.0, "PAL SOLAR": null, "PIU": null, "GEOMETRY": "POINT (2.1714896492378197 41.46313982557609)", "Type": "Bus Stop", "Evaluation": "No PID" }, "geometry": { "type": "Point", "coordinates": [ 2.17148964923782, 41.463139825576093 ] } },
{ "type": "Feature", "properties": { "CODI_PARADA": 2625, "NOM_PARADA": "Ganduxer - Via Augusta", "MARQUESINA": null, "PAL": 1.0, "PAL SOLAR": null, "PIU": null, "GEOMETRY": "POINT (2.1349039572590605 41.398468005625254)", "Type": "Bus Stop", "Evaluation": "No PID" }, "geometry": { "type": "Point", "coordinates": [ 2.13490395725906, 41.398468005625254 ] } },
{ "type": "Feature", "properties": { "CODI_PARADA": 2626, "NOM_PARADA": "Pg Joan de Borbó - Pl del Mar", "MARQUESINA": null, "PAL": 1.0, "PAL SOLAR": null, "PIU": null, "GEOMETRY": "POINT (2.188248765532819 41.374129312452006)", "Type": "Bus Stop", "Evaluation": "No PID" }, "geometry": { "type": "Point", "coordinates": [ 2.188248765532819, 41.374129312452006 ] } },
{ "type": "Feature", "properties": { "CODI_PARADA": 2627, "NOM_PARADA": "Lilà - Júpiter", "MARQUESINA": 1.0, "PAL": null, "PAL SOLAR": null, "PIU": null, "GEOMETRY": "POINT (2.100688644951077 41.42936736709358)", "Type": "Bus Stop", "Evaluation": "No PID" }, "geometry": { "type": "Point", "coordinates": [ 2.100688644951077, 41.429367367093583 ] } },
{ "type": "Feature", "properties": { "CODI_PARADA": 2628, "NOM_PARADA": "Lilà - Menta", "MARQUESINA": 1.0, "PAL": null, "PAL SOLAR": null, "PIU": null, "GEOMETRY": "POINT (2.100863836516883 41.42946640913656)", "Type": "Bus Stop", "Evaluation": "No PID" }, "geometry": { "type": "Point", "coordinates": [ 2.100863836516883, 41.429466409136559 ] } },
{ "type": "Feature", "properties": { "CODI_PARADA": 2629, "NOM_PARADA": "Ctra de Vallvidrera - St Cugat", "MARQUESINA": null, "PAL": 1.0, "PAL SOLAR": null, "PIU": null, "GEOMETRY": "POINT (2.1200124095813035 41.42576686642593)", "Type": "Bus Stop", "Evaluation": "No PID" }, "geometry": { "type": "Point", "coordinates": [ 2.120012409581304, 41.425766866425931 ] } },
{ "type": "Feature", "properties": { "CODI_PARADA": 2630, "NOM_PARADA": "Tossal - Pl Josep Andreu i Abelló", "MARQUESINA": 1.0, "PAL": null, "PAL SOLAR": null, "PIU": null, "GEOMETRY": "POINT (2.1906922538405493 41.44872725433311)", "Type": "Bus Stop", "Evaluation": "No PID" }, "geometry": { "type": "Point", "coordinates": [ 2.190692253840549, 41.448727254333107 ] } },
{ "type": "Feature", "properties": { "CODI_PARADA": 2631, "NOM_PARADA": "Av Barcelona - John F Kennedy", "MARQUESINA": null, "PAL": 1.0, "PAL SOLAR": null, "PIU": null, "GEOMETRY": "POINT (2.0760236078437813 41.37059210693794)", "Type": "Bus Stop", "Evaluation": "No PID" }, "geometry": { "type": "Point", "coordinates": [ 2.076023607843781, 41.370592106937941 ] } },
{ "type": "Feature", "properties": { "CODI_PARADA": 2635, "NOM_PARADA": "Av Baix Llobregat - Av Barcelona", "MARQUESINA": null, "PAL": 1.0, "PAL SOLAR": null, "PIU": null, "GEOMETRY": "POINT (2.0761871830833742 41.37182536775405)", "Type": "Bus Stop", "Evaluation": "No PID" }, "geometry": { "type": "Point", "coordinates": [ 2.076187183083374, 41.371825367754049 ] } },
{ "type": "Feature", "properties": { "CODI_PARADA": 2636, "NOM_PARADA": "Av Baix Llobregat - Àngel Guimerà", "MARQUESINA": null, "PAL": null, "PAL SOLAR": 1.0, "PIU": 1.0, "GEOMETRY": "POINT (2.0770887309674744 41.371495492691174)", "Type": "Bus Stop", "Evaluation": "Has PID" }, "geometry": { "type": "Point", "coordinates": [ 2.077088730967474, 41.371495492691174 ] } },
{ "type": "Feature", "properties": { "CODI_PARADA": 2637, "NOM_PARADA": "Av Baix Llobregat - Cirerers", "MARQUESINA": null, "PAL": null, "PAL SOLAR": 1.0, "PIU": 1.0, "GEOMETRY": "POINT (2.0791398880575542 41.36952159854235)", "Type": "Bus Stop", "Evaluation": "Has PID" }, "geometry": { "type": "Point", "coordinates": [ 2.079139888057554, 41.369521598542349 ] } },
{ "type": "Feature", "properties": { "CODI_PARADA": 2638, "NOM_PARADA": "Av Baix Llobregat - Enric Granados", "MARQUESINA": null, "PAL": null, "PAL SOLAR": 1.0, "PIU": 1.0, "GEOMETRY": "POINT (2.078687892789228 41.37017976807152)", "Type": "Bus Stop", "Evaluation": "Has PID" }, "geometry": { "type": "Point", "coordinates": [ 2.078687892789228, 41.370179768071523 ] } },
{ "type": "Feature", "properties": { "CODI_PARADA": 2643, "NOM_PARADA": "Fòrum", "MARQUESINA": null, "PAL": null, "PAL SOLAR": 1.0, "PIU": null, "GEOMETRY": "POINT (2.218686482156215 41.41069470518008)", "Type": "Bus Stop", "Evaluation": "No PID" }, "geometry": { "type": "Point", "coordinates": [ 2.218686482156215, 41.410694705180077 ] } },
{ "type": "Feature", "properties": { "CODI_PARADA": 2644, "NOM_PARADA": "Parc Diagonal Mar", "MARQUESINA": null, "PAL": null, "PAL SOLAR": 1.0, "PIU": null, "GEOMETRY": "POINT (2.213923049298454 41.405069841002216)", "Type": "Bus Stop", "Evaluation": "No PID" }, "geometry": { "type": "Point", "coordinates": [ 2.213923049298454, 41.405069841002216 ] } },
{ "type": "Feature", "properties": { "CODI_PARADA": 2655, "NOM_PARADA": "Collserola - Josep Garí", "MARQUESINA": null, "PAL": 1.0, "PAL SOLAR": null, "PIU": null, "GEOMETRY": "POINT (2.136103279948159 41.41624828471468)", "Type": "Bus Stop", "Evaluation": "No PID" }, "geometry": { "type": "Point", "coordinates": [ 2.136103279948159, 41.416248284714683 ] } },
{ "type": "Feature", "properties": { "CODI_PARADA": 2656, "NOM_PARADA": "Vall Park", "MARQUESINA": null, "PAL": 1.0, "PAL SOLAR": null, "PIU": null, "GEOMETRY": "POINT (2.1351581673919355 41.42478195613148)", "Type": "Bus Stop", "Evaluation": "No PID" }, "geometry": { "type": "Point", "coordinates": [ 2.135158167391936, 41.424781956131483 ] } },
{ "type": "Feature", "properties": { "CODI_PARADA": 2660, "NOM_PARADA": "Argentina - Bernat Metge", "MARQUESINA": 1.0, "PAL": null, "PAL SOLAR": null, "PIU": null, "GEOMETRY": "POINT (2.2126285377120416 41.42129390784171)", "Type": "Bus Stop", "Evaluation": "No PID" }, "geometry": { "type": "Point", "coordinates": [ 2.212628537712042, 41.421293907841708 ] } },
{ "type": "Feature", "properties": { "CODI_PARADA": 2662, "NOM_PARADA": "Segura - Jocs del 92", "MARQUESINA": null, "PAL": 1.0, "PAL SOLAR": null, "PIU": null, "GEOMETRY": "POINT (2.145484902177726 41.36319883122451)", "Type": "Bus Stop", "Evaluation": "No PID" }, "geometry": { "type": "Point", "coordinates": [ 2.145484902177726, 41.363198831224508 ] } },
{ "type": "Feature", "properties": { "CODI_PARADA": 2664, "NOM_PARADA": "Zona càrrega (sentit T1)", "MARQUESINA": null, "PAL": 1.0, "PAL SOLAR": null, "PIU": null, "GEOMETRY": "POINT (2.068817155259125 41.30143954029846)", "Type": "Bus Stop", "Evaluation": "No PID" }, "geometry": { "type": "Point", "coordinates": [ 2.068817155259125, 41.30143954029846 ] } },
{ "type": "Feature", "properties": { "CODI_PARADA": 2665, "NOM_PARADA": "Indústria - Freser", "MARQUESINA": 1.0, "PAL": null, "PAL SOLAR": null, "PIU": null, "GEOMETRY": "POINT (2.1817799431490568 41.415183007963876)", "Type": "Bus Stop", "Evaluation": "No PID" }, "geometry": { "type": "Point", "coordinates": [ 2.181779943149057, 41.415183007963876 ] } },
{ "type": "Feature", "properties": { "CODI_PARADA": 2667, "NOM_PARADA": "Av Barcelona - Major", "MARQUESINA": null, "PAL": null, "PAL SOLAR": 1.0, "PIU": 1.0, "GEOMETRY": "POINT (2.0583320100726477 41.36339401216817)", "Type": "Bus Stop", "Evaluation": "Has PID" }, "geometry": { "type": "Point", "coordinates": [ 2.058332010072648, 41.363394012168172 ] } },
{ "type": "Feature", "properties": { "CODI_PARADA": 2668, "NOM_PARADA": "Sant Antoni Maria Claret - Pg Maragall", "MARQUESINA": 1.0, "PAL": null, "PAL SOLAR": null, "PIU": null, "GEOMETRY": "POINT (2.1808646056503944 41.41615904785441)", "Type": "Bus Stop", "Evaluation": "No PID" }, "geometry": { "type": "Point", "coordinates": [ 2.180864605650394, 41.416159047854407 ] } },
{ "type": "Feature", "properties": { "CODI_PARADA": 2669, "NOM_PARADA": "Villar - Pg Maragall", "MARQUESINA": null, "PAL": 1.0, "PAL SOLAR": null, "PIU": null, "GEOMETRY": "POINT (2.180076397599582 41.41636743540193)", "Type": "Bus Stop", "Evaluation": "No PID" }, "geometry": { "type": "Point", "coordinates": [ 2.180076397599582, 41.416367435401931 ] } },
{ "type": "Feature", "properties": { "CODI_PARADA": 2670, "NOM_PARADA": "Rambla Volart - Trobador", "MARQUESINA": null, "PAL": 1.0, "PAL SOLAR": null, "PIU": null, "GEOMETRY": "POINT (2.1785621843356604 41.416212069073204)", "Type": "Bus Stop", "Evaluation": "No PID" }, "geometry": { "type": "Point", "coordinates": [ 2.17856218433566, 41.416212069073204 ] } },
{ "type": "Feature", "properties": { "CODI_PARADA": 2672, "NOM_PARADA": "Torrent de Cal Notari", "MARQUESINA": 1.0, "PAL": null, "PAL SOLAR": null, "PIU": null, "GEOMETRY": "POINT (2.1502883943380473 41.44024209686296)", "Type": "Bus Stop", "Evaluation": "No PID" }, "geometry": { "type": "Point", "coordinates": [ 2.150288394338047, 41.44024209686296 ] } },
{ "type": "Feature", "properties": { "CODI_PARADA": 2674, "NOM_PARADA": "Mestre Dalmau - Feliu i Codina", "MARQUESINA": null, "PAL": 1.0, "PAL SOLAR": null, "PIU": null, "GEOMETRY": "POINT (2.161693846044358 41.43379003522932)", "Type": "Bus Stop", "Evaluation": "No PID" }, "geometry": { "type": "Point", "coordinates": [ 2.161693846044358, 41.433790035229322 ] } },
{ "type": "Feature", "properties": { "CODI_PARADA": 2675, "NOM_PARADA": "Congrés - Doctor Letamendi", "MARQUESINA": null, "PAL": 1.0, "PAL SOLAR": null, "PIU": null, "GEOMETRY": "POINT (2.16089532622197 41.4369627748276)", "Type": "Bus Stop", "Evaluation": "No PID" }, "geometry": { "type": "Point", "coordinates": [ 2.16089532622197, 41.436962774827599 ] } },
{ "type": "Feature", "properties": { "CODI_PARADA": 2678, "NOM_PARADA": "Pg Universal - Doctor Letamendi", "MARQUESINA": null, "PAL": 1.0, "PAL SOLAR": null, "PIU": null, "GEOMETRY": "POINT (2.161451826915034 41.437635010552206)", "Type": "Bus Stop", "Evaluation": "No PID" }, "geometry": { "type": "Point", "coordinates": [ 2.161451826915034, 41.437635010552206 ] } },
{ "type": "Feature", "properties": { "CODI_PARADA": 2681, "NOM_PARADA": "Pg Reina Elisenda - Av JV Foix", "MARQUESINA": null, "PAL": 1.0, "PAL SOLAR": null, "PIU": null, "GEOMETRY": "POINT (2.118456932029387 41.398486349157935)", "Type": "Bus Stop", "Evaluation": "No PID" }, "geometry": { "type": "Point", "coordinates": [ 2.118456932029387, 41.398486349157935 ] } },
{ "type": "Feature", "properties": { "CODI_PARADA": 2683, "NOM_PARADA": "Rambla Prim - Metro La Pau", "MARQUESINA": 1.0, "PAL": null, "PAL SOLAR": null, "PIU": 1.0, "GEOMETRY": "POINT (2.2046131166718586 41.422786924105054)", "Type": "Bus Stop", "Evaluation": "Has PID" }, "geometry": { "type": "Point", "coordinates": [ 2.204613116671859, 41.422786924105054 ] } },
{ "type": "Feature", "properties": { "CODI_PARADA": 2685, "NOM_PARADA": "Cardenal Reig - Av St Ramon Nonat", "MARQUESINA": 1.0, "PAL": null, "PAL SOLAR": null, "PIU": 1.0, "GEOMETRY": "POINT (2.1174857757043637 41.37854860824088)", "Type": "Bus Stop", "Evaluation": "Has PID" }, "geometry": { "type": "Point", "coordinates": [ 2.117485775704364, 41.378548608240877 ] } },
{ "type": "Feature", "properties": { "CODI_PARADA": 2686, "NOM_PARADA": "Sarrià", "MARQUESINA": null, "PAL": null, "PAL SOLAR": 1.0, "PIU": null, "GEOMETRY": "POINT (2.120093480923563 41.39949100338799)", "Type": "Bus Stop", "Evaluation": "No PID" }, "geometry": { "type": "Point", "coordinates": [ 2.120093480923563, 41.399491003387993 ] } },
{ "type": "Feature", "properties": { "CODI_PARADA": 2689, "NOM_PARADA": "Diagonal Mar", "MARQUESINA": 1.0, "PAL": null, "PAL SOLAR": null, "PIU": 1.0, "GEOMETRY": "POINT (2.2183089298739276 41.41028316250791)", "Type": "Bus Stop", "Evaluation": "Has PID" }, "geometry": { "type": "Point", "coordinates": [ 2.218308929873928, 41.410283162507909 ] } },
{ "type": "Feature", "properties": { "CODI_PARADA": 2690, "NOM_PARADA": "Av Madrid - Joan Güell", "MARQUESINA": 1.0, "PAL": null, "PAL SOLAR": null, "PIU": null, "GEOMETRY": "POINT (2.1315843619365618 41.380694472169736)", "Type": "Bus Stop", "Evaluation": "No PID" }, "geometry": { "type": "Point", "coordinates": [ 2.131584361936562, 41.380694472169736 ] } },
{ "type": "Feature", "properties": { "CODI_PARADA": 2691, "NOM_PARADA": "Via Nostra - Sra de la Merçé", "MARQUESINA": null, "PAL": 1.0, "PAL SOLAR": null, "PIU": null, "GEOMETRY": "POINT (2.154904420094472 41.35872347602502)", "Type": "Bus Stop", "Evaluation": "No PID" }, "geometry": { "type": "Point", "coordinates": [ 2.154904420094472, 41.35872347602502 ] } },
{ "type": "Feature", "properties": { "CODI_PARADA": 2692, "NOM_PARADA": "Via Sant Salvador", "MARQUESINA": null, "PAL": 1.0, "PAL SOLAR": null, "PIU": null, "GEOMETRY": "POINT (2.157070772719362 41.358719481983506)", "Type": "Bus Stop", "Evaluation": "No PID" }, "geometry": { "type": "Point", "coordinates": [ 2.157070772719362, 41.358719481983506 ] } },
{ "type": "Feature", "properties": { "CODI_PARADA": 2693, "NOM_PARADA": "Via Sant Salvador - Via Sant Lluís", "MARQUESINA": null, "PAL": 1.0, "PAL SOLAR": null, "PIU": null, "GEOMETRY": "POINT (2.1551519289384053 41.3584181500196)", "Type": "Bus Stop", "Evaluation": "No PID" }, "geometry": { "type": "Point", "coordinates": [ 2.155151928938405, 41.358418150019602 ] } },
{ "type": "Feature", "properties": { "CODI_PARADA": 2694, "NOM_PARADA": "Via Sant Lluís", "MARQUESINA": null, "PAL": 1.0, "PAL SOLAR": null, "PIU": null, "GEOMETRY": "POINT (2.15364795353057 41.35798937816767)", "Type": "Bus Stop", "Evaluation": "No PID" }, "geometry": { "type": "Point", "coordinates": [ 2.15364795353057, 41.357989378167673 ] } },
{ "type": "Feature", "properties": { "CODI_PARADA": 2695, "NOM_PARADA": "Dolors Batlle i Sunyer - Numància", "MARQUESINA": 1.0, "PAL": null, "PAL SOLAR": null, "PIU": null, "GEOMETRY": "POINT (2.1402065903102 41.38157532616265)", "Type": "Bus Stop", "Evaluation": "No PID" }, "geometry": { "type": "Point", "coordinates": [ 2.1402065903102, 41.381575326162647 ] } },
{ "type": "Feature", "properties": { "CODI_PARADA": 2697, "NOM_PARADA": "Pl Santa Magdalena", "MARQUESINA": 1.0, "PAL": null, "PAL SOLAR": null, "PIU": null, "GEOMETRY": "POINT (2.087868945287863 41.37747402285944)", "Type": "Bus Stop", "Evaluation": "No PID" }, "geometry": { "type": "Point", "coordinates": [ 2.087868945287863, 41.377474022859438 ] } },
{ "type": "Feature", "properties": { "CODI_PARADA": 2698, "NOM_PARADA": "Espronceda - Marroc", "MARQUESINA": 1.0, "PAL": null, "PAL SOLAR": null, "PIU": 1.0, "GEOMETRY": "POINT (2.200100482585687 41.40867856448877)", "Type": "Bus Stop", "Evaluation": "Has PID" }, "geometry": { "type": "Point", "coordinates": [ 2.200100482585687, 41.408678564488767 ] } },
{ "type": "Feature", "properties": { "CODI_PARADA": 2699, "NOM_PARADA": "Espronceda - Pere IV", "MARQUESINA": 1.0, "PAL": null, "PAL SOLAR": null, "PIU": 1.0, "GEOMETRY": "POINT (2.202841643851682 41.40659481751139)", "Type": "Bus Stop", "Evaluation": "Has PID" }, "geometry": { "type": "Point", "coordinates": [ 2.202841643851682, 41.40659481751139 ] } },
{ "type": "Feature", "properties": { "CODI_PARADA": 2700, "NOM_PARADA": "Espronceda - Jardins Josep Trueta", "MARQUESINA": 1.0, "PAL": null, "PAL SOLAR": null, "PIU": 1.0, "GEOMETRY": "POINT (2.2057756432324163 41.40438413848542)", "Type": "Bus Stop", "Evaluation": "Has PID" }, "geometry": { "type": "Point", "coordinates": [ 2.205775643232416, 41.404384138485419 ] } },
{ "type": "Feature", "properties": { "CODI_PARADA": 2701, "NOM_PARADA": "Palomar - Gran de Sant Andreu", "MARQUESINA": null, "PAL": 1.0, "PAL SOLAR": null, "PIU": null, "GEOMETRY": "POINT (2.1886478028114777 41.44196441970689)", "Type": "Bus Stop", "Evaluation": "No PID" }, "geometry": { "type": "Point", "coordinates": [ 2.188647802811478, 41.441964419706892 ] } },
{ "type": "Feature", "properties": { "CODI_PARADA": 2703, "NOM_PARADA": "Platja del Bogatell", "MARQUESINA": null, "PAL": null, "PAL SOLAR": 1.0, "PIU": null, "GEOMETRY": "POINT (2.2031534215460966 41.39168360830702)", "Type": "Bus Stop", "Evaluation": "No PID" }, "geometry": { "type": "Point", "coordinates": [ 2.203153421546097, 41.391683608307019 ] } },
{ "type": "Feature", "properties": { "CODI_PARADA": 2704, "NOM_PARADA": "Pg de Solé i Pla - Pollancres", "MARQUESINA": null, "PAL": 1.0, "PAL SOLAR": null, "PIU": null, "GEOMETRY": "POINT (2.0888452738900973 41.42719557442006)", "Type": "Bus Stop", "Evaluation": "No PID" }, "geometry": { "type": "Point", "coordinates": [ 2.088845273890097, 41.427195574420061 ] } },
{ "type": "Feature", "properties": { "CODI_PARADA": 2705, "NOM_PARADA": "Av Riera de Sant Cugat - Ptge de la Pintura", "MARQUESINA": null, "PAL": 1.0, "PAL SOLAR": null, "PIU": null, "GEOMETRY": "POINT (2.1813540184510702 41.485782137405586)", "Type": "Bus Stop", "Evaluation": "No PID" }, "geometry": { "type": "Point", "coordinates": [ 2.18135401845107, 41.485782137405586 ] } },
{ "type": "Feature", "properties": { "CODI_PARADA": 2706, "NOM_PARADA": "Pont d'Esplugues - Av de Cornellà", "MARQUESINA": 1.0, "PAL": null, "PAL SOLAR": null, "PIU": null, "GEOMETRY": "POINT (2.087633805000562 41.3763677126538)", "Type": "Bus Stop", "Evaluation": "No PID" }, "geometry": { "type": "Point", "coordinates": [ 2.087633805000562, 41.376367712653803 ] } },
{ "type": "Feature", "properties": { "CODI_PARADA": 2709, "NOM_PARADA": "Pablo Iglesias - Av Joan Carles I", "MARQUESINA": null, "PAL": 1.0, "PAL SOLAR": null, "PIU": null, "GEOMETRY": "POINT (2.131052455289823 41.34906624934229)", "Type": "Bus Stop", "Evaluation": "No PID" }, "geometry": { "type": "Point", "coordinates": [ 2.131052455289823, 41.349066249342293 ] } },
{ "type": "Feature", "properties": { "CODI_PARADA": 2712, "NOM_PARADA": "Foc - Metal·lúrgia", "MARQUESINA": 1.0, "PAL": null, "PAL SOLAR": null, "PIU": null, "GEOMETRY": "POINT (2.1344243046931126 41.353258816067466)", "Type": "Bus Stop", "Evaluation": "No PID" }, "geometry": { "type": "Point", "coordinates": [ 2.134424304693113, 41.353258816067466 ] } },
{ "type": "Feature", "properties": { "CODI_PARADA": 2716, "NOM_PARADA": "Av de l'Exèrcit - Trias i Giró", "MARQUESINA": null, "PAL": 1.0, "PAL SOLAR": null, "PIU": null, "GEOMETRY": "POINT (2.1115253308226154 41.38606689101074)", "Type": "Bus Stop", "Evaluation": "No PID" }, "geometry": { "type": "Point", "coordinates": [ 2.111525330822615, 41.386066891010742 ] } },
{ "type": "Feature", "properties": { "CODI_PARADA": 2717, "NOM_PARADA": "Camp Municipal de futbol Vallbona", "MARQUESINA": null, "PAL": 1.0, "PAL SOLAR": null, "PIU": null, "GEOMETRY": "POINT (2.185424149897431 41.463995805988475)", "Type": "Bus Stop", "Evaluation": "No PID" }, "geometry": { "type": "Point", "coordinates": [ 2.185424149897431, 41.463995805988475 ] } },
{ "type": "Feature", "properties": { "CODI_PARADA": 2718, "NOM_PARADA": "Pl Primer de Maig", "MARQUESINA": 1.0, "PAL": null, "PAL SOLAR": null, "PIU": null, "GEOMETRY": "POINT (2.1860020531940325 41.46613516298196)", "Type": "Bus Stop", "Evaluation": "No PID" }, "geometry": { "type": "Point", "coordinates": [ 2.186002053194033, 41.466135162981963 ] } },
{ "type": "Feature", "properties": { "CODI_PARADA": 2722, "NOM_PARADA": "Vapor - Treball", "MARQUESINA": null, "PAL": 1.0, "PAL SOLAR": null, "PIU": null, "GEOMETRY": "POINT (2.179078883851437 41.48683309909636)", "Type": "Bus Stop", "Evaluation": "No PID" }, "geometry": { "type": "Point", "coordinates": [ 2.179078883851437, 41.486833099096359 ] } },
{ "type": "Feature", "properties": { "CODI_PARADA": 2723, "NOM_PARADA": "Badajoz - Pujades", "MARQUESINA": 1.0, "PAL": null, "PAL SOLAR": null, "PIU": 1.0, "GEOMETRY": "POINT (2.1954295601735576 41.39869806268313)", "Type": "Bus Stop", "Evaluation": "Has PID" }, "geometry": { "type": "Point", "coordinates": [ 2.195429560173558, 41.398698062683131 ] } },
{ "type": "Feature", "properties": { "CODI_PARADA": 2724, "NOM_PARADA": "Larrard - Mare de Déu de la Salut", "MARQUESINA": null, "PAL": 1.0, "PAL SOLAR": null, "PIU": null, "GEOMETRY": "POINT (2.1556770565389787 41.41095274387516)", "Type": "Bus Stop", "Evaluation": "No PID" }, "geometry": { "type": "Point", "coordinates": [ 2.155677056538979, 41.410952743875157 ] } },
{ "type": "Feature", "properties": { "CODI_PARADA": 2725, "NOM_PARADA": "Coll i Alentorn - Basses d'Horta", "MARQUESINA": null, "PAL": 1.0, "PAL SOLAR": null, "PIU": null, "GEOMETRY": "POINT (2.1432611091947766 41.42438190515082)", "Type": "Bus Stop", "Evaluation": "No PID" }, "geometry": { "type": "Point", "coordinates": [ 2.143261109194777, 41.424381905150817 ] } },
{ "type": "Feature", "properties": { "CODI_PARADA": 2728, "NOM_PARADA": "Pl Karl Marx - Ronda Guineueta Vella", "MARQUESINA": 1.0, "PAL": null, "PAL SOLAR": null, "PIU": null, "GEOMETRY": "POINT (2.16322595230322 41.44052339427959)", "Type": "Bus Stop", "Evaluation": "No PID" }, "geometry": { "type": "Point", "coordinates": [ 2.16322595230322, 41.440523394279587 ] } },
{ "type": "Feature", "properties": { "CODI_PARADA": 2732, "NOM_PARADA": "Torre Glòries - 22@", "MARQUESINA": null, "PAL": null, "PAL SOLAR": 1.0, "PIU": null, "GEOMETRY": "POINT (2.1893324895731476 41.4040986729292)", "Type": "Bus Stop", "Evaluation": "No PID" }, "geometry": { "type": "Point", "coordinates": [ 2.189332489573148, 41.404098672929202 ] } },
{ "type": "Feature", "properties": { "CODI_PARADA": 2733, "NOM_PARADA": "Hospital de Sant Pau", "MARQUESINA": 1.0, "PAL": null, "PAL SOLAR": null, "PIU": null, "GEOMETRY": "POINT (2.1732068884621873 41.41491891176247)", "Type": "Bus Stop", "Evaluation": "No PID" }, "geometry": { "type": "Point", "coordinates": [ 2.173206888462187, 41.41491891176247 ] } },
{ "type": "Feature", "properties": { "CODI_PARADA": 2734, "NOM_PARADA": "Sant Quintí - Hospital de St Pau", "MARQUESINA": 1.0, "PAL": null, "PAL SOLAR": null, "PIU": null, "GEOMETRY": "POINT (2.1757937617876992 41.415123155627576)", "Type": "Bus Stop", "Evaluation": "No PID" }, "geometry": { "type": "Point", "coordinates": [ 2.175793761787699, 41.415123155627576 ] } },
{ "type": "Feature", "properties": { "CODI_PARADA": 2735, "NOM_PARADA": "Sant Quintí - Sant Antoni Maria Claret", "MARQUESINA": 1.0, "PAL": null, "PAL SOLAR": null, "PIU": null, "GEOMETRY": "POINT (2.1774226588393275 41.41389251297532)", "Type": "Bus Stop", "Evaluation": "No PID" }, "geometry": { "type": "Point", "coordinates": [ 2.177422658839328, 41.413892512975323 ] } },
{ "type": "Feature", "properties": { "CODI_PARADA": 2736, "NOM_PARADA": "Navas de Tolosa - Indústria", "MARQUESINA": 1.0, "PAL": null, "PAL SOLAR": null, "PIU": 1.0, "GEOMETRY": "POINT (2.185021954497869 41.41660637040302)", "Type": "Bus Stop", "Evaluation": "Has PID" }, "geometry": { "type": "Point", "coordinates": [ 2.185021954497869, 41.416606370403017 ] } },
{ "type": "Feature", "properties": { "CODI_PARADA": 2737, "NOM_PARADA": "Navas de Tolosa - Meridiana", "MARQUESINA": 1.0, "PAL": null, "PAL SOLAR": null, "PIU": null, "GEOMETRY": "POINT (2.1875417440621017 41.41471078829552)", "Type": "Bus Stop", "Evaluation": "No PID" }, "geometry": { "type": "Point", "coordinates": [ 2.187541744062102, 41.414710788295523 ] } },
{ "type": "Feature", "properties": { "CODI_PARADA": 2738, "NOM_PARADA": "Navas de Tolosa - Clot", "MARQUESINA": 1.0, "PAL": null, "PAL SOLAR": null, "PIU": 1.0, "GEOMETRY": "POINT (2.189308117642089 41.41339041514817)", "Type": "Bus Stop", "Evaluation": "Has PID" }, "geometry": { "type": "Point", "coordinates": [ 2.189308117642089, 41.413390415148172 ] } },
{ "type": "Feature", "properties": { "CODI_PARADA": 2740, "NOM_PARADA": "Bilbao - Pere IV", "MARQUESINA": 1.0, "PAL": null, "PAL SOLAR": null, "PIU": null, "GEOMETRY": "POINT (2.2001979381038947 41.405216893625926)", "Type": "Bus Stop", "Evaluation": "No PID" }, "geometry": { "type": "Point", "coordinates": [ 2.200197938103895, 41.405216893625926 ] } },
{ "type": "Feature", "properties": { "CODI_PARADA": 2741, "NOM_PARADA": "Pujades - Llacuna", "MARQUESINA": 1.0, "PAL": null, "PAL SOLAR": null, "PIU": null, "GEOMETRY": "POINT (2.199012931788217 41.400472742441565)", "Type": "Bus Stop", "Evaluation": "No PID" }, "geometry": { "type": "Point", "coordinates": [ 2.199012931788217, 41.400472742441565 ] } },
{ "type": "Feature", "properties": { "CODI_PARADA": 2742, "NOM_PARADA": "Glòries - Meridiana", "MARQUESINA": 1.0, "PAL": null, "PAL SOLAR": null, "PIU": 1.0, "GEOMETRY": "POINT (2.1873032595017023 41.40488199088139)", "Type": "Bus Stop", "Evaluation": "Has PID" }, "geometry": { "type": "Point", "coordinates": [ 2.187303259501702, 41.404881990881393 ] } },
{ "type": "Feature", "properties": { "CODI_PARADA": 2747, "NOM_PARADA": "Fundació Puigvert", "MARQUESINA": null, "PAL": 1.0, "PAL SOLAR": null, "PIU": null, "GEOMETRY": "POINT (2.172287347950617 41.4128012216389)", "Type": "Bus Stop", "Evaluation": "No PID" }, "geometry": { "type": "Point", "coordinates": [ 2.172287347950617, 41.412801221638901 ] } },
{ "type": "Feature", "properties": { "CODI_PARADA": 2750, "NOM_PARADA": "St. Ramon de Penyafort - Manuel Fernández Márquez", "MARQUESINA": 1.0, "PAL": null, "PAL SOLAR": null, "PIU": null, "GEOMETRY": "POINT (2.219692049973033 41.415012138543524)", "Type": "Bus Stop", "Evaluation": "No PID" }, "geometry": { "type": "Point", "coordinates": [ 2.219692049973033, 41.415012138543524 ] } },
{ "type": "Feature", "properties": { "CODI_PARADA": 2752, "NOM_PARADA": "CEIP Mercè Rodoreda", "MARQUESINA": null, "PAL": 1.0, "PAL SOLAR": null, "PIU": null, "GEOMETRY": "POINT (2.1864726197356203 41.445947958466995)", "Type": "Bus Stop", "Evaluation": "No PID" }, "geometry": { "type": "Point", "coordinates": [ 2.18647261973562, 41.445947958466995 ] } },
{ "type": "Feature", "properties": { "CODI_PARADA": 2753, "NOM_PARADA": "Av Rio de Janeiro - Tissó", "MARQUESINA": 1.0, "PAL": null, "PAL SOLAR": null, "PIU": null, "GEOMETRY": "POINT (2.184615742334599 41.44187343805599)", "Type": "Bus Stop", "Evaluation": "No PID" }, "geometry": { "type": "Point", "coordinates": [ 2.184615742334599, 41.441873438055993 ] } },
{ "type": "Feature", "properties": { "CODI_PARADA": 2758, "NOM_PARADA": "Rda Guinardó - Torre dels Pardals - Maragall", "MARQUESINA": 1.0, "PAL": null, "PAL SOLAR": null, "PIU": 1.0, "GEOMETRY": "POINT (2.177325633446657 41.422174104765176)", "Type": "Bus Stop", "Evaluation": "Has PID" }, "geometry": { "type": "Point", "coordinates": [ 2.177325633446657, 41.422174104765176 ] } },
{ "type": "Feature", "properties": { "CODI_PARADA": 2759, "NOM_PARADA": "Oblit - Doctor Valls", "MARQUESINA": null, "PAL": 1.0, "PAL SOLAR": null, "PIU": null, "GEOMETRY": "POINT (2.1788371366456367 41.420204424081895)", "Type": "Bus Stop", "Evaluation": "No PID" }, "geometry": { "type": "Point", "coordinates": [ 2.178837136645637, 41.420204424081895 ] } },
{ "type": "Feature", "properties": { "CODI_PARADA": 2760, "NOM_PARADA": "Oblit - direcció Dos de Maig", "MARQUESINA": null, "PAL": 1.0, "PAL SOLAR": null, "PIU": null, "GEOMETRY": "POINT (2.1769885992260476 41.4188759100797)", "Type": "Bus Stop", "Evaluation": "No PID" }, "geometry": { "type": "Point", "coordinates": [ 2.176988599226048, 41.418875910079699 ] } },
{ "type": "Feature", "properties": { "CODI_PARADA": 2761, "NOM_PARADA": "Carles Pirozzini - Collserola", "MARQUESINA": null, "PAL": 1.0, "PAL SOLAR": null, "PIU": null, "GEOMETRY": "POINT (2.134612023048281 41.41657668952252)", "Type": "Bus Stop", "Evaluation": "No PID" }, "geometry": { "type": "Point", "coordinates": [ 2.134612023048281, 41.416576689522522 ] } },
{ "type": "Feature", "properties": { "CODI_PARADA": 2762, "NOM_PARADA": "Enginyeria - Marquès de Lamadrid", "MARQUESINA": null, "PAL": 1.0, "PAL SOLAR": null, "PIU": null, "GEOMETRY": "POINT (2.1326581950085033 41.41772054227728)", "Type": "Bus Stop", "Evaluation": "No PID" }, "geometry": { "type": "Point", "coordinates": [ 2.132658195008503, 41.41772054227728 ] } },
{ "type": "Feature", "properties": { "CODI_PARADA": 2763, "NOM_PARADA": "Enginyeria - Collserola", "MARQUESINA": null, "PAL": 1.0, "PAL SOLAR": null, "PIU": null, "GEOMETRY": "POINT (2.1312631986231185 41.41791320387326)", "Type": "Bus Stop", "Evaluation": "No PID" }, "geometry": { "type": "Point", "coordinates": [ 2.131263198623119, 41.417913203873262 ] } },
{ "type": "Feature", "properties": { "CODI_PARADA": 2764, "NOM_PARADA": "Collserola - August Font", "MARQUESINA": null, "PAL": 1.0, "PAL SOLAR": null, "PIU": null, "GEOMETRY": "POINT (2.1308379252362593 41.418234534638806)", "Type": "Bus Stop", "Evaluation": "No PID" }, "geometry": { "type": "Point", "coordinates": [ 2.130837925236259, 41.418234534638806 ] } },
{ "type": "Feature", "properties": { "CODI_PARADA": 2765, "NOM_PARADA": "Collserola - Salvador Alarma", "MARQUESINA": null, "PAL": 1.0, "PAL SOLAR": null, "PIU": null, "GEOMETRY": "POINT (2.1321353473030147 41.41853943126191)", "Type": "Bus Stop", "Evaluation": "No PID" }, "geometry": { "type": "Point", "coordinates": [ 2.132135347303015, 41.418539431261912 ] } },
{ "type": "Feature", "properties": { "CODI_PARADA": 2766, "NOM_PARADA": "Salvador Alarma - August Font", "MARQUESINA": null, "PAL": 1.0, "PAL SOLAR": null, "PIU": null, "GEOMETRY": "POINT (2.1339686049170488 41.41899125168616)", "Type": "Bus Stop", "Evaluation": "No PID" }, "geometry": { "type": "Point", "coordinates": [ 2.133968604917049, 41.418991251686158 ] } },
{ "type": "Feature", "properties": { "CODI_PARADA": 2767, "NOM_PARADA": "Josep M Jujol - August Font", "MARQUESINA": null, "PAL": 1.0, "PAL SOLAR": null, "PIU": null, "GEOMETRY": "POINT (2.133615670386092 41.419739336557534)", "Type": "Bus Stop", "Evaluation": "No PID" }, "geometry": { "type": "Point", "coordinates": [ 2.133615670386092, 41.419739336557534 ] } },
{ "type": "Feature", "properties": { "CODI_PARADA": 2768, "NOM_PARADA": "Vallpar - Josep M Jujol", "MARQUESINA": null, "PAL": 1.0, "PAL SOLAR": null, "PIU": null, "GEOMETRY": "POINT (2.134876167336468 41.420191250732046)", "Type": "Bus Stop", "Evaluation": "No PID" }, "geometry": { "type": "Point", "coordinates": [ 2.134876167336468, 41.420191250732046 ] } },
{ "type": "Feature", "properties": { "CODI_PARADA": 2769, "NOM_PARADA": "Vallpar - Navata", "MARQUESINA": null, "PAL": 1.0, "PAL SOLAR": null, "PIU": null, "GEOMETRY": "POINT (2.1357898813465326 41.41924715694542)", "Type": "Bus Stop", "Evaluation": "No PID" }, "geometry": { "type": "Point", "coordinates": [ 2.135789881346533, 41.419247156945417 ] } },
{ "type": "Feature", "properties": { "CODI_PARADA": 2770, "NOM_PARADA": "Ticià - Penitents", "MARQUESINA": null, "PAL": 1.0, "PAL SOLAR": null, "PIU": null, "GEOMETRY": "POINT (2.136627467707878 41.41832845896785)", "Type": "Bus Stop", "Evaluation": "No PID" }, "geometry": { "type": "Point", "coordinates": [ 2.136627467707878, 41.418328458967849 ] } },
{ "type": "Feature", "properties": { "CODI_PARADA": 2771, "NOM_PARADA": "Ticià - Palma de St Genís", "MARQUESINA": null, "PAL": 1.0, "PAL SOLAR": null, "PIU": null, "GEOMETRY": "POINT (2.137619550465044 41.41761162058022)", "Type": "Bus Stop", "Evaluation": "No PID" }, "geometry": { "type": "Point", "coordinates": [ 2.137619550465044, 41.417611620580217 ] } },
{ "type": "Feature", "properties": { "CODI_PARADA": 2772, "NOM_PARADA": "Bilbao - Pujades", "MARQUESINA": 1.0, "PAL": null, "PAL SOLAR": null, "PIU": 1.0, "GEOMETRY": "POINT (2.2024862446581106 41.403534752854185)", "Type": "Bus Stop", "Evaluation": "Has PID" }, "geometry": { "type": "Point", "coordinates": [ 2.202486244658111, 41.403534752854185 ] } },
{ "type": "Feature", "properties": { "CODI_PARADA": 2773, "NOM_PARADA": "Mare de Déu del Coll - Lorda", "MARQUESINA": null, "PAL": 1.0, "PAL SOLAR": null, "PIU": null, "GEOMETRY": "POINT (2.149525625608708 41.42100587048522)", "Type": "Bus Stop", "Evaluation": "No PID" }, "geometry": { "type": "Point", "coordinates": [ 2.149525625608708, 41.421005870485217 ] } },
{ "type": "Feature", "properties": { "CODI_PARADA": 2775, "NOM_PARADA": "Pl Espanya", "MARQUESINA": 1.0, "PAL": null, "PAL SOLAR": null, "PIU": null, "GEOMETRY": "POINT (2.150147216586273 41.373756319672076)", "Type": "Bus Stop", "Evaluation": "No PID" }, "geometry": { "type": "Point", "coordinates": [ 2.150147216586273, 41.373756319672076 ] } },
{ "type": "Feature", "properties": { "CODI_PARADA": 2776, "NOM_PARADA": "Trav de Dalt - Riera de Can Toda", "MARQUESINA": null, "PAL": null, "PAL SOLAR": 1.0, "PIU": 1.0, "GEOMETRY": "POINT (2.159227317059274 41.41239347911512)", "Type": "Bus Stop", "Evaluation": "Has PID" }, "geometry": { "type": "Point", "coordinates": [ 2.159227317059274, 41.412393479115117 ] } },
{ "type": "Feature", "properties": { "CODI_PARADA": 2777, "NOM_PARADA": "CAP Larrard", "MARQUESINA": 1.0, "PAL": null, "PAL SOLAR": null, "PIU": 1.0, "GEOMETRY": "POINT (2.156349560668865 41.410575718978635)", "Type": "Bus Stop", "Evaluation": "Has PID" }, "geometry": { "type": "Point", "coordinates": [ 2.156349560668865, 41.410575718978635 ] } },
{ "type": "Feature", "properties": { "CODI_PARADA": 2778, "NOM_PARADA": "Maurici Vilomara - Montserrat de Casanovas", "MARQUESINA": null, "PAL": 1.0, "PAL SOLAR": null, "PIU": null, "GEOMETRY": "POINT (2.1629116432469893 41.423198600452686)", "Type": "Bus Stop", "Evaluation": "No PID" }, "geometry": { "type": "Point", "coordinates": [ 2.162911643246989, 41.423198600452686 ] } },
{ "type": "Feature", "properties": { "CODI_PARADA": 2779, "NOM_PARADA": "Maurici Vilomara - direcció El Carmel", "MARQUESINA": null, "PAL": 1.0, "PAL SOLAR": null, "PIU": null, "GEOMETRY": "POINT (2.163675483869179 41.42291018370718)", "Type": "Bus Stop", "Evaluation": "No PID" }, "geometry": { "type": "Point", "coordinates": [ 2.163675483869179, 41.422910183707181 ] } },
{ "type": "Feature", "properties": { "CODI_PARADA": 2780, "NOM_PARADA": "Maurici Vilomara - Penyal", "MARQUESINA": null, "PAL": 1.0, "PAL SOLAR": null, "PIU": null, "GEOMETRY": "POINT (2.1641694734719827 41.42191185964484)", "Type": "Bus Stop", "Evaluation": "No PID" }, "geometry": { "type": "Point", "coordinates": [ 2.164169473471983, 41.421911859644837 ] } },
{ "type": "Feature", "properties": { "CODI_PARADA": 2781, "NOM_PARADA": "Penyal - Pl Font d'en Fargas", "MARQUESINA": null, "PAL": 1.0, "PAL SOLAR": null, "PIU": null, "GEOMETRY": "POINT (2.163640779946638 41.42231415500605)", "Type": "Bus Stop", "Evaluation": "No PID" }, "geometry": { "type": "Point", "coordinates": [ 2.163640779946638, 41.422314155006049 ] } },
{ "type": "Feature", "properties": { "CODI_PARADA": 2782, "NOM_PARADA": "Penyal - Doctor Bové", "MARQUESINA": null, "PAL": 1.0, "PAL SOLAR": null, "PIU": null, "GEOMETRY": "POINT (2.163597463553322 41.42146955339527)", "Type": "Bus Stop", "Evaluation": "No PID" }, "geometry": { "type": "Point", "coordinates": [ 2.163597463553322, 41.421469553395269 ] } },
{ "type": "Feature", "properties": { "CODI_PARADA": 2783, "NOM_PARADA": "Penyal - Font de la Mulassa", "MARQUESINA": null, "PAL": 1.0, "PAL SOLAR": null, "PIU": null, "GEOMETRY": "POINT (2.1635921300545005 41.42170880191132)", "Type": "Bus Stop", "Evaluation": "No PID" }, "geometry": { "type": "Point", "coordinates": [ 2.1635921300545, 41.421708801911322 ] } },
{ "type": "Feature", "properties": { "CODI_PARADA": 2784, "NOM_PARADA": "Penyal", "MARQUESINA": null, "PAL": 1.0, "PAL SOLAR": null, "PIU": null, "GEOMETRY": "POINT (2.1635663499111706 41.422263590368615)", "Type": "Bus Stop", "Evaluation": "No PID" }, "geometry": { "type": "Point", "coordinates": [ 2.163566349911171, 41.422263590368615 ] } },
{ "type": "Feature", "properties": { "CODI_PARADA": 2785, "NOM_PARADA": "Pl de la Font d'en Fargas", "MARQUESINA": null, "PAL": 1.0, "PAL SOLAR": null, "PIU": null, "GEOMETRY": "POINT (2.164279441666904 41.421850445469616)", "Type": "Bus Stop", "Evaluation": "No PID" }, "geometry": { "type": "Point", "coordinates": [ 2.164279441666904, 41.421850445469616 ] } },
{ "type": "Feature", "properties": { "CODI_PARADA": 2786, "NOM_PARADA": "Maurici Vilomara - Doctor Coll", "MARQUESINA": null, "PAL": 1.0, "PAL SOLAR": null, "PIU": null, "GEOMETRY": "POINT (2.164070203243242 41.42276835347711)", "Type": "Bus Stop", "Evaluation": "No PID" }, "geometry": { "type": "Point", "coordinates": [ 2.164070203243242, 41.42276835347711 ] } },
{ "type": "Feature", "properties": { "CODI_PARADA": 2787, "NOM_PARADA": "Pg Font d'en Fargas - Pintor Pradilla", "MARQUESINA": null, "PAL": 1.0, "PAL SOLAR": null, "PIU": null, "GEOMETRY": "POINT (2.165296308860161 41.42333671633554)", "Type": "Bus Stop", "Evaluation": "No PID" }, "geometry": { "type": "Point", "coordinates": [ 2.165296308860161, 41.423336716335541 ] } },
{ "type": "Feature", "properties": { "CODI_PARADA": 2788, "NOM_PARADA": "Josep M Jujol - Vallpar", "MARQUESINA": null, "PAL": 1.0, "PAL SOLAR": null, "PIU": null, "GEOMETRY": "POINT (2.1339857438610506 41.42096836701767)", "Type": "Bus Stop", "Evaluation": "No PID" }, "geometry": { "type": "Point", "coordinates": [ 2.133985743861051, 41.420968367017672 ] } },
{ "type": "Feature", "properties": { "CODI_PARADA": 2789, "NOM_PARADA": "Dr Letamendi - Canigó", "MARQUESINA": null, "PAL": 1.0, "PAL SOLAR": null, "PIU": null, "GEOMETRY": "POINT (2.159912646814244 41.43544129829394)", "Type": "Bus Stop", "Evaluation": "No PID" }, "geometry": { "type": "Point", "coordinates": [ 2.159912646814244, 41.435441298293938 ] } },
{ "type": "Feature", "properties": { "CODI_PARADA": 2790, "NOM_PARADA": "Eduard Toda - Rectoria", "MARQUESINA": null, "PAL": 1.0, "PAL SOLAR": null, "PIU": null, "GEOMETRY": "POINT (2.159906571498846 41.43378970425203)", "Type": "Bus Stop", "Evaluation": "No PID" }, "geometry": { "type": "Point", "coordinates": [ 2.159906571498846, 41.433789704252028 ] } },
{ "type": "Feature", "properties": { "CODI_PARADA": 2791, "NOM_PARADA": "Concepció Arenal - Olesa", "MARQUESINA": 1.0, "PAL": null, "PAL SOLAR": null, "PIU": null, "GEOMETRY": "POINT (2.1838588800681973 41.42199604967476)", "Type": "Bus Stop", "Evaluation": "No PID" }, "geometry": { "type": "Point", "coordinates": [ 2.183858880068197, 41.42199604967476 ] } },
{ "type": "Feature", "properties": { "CODI_PARADA": 2792, "NOM_PARADA": "Mercat Mare de Déu de Montserrat", "MARQUESINA": null, "PAL": 1.0, "PAL SOLAR": null, "PIU": null, "GEOMETRY": "POINT (2.1790697693981174 41.446213455814)", "Type": "Bus Stop", "Evaluation": "No PID" }, "geometry": { "type": "Point", "coordinates": [ 2.179069769398117, 41.446213455813997 ] } },
{ "type": "Feature", "properties": { "CODI_PARADA": 2793, "NOM_PARADA": "Pla de Fornells - Jaume Pinent", "MARQUESINA": null, "PAL": 1.0, "PAL SOLAR": null, "PIU": null, "GEOMETRY": "POINT (2.1766844491657826 41.44639035027286)", "Type": "Bus Stop", "Evaluation": "No PID" }, "geometry": { "type": "Point", "coordinates": [ 2.176684449165783, 41.446390350272857 ] } },
{ "type": "Feature", "properties": { "CODI_PARADA": 2794, "NOM_PARADA": "Romaní - Les Torres", "MARQUESINA": null, "PAL": 1.0, "PAL SOLAR": null, "PIU": null, "GEOMETRY": "POINT (2.175160961317049 41.44656961040665)", "Type": "Bus Stop", "Evaluation": "No PID" }, "geometry": { "type": "Point", "coordinates": [ 2.175160961317049, 41.446569610406648 ] } },
{ "type": "Feature", "properties": { "CODI_PARADA": 2798, "NOM_PARADA": "Rodrigo Caro - Artesania", "MARQUESINA": null, "PAL": 1.0, "PAL SOLAR": null, "PIU": null, "GEOMETRY": "POINT (2.17145301286055 41.447089779804884)", "Type": "Bus Stop", "Evaluation": "No PID" }, "geometry": { "type": "Point", "coordinates": [ 2.17145301286055, 41.447089779804884 ] } },
{ "type": "Feature", "properties": { "CODI_PARADA": 2799, "NOM_PARADA": "Quarter de Simancas - Almansa", "MARQUESINA": null, "PAL": 1.0, "PAL SOLAR": null, "PIU": null, "GEOMETRY": "POINT (2.1733005308851645 41.445381223059044)", "Type": "Bus Stop", "Evaluation": "No PID" }, "geometry": { "type": "Point", "coordinates": [ 2.173300530885165, 41.445381223059044 ] } },
{ "type": "Feature", "properties": { "CODI_PARADA": 2800, "NOM_PARADA": "Av República Argentina - Vallcarca", "MARQUESINA": 1.0, "PAL": null, "PAL SOLAR": null, "PIU": 1.0, "GEOMETRY": "POINT (2.144566471252256 41.41141482853023)", "Type": "Bus Stop", "Evaluation": "Has PID" }, "geometry": { "type": "Point", "coordinates": [ 2.144566471252256, 41.411414828530233 ] } },
{ "type": "Feature", "properties": { "CODI_PARADA": 2801, "NOM_PARADA": "Via de Bàrcino - Vicenç Montal", "MARQUESINA": null, "PAL": 1.0, "PAL SOLAR": null, "PIU": null, "GEOMETRY": "POINT (2.1936390137254387 41.453972576608734)", "Type": "Bus Stop", "Evaluation": "No PID" }, "geometry": { "type": "Point", "coordinates": [ 2.193639013725439, 41.453972576608734 ] } },
{ "type": "Feature", "properties": { "CODI_PARADA": 2804, "NOM_PARADA": "Pl del Complex Funerari, direcció Recinte", "MARQUESINA": 1.0, "PAL": null, "PAL SOLAR": null, "PIU": null, "GEOMETRY": "POINT (2.155864891416275 41.470015660633095)", "Type": "Bus Stop", "Evaluation": "No PID" }, "geometry": { "type": "Point", "coordinates": [ 2.155864891416275, 41.470015660633095 ] } },
{ "type": "Feature", "properties": { "CODI_PARADA": 2805, "NOM_PARADA": "Pl del Complex Funerari, direcció Barcelona", "MARQUESINA": 1.0, "PAL": null, "PAL SOLAR": null, "PIU": null, "GEOMETRY": "POINT (2.1560173218621212 41.47021140128346)", "Type": "Bus Stop", "Evaluation": "No PID" }, "geometry": { "type": "Point", "coordinates": [ 2.156017321862121, 41.470211401283457 ] } },
{ "type": "Feature", "properties": { "CODI_PARADA": 2806, "NOM_PARADA": "Pg Sant Jordi - Pau Casals", "MARQUESINA": 1.0, "PAL": null, "PAL SOLAR": null, "PIU": null, "GEOMETRY": "POINT (2.1789807761971787 41.49401755275334)", "Type": "Bus Stop", "Evaluation": "No PID" }, "geometry": { "type": "Point", "coordinates": [ 2.178980776197179, 41.494017552753341 ] } },
{ "type": "Feature", "properties": { "CODI_PARADA": 2808, "NOM_PARADA": "Zona Franca - Carrer número 4", "MARQUESINA": 1.0, "PAL": null, "PAL SOLAR": null, "PIU": null, "GEOMETRY": "POINT (2.1284707943313723 41.331288513715684)", "Type": "Bus Stop", "Evaluation": "No PID" }, "geometry": { "type": "Point", "coordinates": [ 2.128470794331372, 41.331288513715684 ] } },
{ "type": "Feature", "properties": { "CODI_PARADA": 2809, "NOM_PARADA": "Carrer número 4", "MARQUESINA": 1.0, "PAL": null, "PAL SOLAR": null, "PIU": null, "GEOMETRY": "POINT (2.125813895336533 41.33221764450585)", "Type": "Bus Stop", "Evaluation": "No PID" }, "geometry": { "type": "Point", "coordinates": [ 2.125813895336533, 41.332217644505853 ] } },
{ "type": "Feature", "properties": { "CODI_PARADA": 2810, "NOM_PARADA": "Carrer número 4 - Carrer F", "MARQUESINA": 1.0, "PAL": null, "PAL SOLAR": null, "PIU": null, "GEOMETRY": "POINT (2.122372986935245 41.333426202265684)", "Type": "Bus Stop", "Evaluation": "No PID" }, "geometry": { "type": "Point", "coordinates": [ 2.122372986935245, 41.333426202265684 ] } },
{ "type": "Feature", "properties": { "CODI_PARADA": 2811, "NOM_PARADA": "Zona Franca - Mercabarna", "MARQUESINA": 1.0, "PAL": null, "PAL SOLAR": null, "PIU": null, "GEOMETRY": "POINT (2.1184646668911196 41.3347971402698)", "Type": "Bus Stop", "Evaluation": "No PID" }, "geometry": { "type": "Point", "coordinates": [ 2.11846466689112, 41.334797140269799 ] } },
{ "type": "Feature", "properties": { "CODI_PARADA": 2812, "NOM_PARADA": "Carrer K - Carrer número 40", "MARQUESINA": 1.0, "PAL": null, "PAL SOLAR": null, "PIU": null, "GEOMETRY": "POINT (2.1114565013868902 41.33382894233803)", "Type": "Bus Stop", "Evaluation": "No PID" }, "geometry": { "type": "Point", "coordinates": [ 2.11145650138689, 41.33382894233803 ] } },
{ "type": "Feature", "properties": { "CODI_PARADA": 2813, "NOM_PARADA": "Carrer K - Carrer número 6", "MARQUESINA": null, "PAL": 1.0, "PAL SOLAR": null, "PIU": null, "GEOMETRY": "POINT (2.1119180257754806 41.328857001847595)", "Type": "Bus Stop", "Evaluation": "No PID" }, "geometry": { "type": "Point", "coordinates": [ 2.111918025775481, 41.328857001847595 ] } },
{ "type": "Feature", "properties": { "CODI_PARADA": 2819, "NOM_PARADA": "Av Remolar - Av Apel·les Mestres", "MARQUESINA": 1.0, "PAL": null, "PAL SOLAR": null, "PIU": null, "GEOMETRY": "POINT (2.0870302960701217 41.3264492319837)", "Type": "Bus Stop", "Evaluation": "No PID" }, "geometry": { "type": "Point", "coordinates": [ 2.087030296070122, 41.326449231983702 ] } },
{ "type": "Feature", "properties": { "CODI_PARADA": 2821, "NOM_PARADA": "Av Remolar - Av Apel·les Mestres", "MARQUESINA": 1.0, "PAL": null, "PAL SOLAR": null, "PIU": null, "GEOMETRY": "POINT (2.086912271067559 41.326087066880966)", "Type": "Bus Stop", "Evaluation": "No PID" }, "geometry": { "type": "Point", "coordinates": [ 2.086912271067559, 41.326087066880966 ] } },
{ "type": "Feature", "properties": { "CODI_PARADA": 2824, "NOM_PARADA": "Av Verge de Monserrat - Sarajevo", "MARQUESINA": 1.0, "PAL": null, "PAL SOLAR": null, "PIU": null, "GEOMETRY": "POINT (2.102139812011213 41.328456127324806)", "Type": "Bus Stop", "Evaluation": "No PID" }, "geometry": { "type": "Point", "coordinates": [ 2.102139812011213, 41.328456127324806 ] } },
{ "type": "Feature", "properties": { "CODI_PARADA": 2827, "NOM_PARADA": "Mercabarna - Entrada El Prat", "MARQUESINA": 1.0, "PAL": null, "PAL SOLAR": null, "PIU": null, "GEOMETRY": "POINT (2.1123041580030826 41.32867782985362)", "Type": "Bus Stop", "Evaluation": "No PID" }, "geometry": { "type": "Point", "coordinates": [ 2.112304158003083, 41.328677829853618 ] } },
{ "type": "Feature", "properties": { "CODI_PARADA": 2828, "NOM_PARADA": "Carrer K", "MARQUESINA": 1.0, "PAL": null, "PAL SOLAR": null, "PIU": null, "GEOMETRY": "POINT (2.111608220747631 41.33357918943457)", "Type": "Bus Stop", "Evaluation": "No PID" }, "geometry": { "type": "Point", "coordinates": [ 2.111608220747631, 41.333579189434573 ] } },
{ "type": "Feature", "properties": { "CODI_PARADA": 2831, "NOM_PARADA": "Concepció Arenal - Juan de Garay", "MARQUESINA": 1.0, "PAL": null, "PAL SOLAR": null, "PIU": null, "GEOMETRY": "POINT (2.1838522538555134 41.42055698851728)", "Type": "Bus Stop", "Evaluation": "No PID" }, "geometry": { "type": "Point", "coordinates": [ 2.183852253855513, 41.420556988517284 ] } },
{ "type": "Feature", "properties": { "CODI_PARADA": 2832, "NOM_PARADA": "Juan de Garay - Navas de Tolosa", "MARQUESINA": 1.0, "PAL": null, "PAL SOLAR": null, "PIU": null, "GEOMETRY": "POINT (2.1817928914463813 41.418549024834626)", "Type": "Bus Stop", "Evaluation": "No PID" }, "geometry": { "type": "Point", "coordinates": [ 2.181792891446381, 41.418549024834626 ] } },
{ "type": "Feature", "properties": { "CODI_PARADA": 2833, "NOM_PARADA": "Pg de Gràcia - Ronda de Sant Pere", "MARQUESINA": 1.0, "PAL": null, "PAL SOLAR": null, "PIU": null, "GEOMETRY": "POINT (2.169210447414421 41.38880367336606)", "Type": "Bus Stop", "Evaluation": "No PID" }, "geometry": { "type": "Point", "coordinates": [ 2.169210447414421, 41.388803673366063 ] } },
{ "type": "Feature", "properties": { "CODI_PARADA": 2835, "NOM_PARADA": "Moianès - Cuyàs", "MARQUESINA": null, "PAL": 1.0, "PAL SOLAR": null, "PIU": null, "GEOMETRY": "POINT (2.1423473895304816 41.3712541173787)", "Type": "Bus Stop", "Evaluation": "No PID" }, "geometry": { "type": "Point", "coordinates": [ 2.142347389530482, 41.371254117378697 ] } },
{ "type": "Feature", "properties": { "CODI_PARADA": 2836, "NOM_PARADA": "Magòria", "MARQUESINA": 1.0, "PAL": null, "PAL SOLAR": null, "PIU": null, "GEOMETRY": "POINT (2.14170545703743 41.369643515861185)", "Type": "Bus Stop", "Evaluation": "No PID" }, "geometry": { "type": "Point", "coordinates": [ 2.14170545703743, 41.369643515861185 ] } },
{ "type": "Feature", "properties": { "CODI_PARADA": 2837, "NOM_PARADA": "Mossèn Amadeu Oller - Gran Via", "MARQUESINA": null, "PAL": 1.0, "PAL SOLAR": null, "PIU": null, "GEOMETRY": "POINT (2.139160047038216 41.368052531669974)", "Type": "Bus Stop", "Evaluation": "No PID" }, "geometry": { "type": "Point", "coordinates": [ 2.139160047038216, 41.368052531669974 ] } },
{ "type": "Feature", "properties": { "CODI_PARADA": 2838, "NOM_PARADA": "Metro Penitens", "MARQUESINA": null, "PAL": 1.0, "PAL SOLAR": null, "PIU": null, "GEOMETRY": "POINT (2.1408637847470033 41.41734094985614)", "Type": "Bus Stop", "Evaluation": "No PID" }, "geometry": { "type": "Point", "coordinates": [ 2.140863784747003, 41.41734094985614 ] } },
{ "type": "Feature", "properties": { "CODI_PARADA": 2840, "NOM_PARADA": "Esteve Terradas", "MARQUESINA": null, "PAL": 1.0, "PAL SOLAR": null, "PIU": null, "GEOMETRY": "POINT (2.140948552386065 41.413297348432636)", "Type": "Bus Stop", "Evaluation": "No PID" }, "geometry": { "type": "Point", "coordinates": [ 2.140948552386065, 41.413297348432636 ] } },
{ "type": "Feature", "properties": { "CODI_PARADA": 2841, "NOM_PARADA": "Gustavo Bécquer - Av Vallcarca", "MARQUESINA": null, "PAL": 1.0, "PAL SOLAR": null, "PIU": null, "GEOMETRY": "POINT (2.1426151601485373 41.4157697141713)", "Type": "Bus Stop", "Evaluation": "No PID" }, "geometry": { "type": "Point", "coordinates": [ 2.142615160148537, 41.415769714171297 ] } },
{ "type": "Feature", "properties": { "CODI_PARADA": 2842, "NOM_PARADA": "Baró de la Barre - Gustavo Bécquer", "MARQUESINA": null, "PAL": 1.0, "PAL SOLAR": null, "PIU": null, "GEOMETRY": "POINT (2.144394836947093 41.41436848447031)", "Type": "Bus Stop", "Evaluation": "No PID" }, "geometry": { "type": "Point", "coordinates": [ 2.144394836947093, 41.414368484470309 ] } },
{ "type": "Feature", "properties": { "CODI_PARADA": 2844, "NOM_PARADA": "Tirso - Pl Laguna Lanau", "MARQUESINA": null, "PAL": 1.0, "PAL SOLAR": null, "PIU": null, "GEOMETRY": "POINT (2.150112449937891 41.417764285109186)", "Type": "Bus Stop", "Evaluation": "No PID" }, "geometry": { "type": "Point", "coordinates": [ 2.150112449937891, 41.417764285109186 ] } },
{ "type": "Feature", "properties": { "CODI_PARADA": 2845, "NOM_PARADA": "Aldea - Font del Remei", "MARQUESINA": null, "PAL": 1.0, "PAL SOLAR": null, "PIU": null, "GEOMETRY": "POINT (2.149995960210101 41.41850400337373)", "Type": "Bus Stop", "Evaluation": "No PID" }, "geometry": { "type": "Point", "coordinates": [ 2.149995960210101, 41.418504003373727 ] } },
{ "type": "Feature", "properties": { "CODI_PARADA": 2846, "NOM_PARADA": "Duran i Borrell - Baixada de Sant Marià", "MARQUESINA": null, "PAL": 1.0, "PAL SOLAR": null, "PIU": null, "GEOMETRY": "POINT (2.1493191658652324 41.41804009507821)", "Type": "Bus Stop", "Evaluation": "No PID" }, "geometry": { "type": "Point", "coordinates": [ 2.149319165865232, 41.418040095078211 ] } },
{ "type": "Feature", "properties": { "CODI_PARADA": 2847, "NOM_PARADA": "Torrent del Remei - Riu de la Plata", "MARQUESINA": null, "PAL": 1.0, "PAL SOLAR": null, "PIU": null, "GEOMETRY": "POINT (2.148343311676942 41.41615256789208)", "Type": "Bus Stop", "Evaluation": "No PID" }, "geometry": { "type": "Point", "coordinates": [ 2.148343311676942, 41.416152567892077 ] } },
{ "type": "Feature", "properties": { "CODI_PARADA": 2848, "NOM_PARADA": "Sant Eudald - Mora d'Ebre", "MARQUESINA": null, "PAL": 1.0, "PAL SOLAR": null, "PIU": null, "GEOMETRY": "POINT (2.147174738809278 41.414796928645835)", "Type": "Bus Stop", "Evaluation": "No PID" }, "geometry": { "type": "Point", "coordinates": [ 2.147174738809278, 41.414796928645835 ] } },
{ "type": "Feature", "properties": { "CODI_PARADA": 2849, "NOM_PARADA": "Sant Eudald - Pl Mons", "MARQUESINA": null, "PAL": 1.0, "PAL SOLAR": null, "PIU": null, "GEOMETRY": "POINT (2.145276691457291 41.41365692146792)", "Type": "Bus Stop", "Evaluation": "No PID" }, "geometry": { "type": "Point", "coordinates": [ 2.145276691457291, 41.413656921467918 ] } },
{ "type": "Feature", "properties": { "CODI_PARADA": 2850, "NOM_PARADA": "Cardedeu - Pg Mare de Déu del Coll", "MARQUESINA": null, "PAL": 1.0, "PAL SOLAR": null, "PIU": null, "GEOMETRY": "POINT (2.1452606293827827 41.41529569635921)", "Type": "Bus Stop", "Evaluation": "No PID" }, "geometry": { "type": "Point", "coordinates": [ 2.145260629382783, 41.415295696359209 ] } },
{ "type": "Feature", "properties": { "CODI_PARADA": 2851, "NOM_PARADA": "Cardedeu - Montornès", "MARQUESINA": null, "PAL": 1.0, "PAL SOLAR": null, "PIU": null, "GEOMETRY": "POINT (2.1443645198747667 41.416404063466146)", "Type": "Bus Stop", "Evaluation": "No PID" }, "geometry": { "type": "Point", "coordinates": [ 2.144364519874767, 41.416404063466146 ] } },
{ "type": "Feature", "properties": { "CODI_PARADA": 2852, "NOM_PARADA": "Montornès - Capellades", "MARQUESINA": null, "PAL": 1.0, "PAL SOLAR": null, "PIU": null, "GEOMETRY": "POINT (2.142686046460883 41.41821880153119)", "Type": "Bus Stop", "Evaluation": "No PID" }, "geometry": { "type": "Point", "coordinates": [ 2.142686046460883, 41.418218801531189 ] } },
{ "type": "Feature", "properties": { "CODI_PARADA": 2855, "NOM_PARADA": "Gaspar Cassadó - Can Caralleu", "MARQUESINA": null, "PAL": 1.0, "PAL SOLAR": null, "PIU": null, "GEOMETRY": "POINT (2.113285184398412 41.400607256800164)", "Type": "Bus Stop", "Evaluation": "No PID" }, "geometry": { "type": "Point", "coordinates": [ 2.113285184398412, 41.400607256800164 ] } },
{ "type": "Feature", "properties": { "CODI_PARADA": 2856, "NOM_PARADA": "Esports - Ronda de Dalt", "MARQUESINA": null, "PAL": 1.0, "PAL SOLAR": null, "PIU": null, "GEOMETRY": "POINT (2.1121789046852233 41.400857527235544)", "Type": "Bus Stop", "Evaluation": "No PID" }, "geometry": { "type": "Point", "coordinates": [ 2.112178904685223, 41.400857527235544 ] } },
{ "type": "Feature", "properties": { "CODI_PARADA": 2858, "NOM_PARADA": "Major de Can Caralleu - Ptge Blada", "MARQUESINA": null, "PAL": 1.0, "PAL SOLAR": null, "PIU": null, "GEOMETRY": "POINT (2.1102933244733917 41.40217445725856)", "Type": "Bus Stop", "Evaluation": "No PID" }, "geometry": { "type": "Point", "coordinates": [ 2.110293324473392, 41.40217445725856 ] } },
{ "type": "Feature", "properties": { "CODI_PARADA": 2859, "NOM_PARADA": "CEIP Costa i Llobera", "MARQUESINA": null, "PAL": 1.0, "PAL SOLAR": null, "PIU": null, "GEOMETRY": "POINT (2.109106086323901 41.401998921979626)", "Type": "Bus Stop", "Evaluation": "No PID" }, "geometry": { "type": "Point", "coordinates": [ 2.109106086323901, 41.401998921979626 ] } },
{ "type": "Feature", "properties": { "CODI_PARADA": 2861, "NOM_PARADA": "Pins de Can Caralleu - Lliçà", "MARQUESINA": null, "PAL": 1.0, "PAL SOLAR": null, "PIU": null, "GEOMETRY": "POINT (2.108480111820202 41.40315668769614)", "Type": "Bus Stop", "Evaluation": "No PID" }, "geometry": { "type": "Point", "coordinates": [ 2.108480111820202, 41.403156687696139 ] } },
{ "type": "Feature", "properties": { "CODI_PARADA": 2862, "NOM_PARADA": "Pins de Can Caralleu", "MARQUESINA": null, "PAL": 1.0, "PAL SOLAR": null, "PIU": null, "GEOMETRY": "POINT (2.1085728938456825 41.403846047556556)", "Type": "Bus Stop", "Evaluation": "No PID" }, "geometry": { "type": "Point", "coordinates": [ 2.108572893845682, 41.403846047556556 ] } },
{ "type": "Feature", "properties": { "CODI_PARADA": 2863, "NOM_PARADA": "Pl de Mossèn Miquel Vall i Mundó", "MARQUESINA": null, "PAL": 1.0, "PAL SOLAR": null, "PIU": null, "GEOMETRY": "POINT (2.1097704418307734 41.403153131604995)", "Type": "Bus Stop", "Evaluation": "No PID" }, "geometry": { "type": "Point", "coordinates": [ 2.109770441830773, 41.403153131604995 ] } },
{ "type": "Feature", "properties": { "CODI_PARADA": 2864, "NOM_PARADA": "Torrent de Can Caralleu - Major de Can Caralleu", "MARQUESINA": null, "PAL": 1.0, "PAL SOLAR": null, "PIU": null, "GEOMETRY": "POINT (2.112005719259373 41.40180611544919)", "Type": "Bus Stop", "Evaluation": "No PID" }, "geometry": { "type": "Point", "coordinates": [ 2.112005719259373, 41.40180611544919 ] } },
{ "type": "Feature", "properties": { "CODI_PARADA": 2866, "NOM_PARADA": "Ramon Miquel Planas - Duquesa d'Orleans", "MARQUESINA": null, "PAL": 1.0, "PAL SOLAR": null, "PIU": null, "GEOMETRY": "POINT (2.118133158559694 41.3998754633079)", "Type": "Bus Stop", "Evaluation": "No PID" }, "geometry": { "type": "Point", "coordinates": [ 2.118133158559694, 41.3998754633079 ] } },
{ "type": "Feature", "properties": { "CODI_PARADA": 2869, "NOM_PARADA": "Pedró de la Creu - Gresolet", "MARQUESINA": null, "PAL": 1.0, "PAL SOLAR": null, "PIU": null, "GEOMETRY": "POINT (2.1220148060244424 41.3976287900741)", "Type": "Bus Stop", "Evaluation": "No PID" }, "geometry": { "type": "Point", "coordinates": [ 2.122014806024442, 41.397628790074101 ] } },
{ "type": "Feature", "properties": { "CODI_PARADA": 2870, "NOM_PARADA": "Av J V Foix - Mendel", "MARQUESINA": null, "PAL": 1.0, "PAL SOLAR": null, "PIU": null, "GEOMETRY": "POINT (2.120183991323402 41.39717817537224)", "Type": "Bus Stop", "Evaluation": "No PID" }, "geometry": { "type": "Point", "coordinates": [ 2.120183991323402, 41.39717817537224 ] } },
{ "type": "Feature", "properties": { "CODI_PARADA": 2872, "NOM_PARADA": "Saragossa - Ronda General Mitre", "MARQUESINA": null, "PAL": 1.0, "PAL SOLAR": null, "PIU": null, "GEOMETRY": "POINT (2.1437060834983344 41.405680464654786)", "Type": "Bus Stop", "Evaluation": "No PID" }, "geometry": { "type": "Point", "coordinates": [ 2.143706083498334, 41.405680464654786 ] } },
{ "type": "Feature", "properties": { "CODI_PARADA": 2876, "NOM_PARADA": "Lucà - Craywinckel", "MARQUESINA": null, "PAL": 1.0, "PAL SOLAR": null, "PIU": null, "GEOMETRY": "POINT (2.138914762727403 41.411047603513104)", "Type": "Bus Stop", "Evaluation": "No PID" }, "geometry": { "type": "Point", "coordinates": [ 2.138914762727403, 41.411047603513104 ] } },
{ "type": "Feature", "properties": { "CODI_PARADA": 2878, "NOM_PARADA": "Craywinckel - Hurtado", "MARQUESINA": 1.0, "PAL": null, "PAL SOLAR": null, "PIU": 1.0, "GEOMETRY": "POINT (2.1389290436143336 41.41174745989141)", "Type": "Bus Stop", "Evaluation": "Has PID" }, "geometry": { "type": "Point", "coordinates": [ 2.138929043614334, 41.411747459891409 ] } },
{ "type": "Feature", "properties": { "CODI_PARADA": 2879, "NOM_PARADA": "Hurtado - Espinoi", "MARQUESINA": null, "PAL": 1.0, "PAL SOLAR": null, "PIU": null, "GEOMETRY": "POINT (2.1407164848190274 41.41064357912179)", "Type": "Bus Stop", "Evaluation": "No PID" }, "geometry": { "type": "Point", "coordinates": [ 2.140716484819027, 41.410643579121789 ] } },
{ "type": "Feature", "properties": { "CODI_PARADA": 2880, "NOM_PARADA": "Marmellà - Hurtado", "MARQUESINA": null, "PAL": 1.0, "PAL SOLAR": null, "PIU": null, "GEOMETRY": "POINT (2.1413192615653176 41.409849219710935)", "Type": "Bus Stop", "Evaluation": "No PID" }, "geometry": { "type": "Point", "coordinates": [ 2.141319261565318, 41.409849219710935 ] } },
{ "type": "Feature", "properties": { "CODI_PARADA": 2881, "NOM_PARADA": "Solanes - Bertran", "MARQUESINA": null, "PAL": 1.0, "PAL SOLAR": null, "PIU": null, "GEOMETRY": "POINT (2.140087489049468 41.41017044290914)", "Type": "Bus Stop", "Evaluation": "No PID" }, "geometry": { "type": "Point", "coordinates": [ 2.140087489049468, 41.410170442909141 ] } },
{ "type": "Feature", "properties": { "CODI_PARADA": 2882, "NOM_PARADA": "Caire - República Argentina", "MARQUESINA": null, "PAL": 1.0, "PAL SOLAR": null, "PIU": null, "GEOMETRY": "POINT (2.141050009401413 41.41144582476544)", "Type": "Bus Stop", "Evaluation": "No PID" }, "geometry": { "type": "Point", "coordinates": [ 2.141050009401413, 41.411445824765437 ] } },
{ "type": "Feature", "properties": { "CODI_PARADA": 2883, "NOM_PARADA": "Portolà - Ferran Puig", "MARQUESINA": null, "PAL": 1.0, "PAL SOLAR": null, "PIU": null, "GEOMETRY": "POINT (2.142682554267781 41.41078906871122)", "Type": "Bus Stop", "Evaluation": "No PID" }, "geometry": { "type": "Point", "coordinates": [ 2.142682554267781, 41.410789068711217 ] } },
{ "type": "Feature", "properties": { "CODI_PARADA": 2884, "NOM_PARADA": "Ferran Puig - Jardins Turó del Putxet", "MARQUESINA": null, "PAL": 1.0, "PAL SOLAR": null, "PIU": null, "GEOMETRY": "POINT (2.1439774751934446 41.41005255738966)", "Type": "Bus Stop", "Evaluation": "No PID" }, "geometry": { "type": "Point", "coordinates": [ 2.143977475193445, 41.410052557389662 ] } },
{ "type": "Feature", "properties": { "CODI_PARADA": 2885, "NOM_PARADA": "Ferran Puig - Agramunt", "MARQUESINA": null, "PAL": 1.0, "PAL SOLAR": null, "PIU": null, "GEOMETRY": "POINT (2.1451685719518885 41.40892694894605)", "Type": "Bus Stop", "Evaluation": "No PID" }, "geometry": { "type": "Point", "coordinates": [ 2.145168571951888, 41.408926948946053 ] } },
{ "type": "Feature", "properties": { "CODI_PARADA": 2886, "NOM_PARADA": "Ferran Puig - Ballester", "MARQUESINA": null, "PAL": 1.0, "PAL SOLAR": null, "PIU": null, "GEOMETRY": "POINT (2.146537851827897 41.407628504959874)", "Type": "Bus Stop", "Evaluation": "No PID" }, "geometry": { "type": "Point", "coordinates": [ 2.146537851827897, 41.407628504959874 ] } },
{ "type": "Feature", "properties": { "CODI_PARADA": 2888, "NOM_PARADA": "Putxet - Cadis", "MARQUESINA": null, "PAL": 1.0, "PAL SOLAR": null, "PIU": null, "GEOMETRY": "POINT (2.1439744215711993 41.4064522605433)", "Type": "Bus Stop", "Evaluation": "No PID" }, "geometry": { "type": "Point", "coordinates": [ 2.143974421571199, 41.406452260543297 ] } },
{ "type": "Feature", "properties": { "CODI_PARADA": 2890, "NOM_PARADA": "Pg Vall d'Hebron - Trueba", "MARQUESINA": 1.0, "PAL": null, "PAL SOLAR": null, "PIU": null, "GEOMETRY": "POINT (2.1418057577256935 41.423414215413224)", "Type": "Bus Stop", "Evaluation": "No PID" }, "geometry": { "type": "Point", "coordinates": [ 2.141805757725693, 41.423414215413224 ] } },
{ "type": "Feature", "properties": { "CODI_PARADA": 2891, "NOM_PARADA": "Av Martí Codolar - Coll i Alentorn", "MARQUESINA": 1.0, "PAL": null, "PAL SOLAR": null, "PIU": 1.0, "GEOMETRY": "POINT (2.147839689611664 41.42470945352467)", "Type": "Bus Stop", "Evaluation": "Has PID" }, "geometry": { "type": "Point", "coordinates": [ 2.147839689611664, 41.42470945352467 ] } },
{ "type": "Feature", "properties": { "CODI_PARADA": 2894, "NOM_PARADA": "Bellesguard-Josep Canaleta", "MARQUESINA": null, "PAL": 1.0, "PAL SOLAR": null, "PIU": null, "GEOMETRY": "POINT (2.1250889542526417 41.411143677229234)", "Type": "Bus Stop", "Evaluation": "No PID" }, "geometry": { "type": "Point", "coordinates": [ 2.125088954252642, 41.411143677229234 ] } },
{ "type": "Feature", "properties": { "CODI_PARADA": 2895, "NOM_PARADA": "Carles Riba - Josep Maria Lledó", "MARQUESINA": null, "PAL": 1.0, "PAL SOLAR": null, "PIU": null, "GEOMETRY": "POINT (2.1236765658766985 41.411659496963594)", "Type": "Bus Stop", "Evaluation": "No PID" }, "geometry": { "type": "Point", "coordinates": [ 2.123676565876699, 41.411659496963594 ] } },
{ "type": "Feature", "properties": { "CODI_PARADA": 2899, "NOM_PARADA": "Josep Pla - Pallars", "MARQUESINA": 1.0, "PAL": null, "PAL SOLAR": null, "PIU": 1.0, "GEOMETRY": "POINT (2.2127555890338493 41.411221811407394)", "Type": "Bus Stop", "Evaluation": "Has PID" }, "geometry": { "type": "Point", "coordinates": [ 2.212755589033849, 41.411221811407394 ] } },
{ "type": "Feature", "properties": { "CODI_PARADA": 2901, "NOM_PARADA": "Josep Pla - Cristóbal de Moura", "MARQUESINA": 1.0, "PAL": null, "PAL SOLAR": null, "PIU": 1.0, "GEOMETRY": "POINT (2.2093368116749854 41.41380554512276)", "Type": "Bus Stop", "Evaluation": "Has PID" }, "geometry": { "type": "Point", "coordinates": [ 2.209336811674985, 41.413805545122763 ] } },
{ "type": "Feature", "properties": { "CODI_PARADA": 2902, "NOM_PARADA": "Josep Pla - Perú", "MARQUESINA": 1.0, "PAL": null, "PAL SOLAR": null, "PIU": 1.0, "GEOMETRY": "POINT (2.2060789064303425 41.416328073818974)", "Type": "Bus Stop", "Evaluation": "Has PID" }, "geometry": { "type": "Point", "coordinates": [ 2.206078906430343, 41.416328073818974 ] } },
{ "type": "Feature", "properties": { "CODI_PARADA": 2903, "NOM_PARADA": "Selva de Mar - Perú", "MARQUESINA": 1.0, "PAL": null, "PAL SOLAR": null, "PIU": 1.0, "GEOMETRY": "POINT (2.2018442281621096 41.414204729171324)", "Type": "Bus Stop", "Evaluation": "Has PID" }, "geometry": { "type": "Point", "coordinates": [ 2.20184422816211, 41.414204729171324 ] } },
{ "type": "Feature", "properties": { "CODI_PARADA": 2904, "NOM_PARADA": "Selva de Mar - Pere IV", "MARQUESINA": 1.0, "PAL": null, "PAL SOLAR": null, "PIU": 1.0, "GEOMETRY": "POINT (2.2057989877535773 41.41121081686756)", "Type": "Bus Stop", "Evaluation": "Has PID" }, "geometry": { "type": "Point", "coordinates": [ 2.205798987753577, 41.411210816867559 ] } },
{ "type": "Feature", "properties": { "CODI_PARADA": 2906, "NOM_PARADA": "Selva de Mar - Llull", "MARQUESINA": 1.0, "PAL": null, "PAL SOLAR": null, "PIU": 1.0, "GEOMETRY": "POINT (2.2098020899243354 41.408127134492766)", "Type": "Bus Stop", "Evaluation": "Has PID" }, "geometry": { "type": "Point", "coordinates": [ 2.209802089924335, 41.408127134492766 ] } },
{ "type": "Feature", "properties": { "CODI_PARADA": 2907, "NOM_PARADA": "Pg Taulat - Bac de Roda", "MARQUESINA": 1.0, "PAL": null, "PAL SOLAR": null, "PIU": null, "GEOMETRY": "POINT (2.2095375920610882 41.40262432094245)", "Type": "Bus Stop", "Evaluation": "No PID" }, "geometry": { "type": "Point", "coordinates": [ 2.209537592061088, 41.402624320942451 ] } },
{ "type": "Feature", "properties": { "CODI_PARADA": 2911, "NOM_PARADA": "Av Jordà - Hospital St Rafael", "MARQUESINA": null, "PAL": 1.0, "PAL SOLAR": null, "PIU": null, "GEOMETRY": "POINT (2.141409288691733 41.42510854606407)", "Type": "Bus Stop", "Evaluation": "No PID" }, "geometry": { "type": "Point", "coordinates": [ 2.141409288691733, 41.425108546064067 ] } },
{ "type": "Feature", "properties": { "CODI_PARADA": 2912, "NOM_PARADA": "Judea - Av Jordà", "MARQUESINA": 1.0, "PAL": null, "PAL SOLAR": null, "PIU": null, "GEOMETRY": "POINT (2.140801192893285 41.42503854819947)", "Type": "Bus Stop", "Evaluation": "No PID" }, "geometry": { "type": "Point", "coordinates": [ 2.140801192893285, 41.425038548199467 ] } },
{ "type": "Feature", "properties": { "CODI_PARADA": 2916, "NOM_PARADA": "Rambla de Badal - Constitució", "MARQUESINA": 1.0, "PAL": null, "PAL SOLAR": null, "PIU": null, "GEOMETRY": "POINT (2.132977620324889 41.36824804623057)", "Type": "Bus Stop", "Evaluation": "No PID" }, "geometry": { "type": "Point", "coordinates": [ 2.132977620324889, 41.368248046230569 ] } },
{ "type": "Feature", "properties": { "CODI_PARADA": 2920, "NOM_PARADA": "Francesc Cambó - Freixures", "MARQUESINA": null, "PAL": 1.0, "PAL SOLAR": null, "PIU": null, "GEOMETRY": "POINT (2.177500046820066 41.38605378005999)", "Type": "Bus Stop", "Evaluation": "No PID" }, "geometry": { "type": "Point", "coordinates": [ 2.177500046820066, 41.386053780059989 ] } },
{ "type": "Feature", "properties": { "CODI_PARADA": 2923, "NOM_PARADA": "Placeta del Comerç", "MARQUESINA": null, "PAL": 1.0, "PAL SOLAR": null, "PIU": null, "GEOMETRY": "POINT (2.18096115231268 41.389615824697294)", "Type": "Bus Stop", "Evaluation": "No PID" }, "geometry": { "type": "Point", "coordinates": [ 2.18096115231268, 41.389615824697294 ] } },
{ "type": "Feature", "properties": { "CODI_PARADA": 2925, "NOM_PARADA": "Pl Pons Clerch", "MARQUESINA": null, "PAL": 1.0, "PAL SOLAR": null, "PIU": null, "GEOMETRY": "POINT (2.181857739993479 41.3864958751918)", "Type": "Bus Stop", "Evaluation": "No PID" }, "geometry": { "type": "Point", "coordinates": [ 2.181857739993479, 41.386495875191798 ] } },
{ "type": "Feature", "properties": { "CODI_PARADA": 2926, "NOM_PARADA": "Princesa - Montcada", "MARQUESINA": null, "PAL": 1.0, "PAL SOLAR": null, "PIU": null, "GEOMETRY": "POINT (2.180294393405853 41.38525842913932)", "Type": "Bus Stop", "Evaluation": "No PID" }, "geometry": { "type": "Point", "coordinates": [ 2.180294393405853, 41.38525842913932 ] } },
{ "type": "Feature", "properties": { "CODI_PARADA": 2927, "NOM_PARADA": "Ample - Fusteria", "MARQUESINA": null, "PAL": 1.0, "PAL SOLAR": null, "PIU": null, "GEOMETRY": "POINT (2.180569950656448 41.3812551379108)", "Type": "Bus Stop", "Evaluation": "No PID" }, "geometry": { "type": "Point", "coordinates": [ 2.180569950656448, 41.381255137910799 ] } },
{ "type": "Feature", "properties": { "CODI_PARADA": 2928, "NOM_PARADA": "Pl de la Mercè", "MARQUESINA": null, "PAL": 1.0, "PAL SOLAR": null, "PIU": null, "GEOMETRY": "POINT (2.179320960915943 41.379508481759636)", "Type": "Bus Stop", "Evaluation": "No PID" }, "geometry": { "type": "Point", "coordinates": [ 2.179320960915943, 41.379508481759636 ] } },
{ "type": "Feature", "properties": { "CODI_PARADA": 2929, "NOM_PARADA": "Pl del Duc de Medinaceli", "MARQUESINA": null, "PAL": 1.0, "PAL SOLAR": null, "PIU": null, "GEOMETRY": "POINT (2.1785383209103686 41.378350163196274)", "Type": "Bus Stop", "Evaluation": "No PID" }, "geometry": { "type": "Point", "coordinates": [ 2.178538320910369, 41.378350163196274 ] } },
{ "type": "Feature", "properties": { "CODI_PARADA": 2930, "NOM_PARADA": "Torres i Amat - Ptge St Bernat", "MARQUESINA": null, "PAL": 1.0, "PAL SOLAR": null, "PIU": null, "GEOMETRY": "POINT (2.164673527151784 41.38441697847488)", "Type": "Bus Stop", "Evaluation": "No PID" }, "geometry": { "type": "Point", "coordinates": [ 2.164673527151784, 41.384416978474881 ] } },
{ "type": "Feature", "properties": { "CODI_PARADA": 2931, "NOM_PARADA": "Mont d'Orsà - Pl Vallvidrera", "MARQUESINA": null, "PAL": 1.0, "PAL SOLAR": null, "PIU": null, "GEOMETRY": "POINT (2.1042289601801185 41.412948293987036)", "Type": "Bus Stop", "Evaluation": "No PID" }, "geometry": { "type": "Point", "coordinates": [ 2.104228960180119, 41.412948293987036 ] } },
{ "type": "Feature", "properties": { "CODI_PARADA": 2933, "NOM_PARADA": "Ronda de Dalt - Císter", "MARQUESINA": 1.0, "PAL": null, "PAL SOLAR": null, "PIU": null, "GEOMETRY": "POINT (2.1297113729073973 41.412565522336685)", "Type": "Bus Stop", "Evaluation": "No PID" }, "geometry": { "type": "Point", "coordinates": [ 2.129711372907397, 41.412565522336685 ] } },
{ "type": "Feature", "properties": { "CODI_PARADA": 2935, "NOM_PARADA": "Camí Font Freda - València", "MARQUESINA": null, "PAL": 1.0, "PAL SOLAR": null, "PIU": null, "GEOMETRY": "POINT (2.189428847541745 41.49315578595728)", "Type": "Bus Stop", "Evaluation": "No PID" }, "geometry": { "type": "Point", "coordinates": [ 2.189428847541745, 41.493155785957278 ] } },
{ "type": "Feature", "properties": { "CODI_PARADA": 2936, "NOM_PARADA": "Castelló - Rigola", "MARQUESINA": null, "PAL": 1.0, "PAL SOLAR": null, "PIU": null, "GEOMETRY": "POINT (2.187135156685614 41.49458544936927)", "Type": "Bus Stop", "Evaluation": "No PID" }, "geometry": { "type": "Point", "coordinates": [ 2.187135156685614, 41.494585449369268 ] } },
{ "type": "Feature", "properties": { "CODI_PARADA": 2943, "NOM_PARADA": "Castelló - Eivissa", "MARQUESINA": null, "PAL": 1.0, "PAL SOLAR": null, "PIU": null, "GEOMETRY": "POINT (2.1862408513019815 41.49439562614151)", "Type": "Bus Stop", "Evaluation": "No PID" }, "geometry": { "type": "Point", "coordinates": [ 2.186240851301982, 41.494395626141511 ] } },
{ "type": "Feature", "properties": { "CODI_PARADA": 2944, "NOM_PARADA": "Camí Font Freda - Castelló", "MARQUESINA": null, "PAL": 1.0, "PAL SOLAR": null, "PIU": null, "GEOMETRY": "POINT (2.189316640776044 41.49357472735096)", "Type": "Bus Stop", "Evaluation": "No PID" }, "geometry": { "type": "Point", "coordinates": [ 2.189316640776044, 41.493574727350961 ] } },
{ "type": "Feature", "properties": { "CODI_PARADA": 2946, "NOM_PARADA": "Espronceda - Guipúscoa", "MARQUESINA": 1.0, "PAL": null, "PAL SOLAR": null, "PIU": 1.0, "GEOMETRY": "POINT (2.1928364920870345 41.41414938763065)", "Type": "Bus Stop", "Evaluation": "Has PID" }, "geometry": { "type": "Point", "coordinates": [ 2.192836492087034, 41.414149387630651 ] } },
{ "type": "Feature", "properties": { "CODI_PARADA": 2947, "NOM_PARADA": "Espronceda - Gran Via", "MARQUESINA": 1.0, "PAL": null, "PAL SOLAR": null, "PIU": 1.0, "GEOMETRY": "POINT (2.196362310733997 41.41150003084651)", "Type": "Bus Stop", "Evaluation": "Has PID" }, "geometry": { "type": "Point", "coordinates": [ 2.196362310733997, 41.411500030846511 ] } },
{ "type": "Feature", "properties": { "CODI_PARADA": 2949, "NOM_PARADA": "Gran Via - St Martí Provençals", "MARQUESINA": 1.0, "PAL": null, "PAL SOLAR": null, "PIU": null, "GEOMETRY": "POINT (2.203737399199343 41.41580560138416)", "Type": "Bus Stop", "Evaluation": "No PID" }, "geometry": { "type": "Point", "coordinates": [ 2.203737399199343, 41.415805601384157 ] } },
{ "type": "Feature", "properties": { "CODI_PARADA": 2950, "NOM_PARADA": "Beret - Teide", "MARQUESINA": null, "PAL": 1.0, "PAL SOLAR": null, "PIU": null, "GEOMETRY": "POINT (2.167670091585712 41.43214096397821)", "Type": "Bus Stop", "Evaluation": "No PID" }, "geometry": { "type": "Point", "coordinates": [ 2.167670091585712, 41.432140963978213 ] } },
{ "type": "Feature", "properties": { "CODI_PARADA": 2951, "NOM_PARADA": "Cadi - Pg de la Peira", "MARQUESINA": null, "PAL": 1.0, "PAL SOLAR": null, "PIU": null, "GEOMETRY": "POINT (2.1691801200640235 41.43176156732603)", "Type": "Bus Stop", "Evaluation": "No PID" }, "geometry": { "type": "Point", "coordinates": [ 2.169180120064023, 41.431761567326028 ] } },
{ "type": "Feature", "properties": { "CODI_PARADA": 2952, "NOM_PARADA": "Constitució - Jocs Florals", "MARQUESINA": null, "PAL": 1.0, "PAL SOLAR": null, "PIU": null, "GEOMETRY": "POINT (2.1366013844802967 41.369867954884135)", "Type": "Bus Stop", "Evaluation": "No PID" }, "geometry": { "type": "Point", "coordinates": [ 2.136601384480297, 41.369867954884135 ] } },
{ "type": "Feature", "properties": { "CODI_PARADA": 2953, "NOM_PARADA": "Capella de Can Caralleu - Saüc", "MARQUESINA": null, "PAL": 1.0, "PAL SOLAR": null, "PIU": null, "GEOMETRY": "POINT (2.107369973094286 41.40232339679755)", "Type": "Bus Stop", "Evaluation": "No PID" }, "geometry": { "type": "Point", "coordinates": [ 2.107369973094286, 41.402323396797549 ] } },
{ "type": "Feature", "properties": { "CODI_PARADA": 2954, "NOM_PARADA": "Camí de Lliçà", "MARQUESINA": null, "PAL": 1.0, "PAL SOLAR": null, "PIU": null, "GEOMETRY": "POINT (2.106684641799361 41.402362899003876)", "Type": "Bus Stop", "Evaluation": "No PID" }, "geometry": { "type": "Point", "coordinates": [ 2.106684641799361, 41.402362899003876 ] } },
{ "type": "Feature", "properties": { "CODI_PARADA": 2955, "NOM_PARADA": "Agrupacions números 5 i 6", "MARQUESINA": null, "PAL": 1.0, "PAL SOLAR": null, "PIU": null, "GEOMETRY": "POINT (2.158234202205929 41.45895872235775)", "Type": "Bus Stop", "Evaluation": "No PID" }, "geometry": { "type": "Point", "coordinates": [ 2.158234202205929, 41.45895872235775 ] } },
{ "type": "Feature", "properties": { "CODI_PARADA": 2956, "NOM_PARADA": "Agrupacions números 3 i 4", "MARQUESINA": null, "PAL": 1.0, "PAL SOLAR": null, "PIU": null, "GEOMETRY": "POINT (2.1578428917829293 41.45675176060828)", "Type": "Bus Stop", "Evaluation": "No PID" }, "geometry": { "type": "Point", "coordinates": [ 2.157842891782929, 41.456751760608277 ] } },
{ "type": "Feature", "properties": { "CODI_PARADA": 2957, "NOM_PARADA": "Agrupació número 11", "MARQUESINA": null, "PAL": 1.0, "PAL SOLAR": null, "PIU": null, "GEOMETRY": "POINT (2.160386791516875 41.45496793006699)", "Type": "Bus Stop", "Evaluation": "No PID" }, "geometry": { "type": "Point", "coordinates": [ 2.160386791516875, 41.454967930066992 ] } },
{ "type": "Feature", "properties": { "CODI_PARADA": 2958, "NOM_PARADA": "Agrupacions números 7 i 8", "MARQUESINA": null, "PAL": 1.0, "PAL SOLAR": null, "PIU": null, "GEOMETRY": "POINT (2.158551938075296 41.45747271992775)", "Type": "Bus Stop", "Evaluation": "No PID" }, "geometry": { "type": "Point", "coordinates": [ 2.158551938075296, 41.45747271992775 ] } },
{ "type": "Feature", "properties": { "CODI_PARADA": 2959, "NOM_PARADA": "Agrupació número 8", "MARQUESINA": null, "PAL": 1.0, "PAL SOLAR": null, "PIU": null, "GEOMETRY": "POINT (2.159407330060361 41.45893260045429)", "Type": "Bus Stop", "Evaluation": "No PID" }, "geometry": { "type": "Point", "coordinates": [ 2.159407330060361, 41.45893260045429 ] } },
{ "type": "Feature", "properties": { "CODI_PARADA": 2960, "NOM_PARADA": "Agrupacions números 8 i 9", "MARQUESINA": null, "PAL": 1.0, "PAL SOLAR": null, "PIU": null, "GEOMETRY": "POINT (2.1617566587506163 41.45793331401765)", "Type": "Bus Stop", "Evaluation": "No PID" }, "geometry": { "type": "Point", "coordinates": [ 2.161756658750616, 41.457933314017652 ] } },
{ "type": "Feature", "properties": { "CODI_PARADA": 2961, "NOM_PARADA": "Agrupació número 10", "MARQUESINA": null, "PAL": 1.0, "PAL SOLAR": null, "PIU": null, "GEOMETRY": "POINT (2.160634942326904 41.45789067309425)", "Type": "Bus Stop", "Evaluation": "No PID" }, "geometry": { "type": "Point", "coordinates": [ 2.160634942326904, 41.457890673094248 ] } },
{ "type": "Feature", "properties": { "CODI_PARADA": 2962, "NOM_PARADA": "Agrupacions números 9 i 10", "MARQUESINA": null, "PAL": 1.0, "PAL SOLAR": null, "PIU": null, "GEOMETRY": "POINT (2.1623116924229118 41.45688277011439)", "Type": "Bus Stop", "Evaluation": "No PID" }, "geometry": { "type": "Point", "coordinates": [ 2.162311692422912, 41.45688277011439 ] } },
{ "type": "Feature", "properties": { "CODI_PARADA": 2963, "NOM_PARADA": "Agrupació número 9", "MARQUESINA": null, "PAL": 1.0, "PAL SOLAR": null, "PIU": null, "GEOMETRY": "POINT (2.163896948169137 41.457551239564054)", "Type": "Bus Stop", "Evaluation": "No PID" }, "geometry": { "type": "Point", "coordinates": [ 2.163896948169137, 41.457551239564054 ] } },
{ "type": "Feature", "properties": { "CODI_PARADA": 2965, "NOM_PARADA": "Av Granvia - Centre Comercial", "MARQUESINA": null, "PAL": null, "PAL SOLAR": 1.0, "PIU": 1.0, "GEOMETRY": "POINT (2.1284634828526645 41.35976560575591)", "Type": "Bus Stop", "Evaluation": "Has PID" }, "geometry": { "type": "Point", "coordinates": [ 2.128463482852665, 41.359765605755911 ] } },
{ "type": "Feature", "properties": { "CODI_PARADA": 2966, "NOM_PARADA": "Amadeu Torner", "MARQUESINA": 1.0, "PAL": null, "PAL SOLAR": null, "PIU": 1.0, "GEOMETRY": "POINT (2.1241573422485587 41.35653523091312)", "Type": "Bus Stop", "Evaluation": "Has PID" }, "geometry": { "type": "Point", "coordinates": [ 2.124157342248559, 41.356535230913117 ] } },
{ "type": "Feature", "properties": { "CODI_PARADA": 2968, "NOM_PARADA": "Amadeu Torner", "MARQUESINA": 1.0, "PAL": null, "PAL SOLAR": null, "PIU": 1.0, "GEOMETRY": "POINT (2.1238525313396464 41.35549744839765)", "Type": "Bus Stop", "Evaluation": "Has PID" }, "geometry": { "type": "Point", "coordinates": [ 2.123852531339646, 41.355497448397649 ] } },
{ "type": "Feature", "properties": { "CODI_PARADA": 2970, "NOM_PARADA": "Av Granvia - Centre Comercial", "MARQUESINA": null, "PAL": null, "PAL SOLAR": 1.0, "PIU": 1.0, "GEOMETRY": "POINT (2.128855066497922 41.35930301420109)", "Type": "Bus Stop", "Evaluation": "Has PID" }, "geometry": { "type": "Point", "coordinates": [ 2.128855066497922, 41.359303014201089 ] } },
{ "type": "Feature", "properties": { "CODI_PARADA": 2974, "NOM_PARADA": "Tanatori de la Vall d'Hebron", "MARQUESINA": null, "PAL": 1.0, "PAL SOLAR": null, "PIU": null, "GEOMETRY": "POINT (2.1548040447069226 41.44047753520307)", "Type": "Bus Stop", "Evaluation": "No PID" }, "geometry": { "type": "Point", "coordinates": [ 2.154804044706923, 41.440477535203073 ] } },
{ "type": "Feature", "properties": { "CODI_PARADA": 2976, "NOM_PARADA": "Fastenrath - Arenys", "MARQUESINA": null, "PAL": 1.0, "PAL SOLAR": null, "PIU": null, "GEOMETRY": "POINT (2.142898257280335 41.42187029108075)", "Type": "Bus Stop", "Evaluation": "No PID" }, "geometry": { "type": "Point", "coordinates": [ 2.142898257280335, 41.421870291080751 ] } },
{ "type": "Feature", "properties": { "CODI_PARADA": 2977, "NOM_PARADA": "Llobera", "MARQUESINA": null, "PAL": 1.0, "PAL SOLAR": null, "PIU": null, "GEOMETRY": "POINT (2.1778800553755633 41.44999077744915)", "Type": "Bus Stop", "Evaluation": "No PID" }, "geometry": { "type": "Point", "coordinates": [ 2.177880055375563, 41.449990777449152 ] } },
{ "type": "Feature", "properties": { "CODI_PARADA": 2978, "NOM_PARADA": "Rodrigo Caro - Llobera", "MARQUESINA": null, "PAL": 1.0, "PAL SOLAR": null, "PIU": null, "GEOMETRY": "POINT (2.1745303127383813 41.44915178536378)", "Type": "Bus Stop", "Evaluation": "No PID" }, "geometry": { "type": "Point", "coordinates": [ 2.174530312738381, 41.449151785363782 ] } },
{ "type": "Feature", "properties": { "CODI_PARADA": 2979, "NOM_PARADA": "Rodrigo Caro - Fornells", "MARQUESINA": null, "PAL": 1.0, "PAL SOLAR": null, "PIU": null, "GEOMETRY": "POINT (2.173770760912106 41.44848422221163)", "Type": "Bus Stop", "Evaluation": "No PID" }, "geometry": { "type": "Point", "coordinates": [ 2.173770760912106, 41.448484222211633 ] } },
{ "type": "Feature", "properties": { "CODI_PARADA": 2980, "NOM_PARADA": "Rodrigo Caro - Ojeda", "MARQUESINA": null, "PAL": 1.0, "PAL SOLAR": null, "PIU": null, "GEOMETRY": "POINT (2.1731780314969855 41.44773272847532)", "Type": "Bus Stop", "Evaluation": "No PID" }, "geometry": { "type": "Point", "coordinates": [ 2.173178031496986, 41.447732728475323 ] } },
{ "type": "Feature", "properties": { "CODI_PARADA": 2984, "NOM_PARADA": "Cardenal Reig - Pisuerga", "MARQUESINA": 1.0, "PAL": null, "PAL SOLAR": null, "PIU": 1.0, "GEOMETRY": "POINT (2.114777029453305 41.37717246077722)", "Type": "Bus Stop", "Evaluation": "Has PID" }, "geometry": { "type": "Point", "coordinates": [ 2.114777029453305, 41.377172460777217 ] } },
{ "type": "Feature", "properties": { "CODI_PARADA": 2985, "NOM_PARADA": "Aiguablava - Tamariu - Trinitat Nova", "MARQUESINA": 1.0, "PAL": null, "PAL SOLAR": null, "PIU": null, "GEOMETRY": "POINT (2.18405685290984 41.45011489077953)", "Type": "Bus Stop", "Evaluation": "No PID" }, "geometry": { "type": "Point", "coordinates": [ 2.18405685290984, 41.450114890779531 ] } },
{ "type": "Feature", "properties": { "CODI_PARADA": 2987, "NOM_PARADA": "Fastenrath - Llobregós", "MARQUESINA": null, "PAL": 1.0, "PAL SOLAR": null, "PIU": null, "GEOMETRY": "POINT (2.1514997852746878 41.42163621482541)", "Type": "Bus Stop", "Evaluation": "No PID" }, "geometry": { "type": "Point", "coordinates": [ 2.151499785274688, 41.421636214825412 ] } },
{ "type": "Feature", "properties": { "CODI_PARADA": 2989, "NOM_PARADA": "Mare de Déu de Port - Can Tunis", "MARQUESINA": 1.0, "PAL": null, "PAL SOLAR": null, "PIU": null, "GEOMETRY": "POINT (2.158289028946044 41.352085893430896)", "Type": "Bus Stop", "Evaluation": "No PID" }, "geometry": { "type": "Point", "coordinates": [ 2.158289028946044, 41.352085893430896 ] } },
{ "type": "Feature", "properties": { "CODI_PARADA": 2990, "NOM_PARADA": "Ricart - Paral·lel", "MARQUESINA": null, "PAL": 1.0, "PAL SOLAR": null, "PIU": null, "GEOMETRY": "POINT (2.158264088411825 41.37435502498666)", "Type": "Bus Stop", "Evaluation": "No PID" }, "geometry": { "type": "Point", "coordinates": [ 2.158264088411825, 41.374355024986663 ] } },
{ "type": "Feature", "properties": { "CODI_PARADA": 2992, "NOM_PARADA": "Pl Pius XII - Av Pedralbes", "MARQUESINA": 1.0, "PAL": null, "PAL SOLAR": null, "PIU": null, "GEOMETRY": "POINT (2.1225205714496815 41.38779580230838)", "Type": "Bus Stop", "Evaluation": "No PID" }, "geometry": { "type": "Point", "coordinates": [ 2.122520571449682, 41.387795802308382 ] } },
{ "type": "Feature", "properties": { "CODI_PARADA": 2995, "NOM_PARADA": "Pavelló Olímpic", "MARQUESINA": 1.0, "PAL": null, "PAL SOLAR": null, "PIU": null, "GEOMETRY": "POINT (2.2317900507622466 41.44120237877978)", "Type": "Bus Stop", "Evaluation": "No PID" }, "geometry": { "type": "Point", "coordinates": [ 2.231790050762247, 41.441202378779778 ] } },
{ "type": "Feature", "properties": { "CODI_PARADA": 2996, "NOM_PARADA": "Av Marquès de Montroig - Pl Pres Tarradellas", "MARQUESINA": null, "PAL": 1.0, "PAL SOLAR": null, "PIU": null, "GEOMETRY": "POINT (2.2341108816939403 41.440867207696066)", "Type": "Bus Stop", "Evaluation": "No PID" }, "geometry": { "type": "Point", "coordinates": [ 2.23411088169394, 41.440867207696066 ] } },
{ "type": "Feature", "properties": { "CODI_PARADA": 2997, "NOM_PARADA": "Pavelló Olímpic", "MARQUESINA": null, "PAL": 1.0, "PAL SOLAR": null, "PIU": null, "GEOMETRY": "POINT (2.2312176067709513 41.44106110185982)", "Type": "Bus Stop", "Evaluation": "No PID" }, "geometry": { "type": "Point", "coordinates": [ 2.231217606770951, 41.441061101859823 ] } },
{ "type": "Feature", "properties": { "CODI_PARADA": 2998, "NOM_PARADA": "La Salut / Congrés", "MARQUESINA": 1.0, "PAL": null, "PAL SOLAR": null, "PIU": 1.0, "GEOMETRY": "POINT (2.2282443614699434 41.43948960078482)", "Type": "Bus Stop", "Evaluation": "Has PID" }, "geometry": { "type": "Point", "coordinates": [ 2.228244361469943, 41.439489600784817 ] } },
{ "type": "Feature", "properties": { "CODI_PARADA": 2999, "NOM_PARADA": "Foc - Sot del Migdia", "MARQUESINA": null, "PAL": 1.0, "PAL SOLAR": null, "PIU": null, "GEOMETRY": "POINT (2.1505326017127064 41.36000314521581)", "Type": "Bus Stop", "Evaluation": "No PID" }, "geometry": { "type": "Point", "coordinates": [ 2.150532601712706, 41.360003145215813 ] } },
{ "type": "Feature", "properties": { "CODI_PARADA": 3000, "NOM_PARADA": "Palau Sant Jordi", "MARQUESINA": null, "PAL": 1.0, "PAL SOLAR": null, "PIU": null, "GEOMETRY": "POINT (2.1529544105326255 41.361584593862084)", "Type": "Bus Stop", "Evaluation": "No PID" }, "geometry": { "type": "Point", "coordinates": [ 2.152954410532625, 41.361584593862084 ] } },
{ "type": "Feature", "properties": { "CODI_PARADA": 3001, "NOM_PARADA": "Estació RENFE - Andana 2", "MARQUESINA": 1.0, "PAL": null, "PAL SOLAR": null, "PIU": 1.0, "GEOMETRY": "POINT (2.090552111089987 41.33102161908375)", "Type": "Bus Stop", "Evaluation": "Has PID" }, "geometry": { "type": "Point", "coordinates": [ 2.090552111089987, 41.331021619083749 ] } },
{ "type": "Feature", "properties": { "CODI_PARADA": 3002, "NOM_PARADA": "Pedrera del Mussol - Marbre", "MARQUESINA": null, "PAL": 1.0, "PAL SOLAR": null, "PIU": null, "GEOMETRY": "POINT (2.147852260152286 41.36136380022484)", "Type": "Bus Stop", "Evaluation": "No PID" }, "geometry": { "type": "Point", "coordinates": [ 2.147852260152286, 41.361363800224836 ] } },
{ "type": "Feature", "properties": { "CODI_PARADA": 3004, "NOM_PARADA": "Pg del Pi Forcat - Pg del Grèvol", "MARQUESINA": null, "PAL": 1.0, "PAL SOLAR": null, "PIU": null, "GEOMETRY": "POINT (2.0872553350706964 41.42259000230949)", "Type": "Bus Stop", "Evaluation": "No PID" }, "geometry": { "type": "Point", "coordinates": [ 2.087255335070696, 41.422590002309491 ] } },
{ "type": "Feature", "properties": { "CODI_PARADA": 3005, "NOM_PARADA": "Pg del Grèvol", "MARQUESINA": null, "PAL": 1.0, "PAL SOLAR": null, "PIU": null, "GEOMETRY": "POINT (2.0866044537954362 41.42173219736768)", "Type": "Bus Stop", "Evaluation": "No PID" }, "geometry": { "type": "Point", "coordinates": [ 2.086604453795436, 41.421732197367682 ] } },
{ "type": "Feature", "properties": { "CODI_PARADA": 3006, "NOM_PARADA": "Pg del Grèvol - Camí de Can Castellví", "MARQUESINA": null, "PAL": 1.0, "PAL SOLAR": null, "PIU": null, "GEOMETRY": "POINT (2.084956650469807 41.42009799962986)", "Type": "Bus Stop", "Evaluation": "No PID" }, "geometry": { "type": "Point", "coordinates": [ 2.084956650469807, 41.42009799962986 ] } },
{ "type": "Feature", "properties": { "CODI_PARADA": 3007, "NOM_PARADA": "Pg del Grèvol - Pg del Pi Forcat", "MARQUESINA": null, "PAL": 1.0, "PAL SOLAR": null, "PIU": null, "GEOMETRY": "POINT (2.0869491449807254 41.42172672924159)", "Type": "Bus Stop", "Evaluation": "No PID" }, "geometry": { "type": "Point", "coordinates": [ 2.086949144980725, 41.421726729241591 ] } },
{ "type": "Feature", "properties": { "CODI_PARADA": 3008, "NOM_PARADA": "CAP Les Hortes", "MARQUESINA": 1.0, "PAL": null, "PAL SOLAR": null, "PIU": null, "GEOMETRY": "POINT (2.1667897979777107 41.37178406649637)", "Type": "Bus Stop", "Evaluation": "No PID" }, "geometry": { "type": "Point", "coordinates": [ 2.166789797977711, 41.371784066496367 ] } },
{ "type": "Feature", "properties": { "CODI_PARADA": 3009, "NOM_PARADA": "CAP Vallvidrera", "MARQUESINA": null, "PAL": 1.0, "PAL SOLAR": null, "PIU": null, "GEOMETRY": "POINT (2.103913784505621 41.41399256252762)", "Type": "Bus Stop", "Evaluation": "No PID" }, "geometry": { "type": "Point", "coordinates": [ 2.103913784505621, 41.413992562527618 ] } },
{ "type": "Feature", "properties": { "CODI_PARADA": 3010, "NOM_PARADA": "Centre Cívic Vallvidrera", "MARQUESINA": null, "PAL": 1.0, "PAL SOLAR": null, "PIU": null, "GEOMETRY": "POINT (2.1026297283886937 41.415218243167125)", "Type": "Bus Stop", "Evaluation": "No PID" }, "geometry": { "type": "Point", "coordinates": [ 2.102629728388694, 41.415218243167125 ] } },
{ "type": "Feature", "properties": { "CODI_PARADA": 3011, "NOM_PARADA": "CEIP Nabí", "MARQUESINA": null, "PAL": 1.0, "PAL SOLAR": null, "PIU": null, "GEOMETRY": "POINT (2.101237376567298 41.41678902550436)", "Type": "Bus Stop", "Evaluation": "No PID" }, "geometry": { "type": "Point", "coordinates": [ 2.101237376567298, 41.416789025504357 ] } },
{ "type": "Feature", "properties": { "CODI_PARADA": 3012, "NOM_PARADA": "Elisa Moragas i Badia - Llicorella", "MARQUESINA": null, "PAL": 1.0, "PAL SOLAR": null, "PIU": null, "GEOMETRY": "POINT (2.102778518168511 41.41500625212518)", "Type": "Bus Stop", "Evaluation": "No PID" }, "geometry": { "type": "Point", "coordinates": [ 2.102778518168511, 41.415006252125181 ] } },
{ "type": "Feature", "properties": { "CODI_PARADA": 3013, "NOM_PARADA": "Mercat de Vallvidrera", "MARQUESINA": null, "PAL": 1.0, "PAL SOLAR": null, "PIU": null, "GEOMETRY": "POINT (2.103696681153187 41.41407112685709)", "Type": "Bus Stop", "Evaluation": "No PID" }, "geometry": { "type": "Point", "coordinates": [ 2.103696681153187, 41.414071126857088 ] } },
{ "type": "Feature", "properties": { "CODI_PARADA": 3016, "NOM_PARADA": "Peníscola - Pare Manjón", "MARQUESINA": 1.0, "PAL": null, "PAL SOLAR": null, "PIU": null, "GEOMETRY": "POINT (2.190709689354584 41.45342105811914)", "Type": "Bus Stop", "Evaluation": "No PID" }, "geometry": { "type": "Point", "coordinates": [ 2.190709689354584, 41.45342105811914 ] } },
{ "type": "Feature", "properties": { "CODI_PARADA": 3017, "NOM_PARADA": "Turó de La Trinitat - Ausona", "MARQUESINA": null, "PAL": 1.0, "PAL SOLAR": null, "PIU": null, "GEOMETRY": "POINT (2.1914150810601316 41.45288349970641)", "Type": "Bus Stop", "Evaluation": "No PID" }, "geometry": { "type": "Point", "coordinates": [ 2.191415081060132, 41.45288349970641 ] } },
{ "type": "Feature", "properties": { "CODI_PARADA": 3018, "NOM_PARADA": "Turó de La Trinitat - Foradada", "MARQUESINA": null, "PAL": 1.0, "PAL SOLAR": null, "PIU": null, "GEOMETRY": "POINT (2.1906983009555785 41.451127496859186)", "Type": "Bus Stop", "Evaluation": "No PID" }, "geometry": { "type": "Point", "coordinates": [ 2.190698300955578, 41.451127496859186 ] } },
{ "type": "Feature", "properties": { "CODI_PARADA": 3019, "NOM_PARADA": "Turó de La Trinitat - Madriguera", "MARQUESINA": null, "PAL": 1.0, "PAL SOLAR": null, "PIU": null, "GEOMETRY": "POINT (2.1901576152033297 41.44991064683533)", "Type": "Bus Stop", "Evaluation": "No PID" }, "geometry": { "type": "Point", "coordinates": [ 2.19015761520333, 41.449910646835328 ] } },
{ "type": "Feature", "properties": { "CODI_PARADA": 3020, "NOM_PARADA": "Montagut - Vila-seca", "MARQUESINA": null, "PAL": 1.0, "PAL SOLAR": null, "PIU": null, "GEOMETRY": "POINT (2.1682488772068202 41.434063066529625)", "Type": "Bus Stop", "Evaluation": "No PID" }, "geometry": { "type": "Point", "coordinates": [ 2.16824887720682, 41.434063066529625 ] } },
{ "type": "Feature", "properties": { "CODI_PARADA": 3021, "NOM_PARADA": "Espinagua - Darnius", "MARQUESINA": null, "PAL": 1.0, "PAL SOLAR": null, "PIU": null, "GEOMETRY": "POINT (2.16625179133333 41.43515436041601)", "Type": "Bus Stop", "Evaluation": "No PID" }, "geometry": { "type": "Point", "coordinates": [ 2.16625179133333, 41.435154360416007 ] } },
{ "type": "Feature", "properties": { "CODI_PARADA": 3023, "NOM_PARADA": "Ildefons Cerdà - Ciutat de la Justícia", "MARQUESINA": 1.0, "PAL": null, "PAL SOLAR": null, "PIU": 1.0, "GEOMETRY": "POINT (2.133837487585607 41.36380946831462)", "Type": "Bus Stop", "Evaluation": "Has PID" }, "geometry": { "type": "Point", "coordinates": [ 2.133837487585607, 41.363809468314621 ] } },
{ "type": "Feature", "properties": { "CODI_PARADA": 3024, "NOM_PARADA": "Av Granvia - Alhambra", "MARQUESINA": null, "PAL": null, "PAL SOLAR": 1.0, "PIU": 1.0, "GEOMETRY": "POINT (2.1313020288624918 41.36190316608004)", "Type": "Bus Stop", "Evaluation": "Has PID" }, "geometry": { "type": "Point", "coordinates": [ 2.131302028862492, 41.36190316608004 ] } },
{ "type": "Feature", "properties": { "CODI_PARADA": 3025, "NOM_PARADA": "Mireia - Finestrelles", "MARQUESINA": null, "PAL": 1.0, "PAL SOLAR": null, "PIU": null, "GEOMETRY": "POINT (2.189396278940294 41.451138429067456)", "Type": "Bus Stop", "Evaluation": "No PID" }, "geometry": { "type": "Point", "coordinates": [ 2.189396278940294, 41.451138429067456 ] } },
{ "type": "Feature", "properties": { "CODI_PARADA": 3026, "NOM_PARADA": "Mireia - Ausona", "MARQUESINA": null, "PAL": 1.0, "PAL SOLAR": null, "PIU": null, "GEOMETRY": "POINT (2.1895501042469503 41.452335034683465)", "Type": "Bus Stop", "Evaluation": "No PID" }, "geometry": { "type": "Point", "coordinates": [ 2.18955010424695, 41.452335034683465 ] } },
{ "type": "Feature", "properties": { "CODI_PARADA": 3030, "NOM_PARADA": "Pg Joan de Borbó - Moll Oriental", "MARQUESINA": 1.0, "PAL": null, "PAL SOLAR": null, "PIU": null, "GEOMETRY": "POINT (2.1879456325809294 41.36914810923071)", "Type": "Bus Stop", "Evaluation": "No PID" }, "geometry": { "type": "Point", "coordinates": [ 2.187945632580929, 41.369148109230707 ] } },
{ "type": "Feature", "properties": { "CODI_PARADA": 3032, "NOM_PARADA": "Ronda St Pere - Pg de Gràcia", "MARQUESINA": 1.0, "PAL": null, "PAL SOLAR": null, "PIU": null, "GEOMETRY": "POINT (2.17085919166507 41.388356746684984)", "Type": "Bus Stop", "Evaluation": "No PID" }, "geometry": { "type": "Point", "coordinates": [ 2.17085919166507, 41.388356746684984 ] } },
{ "type": "Feature", "properties": { "CODI_PARADA": 3033, "NOM_PARADA": "Av del Baix Llobregat - Miquel Roncali", "MARQUESINA": 1.0, "PAL": null, "PAL SOLAR": null, "PIU": null, "GEOMETRY": "POINT (2.065013089244399 41.35327639406417)", "Type": "Bus Stop", "Evaluation": "No PID" }, "geometry": { "type": "Point", "coordinates": [ 2.065013089244399, 41.353276394064167 ] } },
{ "type": "Feature", "properties": { "CODI_PARADA": 3034, "NOM_PARADA": "Av del Baix Llobregat - Verge de Montserrat", "MARQUESINA": 1.0, "PAL": null, "PAL SOLAR": null, "PIU": null, "GEOMETRY": "POINT (2.070459560773612 41.35029120285233)", "Type": "Bus Stop", "Evaluation": "No PID" }, "geometry": { "type": "Point", "coordinates": [ 2.070459560773612, 41.350291202852333 ] } },
{ "type": "Feature", "properties": { "CODI_PARADA": 3035, "NOM_PARADA": "Av del Baix Llobregat - Fivaller", "MARQUESINA": 1.0, "PAL": null, "PAL SOLAR": null, "PIU": null, "GEOMETRY": "POINT (2.0762310694806496 41.34939224822449)", "Type": "Bus Stop", "Evaluation": "No PID" }, "geometry": { "type": "Point", "coordinates": [ 2.07623106948065, 41.34939224822449 ] } },
{ "type": "Feature", "properties": { "CODI_PARADA": 3036, "NOM_PARADA": "Av Pablo Picasso - Av del Maresme", "MARQUESINA": 1.0, "PAL": null, "PAL SOLAR": null, "PIU": null, "GEOMETRY": "POINT (2.088774439286051 41.35229876916754)", "Type": "Bus Stop", "Evaluation": "No PID" }, "geometry": { "type": "Point", "coordinates": [ 2.088774439286051, 41.35229876916754 ] } },
{ "type": "Feature", "properties": { "CODI_PARADA": 3037, "NOM_PARADA": "Anoia - Arquitecte Calzada", "MARQUESINA": null, "PAL": 1.0, "PAL SOLAR": null, "PIU": null, "GEOMETRY": "POINT (2.078102141389906 41.35783346290666)", "Type": "Bus Stop", "Evaluation": "No PID" }, "geometry": { "type": "Point", "coordinates": [ 2.078102141389906, 41.357833462906662 ] } },
{ "type": "Feature", "properties": { "CODI_PARADA": 3040, "NOM_PARADA": "Ctra de St Boi - Pl Quatre Camins", "MARQUESINA": 1.0, "PAL": null, "PAL SOLAR": null, "PIU": null, "GEOMETRY": "POINT (2.0646267014545687 41.35555209305094)", "Type": "Bus Stop", "Evaluation": "No PID" }, "geometry": { "type": "Point", "coordinates": [ 2.064626701454569, 41.355552093050939 ] } },
{ "type": "Feature", "properties": { "CODI_PARADA": 3041, "NOM_PARADA": "Aeroport T2C", "MARQUESINA": null, "PAL": 1.0, "PAL SOLAR": null, "PIU": null, "GEOMETRY": "POINT (2.081807930550085 41.305002346816096)", "Type": "Bus Stop", "Evaluation": "No PID" }, "geometry": { "type": "Point", "coordinates": [ 2.081807930550085, 41.305002346816096 ] } },
{ "type": "Feature", "properties": { "CODI_PARADA": 3043, "NOM_PARADA": "Aeroport T1", "MARQUESINA": null, "PAL": 1.0, "PAL SOLAR": null, "PIU": null, "GEOMETRY": "POINT (2.0732820819289914 41.28756464386835)", "Type": "Bus Stop", "Evaluation": "No PID" }, "geometry": { "type": "Point", "coordinates": [ 2.073282081928991, 41.28756464386835 ] } },
{ "type": "Feature", "properties": { "CODI_PARADA": 3046, "NOM_PARADA": "Anna Piferrer - Betània", "MARQUESINA": null, "PAL": 1.0, "PAL SOLAR": null, "PIU": null, "GEOMETRY": "POINT (2.140355657877947 41.417543979368844)", "Type": "Bus Stop", "Evaluation": "No PID" }, "geometry": { "type": "Point", "coordinates": [ 2.140355657877947, 41.417543979368844 ] } },
{ "type": "Feature", "properties": { "CODI_PARADA": 3047, "NOM_PARADA": "Aeroport T2B - Sortides (sentit T1)", "MARQUESINA": null, "PAL": 1.0, "PAL SOLAR": null, "PIU": null, "GEOMETRY": "POINT (2.075774663814637 41.30287226113252)", "Type": "Bus Stop", "Evaluation": "No PID" }, "geometry": { "type": "Point", "coordinates": [ 2.075774663814637, 41.302872261132521 ] } },
{ "type": "Feature", "properties": { "CODI_PARADA": 3051, "NOM_PARADA": "La Murtra - Sta Albina", "MARQUESINA": null, "PAL": 1.0, "PAL SOLAR": null, "PIU": null, "GEOMETRY": "POINT (2.1507372740299218 41.42411970628446)", "Type": "Bus Stop", "Evaluation": "No PID" }, "geometry": { "type": "Point", "coordinates": [ 2.150737274029922, 41.424119706284458 ] } },
{ "type": "Feature", "properties": { "CODI_PARADA": 3052, "NOM_PARADA": "Castellbisbal - Sta Rosalia", "MARQUESINA": null, "PAL": 1.0, "PAL SOLAR": null, "PIU": null, "GEOMETRY": "POINT (2.144275638659197 41.421367098177925)", "Type": "Bus Stop", "Evaluation": "No PID" }, "geometry": { "type": "Point", "coordinates": [ 2.144275638659197, 41.421367098177925 ] } },
{ "type": "Feature", "properties": { "CODI_PARADA": 3053, "NOM_PARADA": "Metro Torre Baró - Vallbona", "MARQUESINA": null, "PAL": 1.0, "PAL SOLAR": null, "PIU": null, "GEOMETRY": "POINT (2.180352378871734 41.458878283043354)", "Type": "Bus Stop", "Evaluation": "No PID" }, "geometry": { "type": "Point", "coordinates": [ 2.180352378871734, 41.458878283043354 ] } },
{ "type": "Feature", "properties": { "CODI_PARADA": 3054, "NOM_PARADA": "Av Escolapi Càncer", "MARQUESINA": 1.0, "PAL": null, "PAL SOLAR": null, "PIU": 1.0, "GEOMETRY": "POINT (2.180342034482807 41.45882042628171)", "Type": "Bus Stop", "Evaluation": "Has PID" }, "geometry": { "type": "Point", "coordinates": [ 2.180342034482807, 41.458820426281711 ] } },
{ "type": "Feature", "properties": { "CODI_PARADA": 3055, "NOM_PARADA": "Casal de Barri Torre Baró", "MARQUESINA": null, "PAL": 1.0, "PAL SOLAR": null, "PIU": null, "GEOMETRY": "POINT (2.1788000994518297 41.45761278011002)", "Type": "Bus Stop", "Evaluation": "No PID" }, "geometry": { "type": "Point", "coordinates": [ 2.17880009945183, 41.457612780110018 ] } },
{ "type": "Feature", "properties": { "CODI_PARADA": 3056, "NOM_PARADA": "Av Escolapi Càncer - Masquefa", "MARQUESINA": null, "PAL": 1.0, "PAL SOLAR": null, "PIU": null, "GEOMETRY": "POINT (2.1771916699183205 41.45684174664983)", "Type": "Bus Stop", "Evaluation": "No PID" }, "geometry": { "type": "Point", "coordinates": [ 2.17719166991832, 41.456841746649829 ] } },
{ "type": "Feature", "properties": { "CODI_PARADA": 3057, "NOM_PARADA": "Av Escolapi Càncer - St Quirze de Safaja", "MARQUESINA": null, "PAL": 1.0, "PAL SOLAR": null, "PIU": null, "GEOMETRY": "POINT (2.1772032650057938 41.45597725336147)", "Type": "Bus Stop", "Evaluation": "No PID" }, "geometry": { "type": "Point", "coordinates": [ 2.177203265005794, 41.455977253361468 ] } },
{ "type": "Feature", "properties": { "CODI_PARADA": 3058, "NOM_PARADA": "Av Escolapi Càncer - Castellfollit", "MARQUESINA": null, "PAL": 1.0, "PAL SOLAR": null, "PIU": null, "GEOMETRY": "POINT (2.1760050500109474 41.45433430946749)", "Type": "Bus Stop", "Evaluation": "No PID" }, "geometry": { "type": "Point", "coordinates": [ 2.176005050010947, 41.454334309467491 ] } },
{ "type": "Feature", "properties": { "CODI_PARADA": 3059, "NOM_PARADA": "Torre Baró", "MARQUESINA": null, "PAL": 1.0, "PAL SOLAR": null, "PIU": null, "GEOMETRY": "POINT (2.1750217651980237 41.45360873185399)", "Type": "Bus Stop", "Evaluation": "No PID" }, "geometry": { "type": "Point", "coordinates": [ 2.175021765198024, 41.45360873185399 ] } },
{ "type": "Feature", "properties": { "CODI_PARADA": 3060, "NOM_PARADA": "Bellprat - St Feliu de Codines", "MARQUESINA": null, "PAL": 1.0, "PAL SOLAR": null, "PIU": null, "GEOMETRY": "POINT (2.1754962195401557 41.45530140396007)", "Type": "Bus Stop", "Evaluation": "No PID" }, "geometry": { "type": "Point", "coordinates": [ 2.175496219540156, 41.455301403960071 ] } },
{ "type": "Feature", "properties": { "CODI_PARADA": 3061, "NOM_PARADA": "St Feliu de Codines - Castellfollit", "MARQUESINA": null, "PAL": 1.0, "PAL SOLAR": null, "PIU": null, "GEOMETRY": "POINT (2.174661193822548 41.455002139080044)", "Type": "Bus Stop", "Evaluation": "No PID" }, "geometry": { "type": "Point", "coordinates": [ 2.174661193822548, 41.455002139080044 ] } },
{ "type": "Feature", "properties": { "CODI_PARADA": 3062, "NOM_PARADA": "St Feliu de Codines - Oris", "MARQUESINA": null, "PAL": 1.0, "PAL SOLAR": null, "PIU": null, "GEOMETRY": "POINT (2.174817867748078 41.45626884427688)", "Type": "Bus Stop", "Evaluation": "No PID" }, "geometry": { "type": "Point", "coordinates": [ 2.174817867748078, 41.456268844276877 ] } },
{ "type": "Feature", "properties": { "CODI_PARADA": 3063, "NOM_PARADA": "St Feliu de Codines - Vilatorta", "MARQUESINA": null, "PAL": 1.0, "PAL SOLAR": null, "PIU": null, "GEOMETRY": "POINT (2.177369640731784 41.45775252677565)", "Type": "Bus Stop", "Evaluation": "No PID" }, "geometry": { "type": "Point", "coordinates": [ 2.177369640731784, 41.45775252677565 ] } },
{ "type": "Feature", "properties": { "CODI_PARADA": 3064, "NOM_PARADA": "St Feliu de Codines", "MARQUESINA": null, "PAL": 1.0, "PAL SOLAR": null, "PIU": null, "GEOMETRY": "POINT (2.17898578565905 41.45827428724875)", "Type": "Bus Stop", "Evaluation": "No PID" }, "geometry": { "type": "Point", "coordinates": [ 2.17898578565905, 41.458274287248749 ] } },
{ "type": "Feature", "properties": { "CODI_PARADA": 3065, "NOM_PARADA": "St Feliu de Codines - Metro Torre Baró/Vallbona", "MARQUESINA": null, "PAL": 1.0, "PAL SOLAR": null, "PIU": null, "GEOMETRY": "POINT (2.180692704631267 41.46040452546709)", "Type": "Bus Stop", "Evaluation": "No PID" }, "geometry": { "type": "Point", "coordinates": [ 2.180692704631267, 41.460404525467091 ] } },
{ "type": "Feature", "properties": { "CODI_PARADA": 3066, "NOM_PARADA": "Av Vallbona - Pl Eucaliptus", "MARQUESINA": 1.0, "PAL": null, "PAL SOLAR": null, "PIU": null, "GEOMETRY": "POINT (2.1812349884662146 41.46050457425098)", "Type": "Bus Stop", "Evaluation": "No PID" }, "geometry": { "type": "Point", "coordinates": [ 2.181234988466215, 41.460504574250983 ] } },
{ "type": "Feature", "properties": { "CODI_PARADA": 3067, "NOM_PARADA": "Pl del Primer de Maig - Rec Comtal", "MARQUESINA": null, "PAL": 1.0, "PAL SOLAR": null, "PIU": null, "GEOMETRY": "POINT (2.1858242887144943 41.46608339299438)", "Type": "Bus Stop", "Evaluation": "No PID" }, "geometry": { "type": "Point", "coordinates": [ 2.185824288714494, 41.466083392994378 ] } },
{ "type": "Feature", "properties": { "CODI_PARADA": 3068, "NOM_PARADA": "Av Puig de Jorba - Artés", "MARQUESINA": null, "PAL": 1.0, "PAL SOLAR": null, "PIU": null, "GEOMETRY": "POINT (2.180622699464812 41.46707111160593)", "Type": "Bus Stop", "Evaluation": "No PID" }, "geometry": { "type": "Point", "coordinates": [ 2.180622699464812, 41.467071111605932 ] } },
{ "type": "Feature", "properties": { "CODI_PARADA": 3069, "NOM_PARADA": "Av Puig de Jorba - Pg de la Pineda", "MARQUESINA": null, "PAL": 1.0, "PAL SOLAR": null, "PIU": null, "GEOMETRY": "POINT (2.1804192726520837 41.465742062674714)", "Type": "Bus Stop", "Evaluation": "No PID" }, "geometry": { "type": "Point", "coordinates": [ 2.180419272652084, 41.465742062674714 ] } },
{ "type": "Feature", "properties": { "CODI_PARADA": 3070, "NOM_PARADA": "Pg de la Pineda - Av Puig de Jorba", "MARQUESINA": null, "PAL": 1.0, "PAL SOLAR": null, "PIU": null, "GEOMETRY": "POINT (2.181663288945937 41.465424430251645)", "Type": "Bus Stop", "Evaluation": "No PID" }, "geometry": { "type": "Point", "coordinates": [ 2.181663288945937, 41.465424430251645 ] } },
{ "type": "Feature", "properties": { "CODI_PARADA": 3071, "NOM_PARADA": "Pg de la Pineda", "MARQUESINA": null, "PAL": 1.0, "PAL SOLAR": null, "PIU": null, "GEOMETRY": "POINT (2.182474729732497 41.4666450686198)", "Type": "Bus Stop", "Evaluation": "No PID" }, "geometry": { "type": "Point", "coordinates": [ 2.182474729732497, 41.466645068619798 ] } },
{ "type": "Feature", "properties": { "CODI_PARADA": 3072, "NOM_PARADA": "Oristà", "MARQUESINA": null, "PAL": 1.0, "PAL SOLAR": null, "PIU": null, "GEOMETRY": "POINT (2.1840093186935436 41.46538965472121)", "Type": "Bus Stop", "Evaluation": "No PID" }, "geometry": { "type": "Point", "coordinates": [ 2.184009318693544, 41.465389654721207 ] } },
{ "type": "Feature", "properties": { "CODI_PARADA": 3073, "NOM_PARADA": "Oristà - Pg de la Pineda", "MARQUESINA": null, "PAL": 1.0, "PAL SOLAR": null, "PIU": null, "GEOMETRY": "POINT (2.182480900003217 41.46751898974435)", "Type": "Bus Stop", "Evaluation": "No PID" }, "geometry": { "type": "Point", "coordinates": [ 2.182480900003217, 41.467518989744349 ] } },
{ "type": "Feature", "properties": { "CODI_PARADA": 3074, "NOM_PARADA": "Oristà - Artés", "MARQUESINA": null, "PAL": 1.0, "PAL SOLAR": null, "PIU": null, "GEOMETRY": "POINT (2.1809296847899273 41.46758892057054)", "Type": "Bus Stop", "Evaluation": "No PID" }, "geometry": { "type": "Point", "coordinates": [ 2.180929684789927, 41.467588920570542 ] } },
{ "type": "Feature", "properties": { "CODI_PARADA": 3075, "NOM_PARADA": "Artés - Av Puig de Jorba", "MARQUESINA": null, "PAL": 1.0, "PAL SOLAR": null, "PIU": null, "GEOMETRY": "POINT (2.180182344285013 41.46705116504633)", "Type": "Bus Stop", "Evaluation": "No PID" }, "geometry": { "type": "Point", "coordinates": [ 2.180182344285013, 41.467051165046328 ] } },
{ "type": "Feature", "properties": { "CODI_PARADA": 3076, "NOM_PARADA": "Vallcivera - Pl Aqüeducte", "MARQUESINA": null, "PAL": 1.0, "PAL SOLAR": null, "PIU": null, "GEOMETRY": "POINT (2.1770104851554595 41.45969829003267)", "Type": "Bus Stop", "Evaluation": "No PID" }, "geometry": { "type": "Point", "coordinates": [ 2.177010485155459, 41.459698290032669 ] } },
{ "type": "Feature", "properties": { "CODI_PARADA": 3080, "NOM_PARADA": "Balenyà - Palau-Solità", "MARQUESINA": null, "PAL": 1.0, "PAL SOLAR": null, "PIU": null, "GEOMETRY": "POINT (2.18595536886635 41.45592682670235)", "Type": "Bus Stop", "Evaluation": "No PID" }, "geometry": { "type": "Point", "coordinates": [ 2.18595536886635, 41.455926826702353 ] } },
{ "type": "Feature", "properties": { "CODI_PARADA": 3081, "NOM_PARADA": "Palau-Solità - Balenyà", "MARQUESINA": null, "PAL": 1.0, "PAL SOLAR": null, "PIU": null, "GEOMETRY": "POINT (2.1861483781762385 41.455950541146876)", "Type": "Bus Stop", "Evaluation": "No PID" }, "geometry": { "type": "Point", "coordinates": [ 2.186148378176239, 41.455950541146876 ] } },
{ "type": "Feature", "properties": { "CODI_PARADA": 3082, "NOM_PARADA": "Llerona - Viladecavalls", "MARQUESINA": null, "PAL": 1.0, "PAL SOLAR": null, "PIU": null, "GEOMETRY": "POINT (2.1819669114929856 41.454389106988884)", "Type": "Bus Stop", "Evaluation": "No PID" }, "geometry": { "type": "Point", "coordinates": [ 2.181966911492986, 41.454389106988884 ] } },
{ "type": "Feature", "properties": { "CODI_PARADA": 3083, "NOM_PARADA": "Llerona - Balenyà", "MARQUESINA": 1.0, "PAL": null, "PAL SOLAR": null, "PIU": null, "GEOMETRY": "POINT (2.18184095074703 41.4544488894974)", "Type": "Bus Stop", "Evaluation": "No PID" }, "geometry": { "type": "Point", "coordinates": [ 2.18184095074703, 41.454448889497399 ] } },
{ "type": "Feature", "properties": { "CODI_PARADA": 3084, "NOM_PARADA": "Llerona a Trinitat Nova", "MARQUESINA": null, "PAL": 1.0, "PAL SOLAR": null, "PIU": null, "GEOMETRY": "POINT (2.1809714455894005 41.45544420286323)", "Type": "Bus Stop", "Evaluation": "No PID" }, "geometry": { "type": "Point", "coordinates": [ 2.1809714455894, 41.455444202863227 ] } },
{ "type": "Feature", "properties": { "CODI_PARADA": 3085, "NOM_PARADA": "Llerona a Vallbona", "MARQUESINA": null, "PAL": 1.0, "PAL SOLAR": null, "PIU": null, "GEOMETRY": "POINT (2.18085074301081 41.45610922061852)", "Type": "Bus Stop", "Evaluation": "No PID" }, "geometry": { "type": "Point", "coordinates": [ 2.18085074301081, 41.456109220618522 ] } },
{ "type": "Feature", "properties": { "CODI_PARADA": 3086, "NOM_PARADA": "Llerona - Vacarisses", "MARQUESINA": null, "PAL": 1.0, "PAL SOLAR": null, "PIU": null, "GEOMETRY": "POINT (2.1812925496621265 41.4563894426926)", "Type": "Bus Stop", "Evaluation": "No PID" }, "geometry": { "type": "Point", "coordinates": [ 2.181292549662126, 41.456389442692597 ] } },
{ "type": "Feature", "properties": { "CODI_PARADA": 3087, "NOM_PARADA": "Llerona - Ptge Carreras", "MARQUESINA": 1.0, "PAL": null, "PAL SOLAR": null, "PIU": null, "GEOMETRY": "POINT (2.1813250963571704 41.45698923850138)", "Type": "Bus Stop", "Evaluation": "No PID" }, "geometry": { "type": "Point", "coordinates": [ 2.18132509635717, 41.456989238501379 ] } },
{ "type": "Feature", "properties": { "CODI_PARADA": 3088, "NOM_PARADA": "Ripollet - Llerona", "MARQUESINA": null, "PAL": 1.0, "PAL SOLAR": null, "PIU": null, "GEOMETRY": "POINT (2.182183543521592 41.45630469712168)", "Type": "Bus Stop", "Evaluation": "No PID" }, "geometry": { "type": "Point", "coordinates": [ 2.182183543521592, 41.456304697121681 ] } },
{ "type": "Feature", "properties": { "CODI_PARADA": 3089, "NOM_PARADA": "Llerona - Ripollet", "MARQUESINA": null, "PAL": 1.0, "PAL SOLAR": null, "PIU": null, "GEOMETRY": "POINT (2.1817665390531613 41.455725829870346)", "Type": "Bus Stop", "Evaluation": "No PID" }, "geometry": { "type": "Point", "coordinates": [ 2.181766539053161, 41.455725829870346 ] } },
{ "type": "Feature", "properties": { "CODI_PARADA": 3090, "NOM_PARADA": "Llerona", "MARQUESINA": null, "PAL": 1.0, "PAL SOLAR": null, "PIU": null, "GEOMETRY": "POINT (2.18166948200058 41.45924178203601)", "Type": "Bus Stop", "Evaluation": "No PID" }, "geometry": { "type": "Point", "coordinates": [ 2.18166948200058, 41.45924178203601 ] } },
{ "type": "Feature", "properties": { "CODI_PARADA": 3091, "NOM_PARADA": "Llerona - Martorelles", "MARQUESINA": null, "PAL": 1.0, "PAL SOLAR": null, "PIU": null, "GEOMETRY": "POINT (2.181516082000483 41.45916543131842)", "Type": "Bus Stop", "Evaluation": "No PID" }, "geometry": { "type": "Point", "coordinates": [ 2.181516082000483, 41.459165431318418 ] } },
{ "type": "Feature", "properties": { "CODI_PARADA": 3092, "NOM_PARADA": "Escolapi Càncer - Metro Torre Baró/Vallbona", "MARQUESINA": 1.0, "PAL": null, "PAL SOLAR": null, "PIU": null, "GEOMETRY": "POINT (2.180449279908708 41.45883862464733)", "Type": "Bus Stop", "Evaluation": "No PID" }, "geometry": { "type": "Point", "coordinates": [ 2.180449279908708, 41.458838624647328 ] } },
{ "type": "Feature", "properties": { "CODI_PARADA": 3094, "NOM_PARADA": "Vallcivera - Pl Roja de Ciutat Meridiana", "MARQUESINA": null, "PAL": 1.0, "PAL SOLAR": null, "PIU": null, "GEOMETRY": "POINT (2.1794547301564635 41.46154273974109)", "Type": "Bus Stop", "Evaluation": "No PID" }, "geometry": { "type": "Point", "coordinates": [ 2.179454730156464, 41.461542739741091 ] } },
{ "type": "Feature", "properties": { "CODI_PARADA": 3095, "NOM_PARADA": "Av Verge de Montserrat - Av Remolar", "MARQUESINA": null, "PAL": 1.0, "PAL SOLAR": null, "PIU": null, "GEOMETRY": "POINT (2.0896323235318084 41.32388260771876)", "Type": "Bus Stop", "Evaluation": "No PID" }, "geometry": { "type": "Point", "coordinates": [ 2.089632323531808, 41.323882607718758 ] } },
{ "type": "Feature", "properties": { "CODI_PARADA": 3097, "NOM_PARADA": "Centre d'Activitats Vallbona", "MARQUESINA": null, "PAL": 1.0, "PAL SOLAR": null, "PIU": null, "GEOMETRY": "POINT (2.183867150427177 41.46319448028542)", "Type": "Bus Stop", "Evaluation": "No PID" }, "geometry": { "type": "Point", "coordinates": [ 2.183867150427177, 41.463194480285424 ] } },
{ "type": "Feature", "properties": { "CODI_PARADA": 3098, "NOM_PARADA": "Av l'Alzinar - Tapioles", "MARQUESINA": 1.0, "PAL": null, "PAL SOLAR": null, "PIU": null, "GEOMETRY": "POINT (2.183644063094212 41.46297053169586)", "Type": "Bus Stop", "Evaluation": "No PID" }, "geometry": { "type": "Point", "coordinates": [ 2.183644063094212, 41.462970531695859 ] } },
{ "type": "Feature", "properties": { "CODI_PARADA": 3099, "NOM_PARADA": "Artesania - Alcántara", "MARQUESINA": null, "PAL": 1.0, "PAL SOLAR": null, "PIU": null, "GEOMETRY": "POINT (2.172334964815257 41.447365426466625)", "Type": "Bus Stop", "Evaluation": "No PID" }, "geometry": { "type": "Point", "coordinates": [ 2.172334964815257, 41.447365426466625 ] } },
{ "type": "Feature", "properties": { "CODI_PARADA": 3102, "NOM_PARADA": "Pl Virrei Amat", "MARQUESINA": null, "PAL": 1.0, "PAL SOLAR": null, "PIU": null, "GEOMETRY": "POINT (2.1742145660924934 41.430372472017545)", "Type": "Bus Stop", "Evaluation": "No PID" }, "geometry": { "type": "Point", "coordinates": [ 2.174214566092493, 41.430372472017545 ] } },
{ "type": "Feature", "properties": { "CODI_PARADA": 3103, "NOM_PARADA": "Rda Guineueta Vella - Pl Karl Marx", "MARQUESINA": 1.0, "PAL": null, "PAL SOLAR": null, "PIU": null, "GEOMETRY": "POINT (2.1618110584399743 41.44153358502942)", "Type": "Bus Stop", "Evaluation": "No PID" }, "geometry": { "type": "Point", "coordinates": [ 2.161811058439974, 41.441533585029418 ] } },
{ "type": "Feature", "properties": { "CODI_PARADA": 3104, "NOM_PARADA": "Rda Guineueta Vella", "MARQUESINA": null, "PAL": 1.0, "PAL SOLAR": null, "PIU": null, "GEOMETRY": "POINT (2.16208027638897 41.443342834080376)", "Type": "Bus Stop", "Evaluation": "No PID" }, "geometry": { "type": "Point", "coordinates": [ 2.16208027638897, 41.443342834080376 ] } },
{ "type": "Feature", "properties": { "CODI_PARADA": 3106, "NOM_PARADA": "Ctra Alta de Roquetes", "MARQUESINA": null, "PAL": 1.0, "PAL SOLAR": null, "PIU": null, "GEOMETRY": "POINT (2.1637229051005273 41.4447242772309)", "Type": "Bus Stop", "Evaluation": "No PID" }, "geometry": { "type": "Point", "coordinates": [ 2.163722905100527, 41.444724277230897 ] } },
{ "type": "Feature", "properties": { "CODI_PARADA": 3107, "NOM_PARADA": "Ctra Alta de Roquetes a Pl Karl Marx", "MARQUESINA": null, "PAL": 1.0, "PAL SOLAR": null, "PIU": null, "GEOMETRY": "POINT (2.167755230946946 41.44935967134138)", "Type": "Bus Stop", "Evaluation": "No PID" }, "geometry": { "type": "Point", "coordinates": [ 2.167755230946946, 41.449359671341377 ] } },
{ "type": "Feature", "properties": { "CODI_PARADA": 3108, "NOM_PARADA": "Ctra Alta de Roquetes a Torre Baró", "MARQUESINA": null, "PAL": 1.0, "PAL SOLAR": null, "PIU": null, "GEOMETRY": "POINT (2.167831183805653 41.44931553372561)", "Type": "Bus Stop", "Evaluation": "No PID" }, "geometry": { "type": "Point", "coordinates": [ 2.167831183805653, 41.44931553372561 ] } },
{ "type": "Feature", "properties": { "CODI_PARADA": 3109, "NOM_PARADA": "Ctra Alta de Roquetes - Castell", "MARQUESINA": null, "PAL": 1.0, "PAL SOLAR": null, "PIU": null, "GEOMETRY": "POINT (2.1747083176893267 41.45068718293618)", "Type": "Bus Stop", "Evaluation": "No PID" }, "geometry": { "type": "Point", "coordinates": [ 2.174708317689327, 41.450687182936178 ] } },
{ "type": "Feature", "properties": { "CODI_PARADA": 3110, "NOM_PARADA": "Castell de Torre Baró", "MARQUESINA": null, "PAL": 1.0, "PAL SOLAR": null, "PIU": null, "GEOMETRY": "POINT (2.174838289570305 41.45072829850921)", "Type": "Bus Stop", "Evaluation": "No PID" }, "geometry": { "type": "Point", "coordinates": [ 2.174838289570305, 41.450728298509212 ] } },
{ "type": "Feature", "properties": { "CODI_PARADA": 3111, "NOM_PARADA": "Castellví - Lliçà", "MARQUESINA": null, "PAL": 1.0, "PAL SOLAR": null, "PIU": null, "GEOMETRY": "POINT (2.1720603021825116 41.45146273957218)", "Type": "Bus Stop", "Evaluation": "No PID" }, "geometry": { "type": "Point", "coordinates": [ 2.172060302182512, 41.451462739572179 ] } },
{ "type": "Feature", "properties": { "CODI_PARADA": 3112, "NOM_PARADA": "Lliçà - Castellví", "MARQUESINA": null, "PAL": 1.0, "PAL SOLAR": null, "PIU": null, "GEOMETRY": "POINT (2.1726022408161727 41.45126539660867)", "Type": "Bus Stop", "Evaluation": "No PID" }, "geometry": { "type": "Point", "coordinates": [ 2.172602240816173, 41.451265396608669 ] } },
{ "type": "Feature", "properties": { "CODI_PARADA": 3113, "NOM_PARADA": "Torre Baró - Castellví", "MARQUESINA": 1.0, "PAL": null, "PAL SOLAR": null, "PIU": null, "GEOMETRY": "POINT (2.171365354336121 41.453784113088425)", "Type": "Bus Stop", "Evaluation": "No PID" }, "geometry": { "type": "Point", "coordinates": [ 2.171365354336121, 41.453784113088425 ] } },
{ "type": "Feature", "properties": { "CODI_PARADA": 3114, "NOM_PARADA": "Tirso de Molina - Av St Ferran", "MARQUESINA": 1.0, "PAL": null, "PAL SOLAR": null, "PIU": null, "GEOMETRY": "POINT (2.0854280033798247 41.35174168545483)", "Type": "Bus Stop", "Evaluation": "No PID" }, "geometry": { "type": "Point", "coordinates": [ 2.085428003379825, 41.351741685454833 ] } },
{ "type": "Feature", "properties": { "CODI_PARADA": 3115, "NOM_PARADA": "Tirso de Molina - Av de la Fama", "MARQUESINA": null, "PAL": 1.0, "PAL SOLAR": null, "PIU": null, "GEOMETRY": "POINT (2.0813747330999055 41.35043327898435)", "Type": "Bus Stop", "Evaluation": "No PID" }, "geometry": { "type": "Point", "coordinates": [ 2.081374733099906, 41.350433278984347 ] } },
{ "type": "Feature", "properties": { "CODI_PARADA": 3116, "NOM_PARADA": "Av Baix Llobregat - Joan Fiveller", "MARQUESINA": 1.0, "PAL": null, "PAL SOLAR": null, "PIU": null, "GEOMETRY": "POINT (2.0758158287705037 41.34954863165755)", "Type": "Bus Stop", "Evaluation": "No PID" }, "geometry": { "type": "Point", "coordinates": [ 2.075815828770504, 41.349548631657548 ] } },
{ "type": "Feature", "properties": { "CODI_PARADA": 3117, "NOM_PARADA": "Av Baix Llobregat - Ptge Francesc Layret", "MARQUESINA": 1.0, "PAL": null, "PAL SOLAR": null, "PIU": null, "GEOMETRY": "POINT (2.070835224820023 41.3502676775519)", "Type": "Bus Stop", "Evaluation": "No PID" }, "geometry": { "type": "Point", "coordinates": [ 2.070835224820023, 41.350267677551898 ] } },
{ "type": "Feature", "properties": { "CODI_PARADA": 3118, "NOM_PARADA": "Av Baix Llobregat - Miguel de Roncali", "MARQUESINA": 1.0, "PAL": null, "PAL SOLAR": null, "PIU": null, "GEOMETRY": "POINT (2.0651967017772646 41.35324465223492)", "Type": "Bus Stop", "Evaluation": "No PID" }, "geometry": { "type": "Point", "coordinates": [ 2.065196701777265, 41.35324465223492 ] } },
{ "type": "Feature", "properties": { "CODI_PARADA": 3119, "NOM_PARADA": "Ctra de St Boi - Campoamor", "MARQUESINA": 1.0, "PAL": null, "PAL SOLAR": null, "PIU": null, "GEOMETRY": "POINT (2.06453033856573 41.35534178695619)", "Type": "Bus Stop", "Evaluation": "No PID" }, "geometry": { "type": "Point", "coordinates": [ 2.06453033856573, 41.355341786956188 ] } },
{ "type": "Feature", "properties": { "CODI_PARADA": 3120, "NOM_PARADA": "Pl de l'Església", "MARQUESINA": 1.0, "PAL": null, "PAL SOLAR": null, "PIU": 1.0, "GEOMETRY": "POINT (2.070049479214602 41.35620896093086)", "Type": "Bus Stop", "Evaluation": "Has PID" }, "geometry": { "type": "Point", "coordinates": [ 2.070049479214602, 41.356208960930857 ] } },
{ "type": "Feature", "properties": { "CODI_PARADA": 3121, "NOM_PARADA": "Av dels Alps - Ctra d'Esplugues", "MARQUESINA": 1.0, "PAL": null, "PAL SOLAR": null, "PIU": null, "GEOMETRY": "POINT (2.074122293896967 41.35576458695394)", "Type": "Bus Stop", "Evaluation": "No PID" }, "geometry": { "type": "Point", "coordinates": [ 2.074122293896967, 41.355764586953939 ] } },
{ "type": "Feature", "properties": { "CODI_PARADA": 3122, "NOM_PARADA": "Ctra d'Esplugues - Catalunya", "MARQUESINA": 1.0, "PAL": null, "PAL SOLAR": null, "PIU": null, "GEOMETRY": "POINT (2.072176699214253 41.35861908580606)", "Type": "Bus Stop", "Evaluation": "No PID" }, "geometry": { "type": "Point", "coordinates": [ 2.072176699214253, 41.358619085806062 ] } },
{ "type": "Feature", "properties": { "CODI_PARADA": 3123, "NOM_PARADA": "Ctra de l'Hospitalet - Vallès", "MARQUESINA": null, "PAL": 1.0, "PAL SOLAR": null, "PIU": null, "GEOMETRY": "POINT (2.083342823356215 41.35512117895572)", "Type": "Bus Stop", "Evaluation": "No PID" }, "geometry": { "type": "Point", "coordinates": [ 2.083342823356215, 41.35512117895572 ] } },
{ "type": "Feature", "properties": { "CODI_PARADA": 3124, "NOM_PARADA": "Av St Ferran - Marià Fortuny", "MARQUESINA": 1.0, "PAL": null, "PAL SOLAR": null, "PIU": null, "GEOMETRY": "POINT (2.0846505671616047 41.353526479577866)", "Type": "Bus Stop", "Evaluation": "No PID" }, "geometry": { "type": "Point", "coordinates": [ 2.084650567161605, 41.353526479577866 ] } },
{ "type": "Feature", "properties": { "CODI_PARADA": 3125, "NOM_PARADA": "Metro Tarragona", "MARQUESINA": 1.0, "PAL": null, "PAL SOLAR": null, "PIU": null, "GEOMETRY": "POINT (2.145255012847276 41.37846722065939)", "Type": "Bus Stop", "Evaluation": "No PID" }, "geometry": { "type": "Point", "coordinates": [ 2.145255012847276, 41.378467220659388 ] } },
{ "type": "Feature", "properties": { "CODI_PARADA": 3128, "NOM_PARADA": "Artesania - Jaume Pinent", "MARQUESINA": null, "PAL": 1.0, "PAL SOLAR": null, "PIU": null, "GEOMETRY": "POINT (2.1740146219773697 41.4480772398405)", "Type": "Bus Stop", "Evaluation": "No PID" }, "geometry": { "type": "Point", "coordinates": [ 2.17401462197737, 41.448077239840501 ] } },
{ "type": "Feature", "properties": { "CODI_PARADA": 3130, "NOM_PARADA": "Ctra d'Esplugues - Pl Prat de la Riba", "MARQUESINA": 1.0, "PAL": null, "PAL SOLAR": null, "PIU": null, "GEOMETRY": "POINT (2.0726660939099837 41.357802671035714)", "Type": "Bus Stop", "Evaluation": "No PID" }, "geometry": { "type": "Point", "coordinates": [ 2.072666093909984, 41.357802671035714 ] } },
{ "type": "Feature", "properties": { "CODI_PARADA": 3131, "NOM_PARADA": "Ctra d'Esplugues - Rbla Anselm Clavé", "MARQUESINA": null, "PAL": 1.0, "PAL SOLAR": null, "PIU": null, "GEOMETRY": "POINT (2.071881772009904 41.3561012021696)", "Type": "Bus Stop", "Evaluation": "No PID" }, "geometry": { "type": "Point", "coordinates": [ 2.071881772009904, 41.356101202169597 ] } },
{ "type": "Feature", "properties": { "CODI_PARADA": 3132, "NOM_PARADA": "Av Verge de Montserrat - Av Remolar", "MARQUESINA": null, "PAL": 1.0, "PAL SOLAR": null, "PIU": null, "GEOMETRY": "POINT (2.0893228737376 41.32401009660541)", "Type": "Bus Stop", "Evaluation": "No PID" }, "geometry": { "type": "Point", "coordinates": [ 2.0893228737376, 41.324010096605413 ] } },
{ "type": "Feature", "properties": { "CODI_PARADA": 3134, "NOM_PARADA": "Sta Amèlia - Or", "MARQUESINA": null, "PAL": 1.0, "PAL SOLAR": null, "PIU": null, "GEOMETRY": "POINT (2.123563256705785 41.39380205873592)", "Type": "Bus Stop", "Evaluation": "No PID" }, "geometry": { "type": "Point", "coordinates": [ 2.123563256705785, 41.393802058735922 ] } },
{ "type": "Feature", "properties": { "CODI_PARADA": 3135, "NOM_PARADA": "Hospital Moisès Broggi", "MARQUESINA": null, "PAL": null, "PAL SOLAR": 1.0, "PIU": 1.0, "GEOMETRY": "POINT (2.0713016948589598 41.37376123443374)", "Type": "Bus Stop", "Evaluation": "Has PID" }, "geometry": { "type": "Point", "coordinates": [ 2.07130169485896, 41.373761234433744 ] } },
{ "type": "Feature", "properties": { "CODI_PARADA": 3136, "NOM_PARADA": "Av Baix Llobregat - Oriol Martorell", "MARQUESINA": null, "PAL": null, "PAL SOLAR": 1.0, "PIU": 1.0, "GEOMETRY": "POINT (2.0736083512151025 41.37385773601454)", "Type": "Bus Stop", "Evaluation": "Has PID" }, "geometry": { "type": "Point", "coordinates": [ 2.073608351215102, 41.373857736014543 ] } },
{ "type": "Feature", "properties": { "CODI_PARADA": 3137, "NOM_PARADA": "Ctra de St Joan Despí - Ctra de St Boi", "MARQUESINA": null, "PAL": 1.0, "PAL SOLAR": null, "PIU": null, "GEOMETRY": "POINT (2.065721568036222 41.35687568023898)", "Type": "Bus Stop", "Evaluation": "No PID" }, "geometry": { "type": "Point", "coordinates": [ 2.065721568036222, 41.356875680238979 ] } },
{ "type": "Feature", "properties": { "CODI_PARADA": 3138, "NOM_PARADA": "Ctra de St Joan Despí - Terra Alta", "MARQUESINA": 1.0, "PAL": null, "PAL SOLAR": null, "PIU": null, "GEOMETRY": "POINT (2.0624265649664855 41.359999659342236)", "Type": "Bus Stop", "Evaluation": "No PID" }, "geometry": { "type": "Point", "coordinates": [ 2.062426564966485, 41.359999659342236 ] } },
{ "type": "Feature", "properties": { "CODI_PARADA": 3139, "NOM_PARADA": "Estació de Sants", "MARQUESINA": null, "PAL": null, "PAL SOLAR": 1.0, "PIU": null, "GEOMETRY": "POINT (2.1381866622206074 41.37812629110633)", "Type": "Bus Stop", "Evaluation": "No PID" }, "geometry": { "type": "Point", "coordinates": [ 2.138186662220607, 41.378126291106327 ] } },
{ "type": "Feature", "properties": { "CODI_PARADA": 3140, "NOM_PARADA": "Selva - Pl Volateria", "MARQUESINA": 1.0, "PAL": null, "PAL SOLAR": null, "PIU": null, "GEOMETRY": "POINT (2.0738002595131513 41.31833768953581)", "Type": "Bus Stop", "Evaluation": "No PID" }, "geometry": { "type": "Point", "coordinates": [ 2.073800259513151, 41.318337689535809 ] } },
{ "type": "Feature", "properties": { "CODI_PARADA": 3141, "NOM_PARADA": "Pg Lluís Companys - Almogàvers", "MARQUESINA": 1.0, "PAL": null, "PAL SOLAR": null, "PIU": 1.0, "GEOMETRY": "POINT (2.181294611542364 41.39118888092784)", "Type": "Bus Stop", "Evaluation": "Has PID" }, "geometry": { "type": "Point", "coordinates": [ 2.181294611542364, 41.391188880927842 ] } },
{ "type": "Feature", "properties": { "CODI_PARADA": 3144, "NOM_PARADA": "Vallcivera - Estació RENFE", "MARQUESINA": null, "PAL": 1.0, "PAL SOLAR": null, "PIU": null, "GEOMETRY": "POINT (2.180676650467263 41.46096768301954)", "Type": "Bus Stop", "Evaluation": "No PID" }, "geometry": { "type": "Point", "coordinates": [ 2.180676650467263, 41.46096768301954 ] } },
{ "type": "Feature", "properties": { "CODI_PARADA": 3145, "NOM_PARADA": "Av Rasos de Peguera - Pl Roja", "MARQUESINA": null, "PAL": 1.0, "PAL SOLAR": null, "PIU": null, "GEOMETRY": "POINT (2.1785918151894776 41.461617751276265)", "Type": "Bus Stop", "Evaluation": "No PID" }, "geometry": { "type": "Point", "coordinates": [ 2.178591815189478, 41.461617751276265 ] } },
{ "type": "Feature", "properties": { "CODI_PARADA": 3147, "NOM_PARADA": "Av Catalunya - Estanislau Abadal", "MARQUESINA": null, "PAL": 1.0, "PAL SOLAR": null, "PIU": null, "GEOMETRY": "POINT (2.1845641235142406 41.49800702948988)", "Type": "Bus Stop", "Evaluation": "No PID" }, "geometry": { "type": "Point", "coordinates": [ 2.184564123514241, 41.498007029489877 ] } },
{ "type": "Feature", "properties": { "CODI_PARADA": 3148, "NOM_PARADA": "Av Catalunya - Ramón y Cajal", "MARQUESINA": null, "PAL": 1.0, "PAL SOLAR": null, "PIU": null, "GEOMETRY": "POINT (2.184036223696198 41.49726742838094)", "Type": "Bus Stop", "Evaluation": "No PID" }, "geometry": { "type": "Point", "coordinates": [ 2.184036223696198, 41.497267428380937 ] } },
{ "type": "Feature", "properties": { "CODI_PARADA": 3151, "NOM_PARADA": "Joan Miró - Camí de Can Cabanyes", "MARQUESINA": null, "PAL": 1.0, "PAL SOLAR": null, "PIU": null, "GEOMETRY": "POINT (2.178288085251823 41.49753230917463)", "Type": "Bus Stop", "Evaluation": "No PID" }, "geometry": { "type": "Point", "coordinates": [ 2.178288085251823, 41.49753230917463 ] } },
{ "type": "Feature", "properties": { "CODI_PARADA": 3153, "NOM_PARADA": "Ferrer i Guàrdia - Puigcerdà", "MARQUESINA": null, "PAL": 1.0, "PAL SOLAR": null, "PIU": null, "GEOMETRY": "POINT (2.184407200526096 41.49378866929607)", "Type": "Bus Stop", "Evaluation": "No PID" }, "geometry": { "type": "Point", "coordinates": [ 2.184407200526096, 41.493788669296073 ] } },
{ "type": "Feature", "properties": { "CODI_PARADA": 3154, "NOM_PARADA": "Pla de Matabous - Alacant", "MARQUESINA": null, "PAL": 1.0, "PAL SOLAR": null, "PIU": null, "GEOMETRY": "POINT (2.184988973100335 41.49341762313746)", "Type": "Bus Stop", "Evaluation": "No PID" }, "geometry": { "type": "Point", "coordinates": [ 2.184988973100335, 41.493417623137461 ] } },
{ "type": "Feature", "properties": { "CODI_PARADA": 3155, "NOM_PARADA": "Ctra BV 1411 - Tagamanent", "MARQUESINA": null, "PAL": 1.0, "PAL SOLAR": null, "PIU": null, "GEOMETRY": "POINT (2.1808615433923113 41.493075752345504)", "Type": "Bus Stop", "Evaluation": "No PID" }, "geometry": { "type": "Point", "coordinates": [ 2.180861543392311, 41.493075752345504 ] } },
{ "type": "Feature", "properties": { "CODI_PARADA": 3157, "NOM_PARADA": "Bach - Pg St Jordi", "MARQUESINA": null, "PAL": 1.0, "PAL SOLAR": null, "PIU": null, "GEOMETRY": "POINT (2.1774711237235707 41.49400162563129)", "Type": "Bus Stop", "Evaluation": "No PID" }, "geometry": { "type": "Point", "coordinates": [ 2.177471123723571, 41.494001625631292 ] } },
{ "type": "Feature", "properties": { "CODI_PARADA": 3158, "NOM_PARADA": "Pg d'Urrutia - Dr Pi i Molist", "MARQUESINA": null, "PAL": 1.0, "PAL SOLAR": null, "PIU": null, "GEOMETRY": "POINT (2.1708724940433703 41.43476530417065)", "Type": "Bus Stop", "Evaluation": "No PID" }, "geometry": { "type": "Point", "coordinates": [ 2.17087249404337, 41.434765304170647 ] } },
{ "type": "Feature", "properties": { "CODI_PARADA": 3159, "NOM_PARADA": "Nil - Dr Pi i Molist", "MARQUESINA": null, "PAL": 1.0, "PAL SOLAR": null, "PIU": null, "GEOMETRY": "POINT (2.1717066507968585 41.4341696096869)", "Type": "Bus Stop", "Evaluation": "No PID" }, "geometry": { "type": "Point", "coordinates": [ 2.171706650796859, 41.434169609686897 ] } },
{ "type": "Feature", "properties": { "CODI_PARADA": 3160, "NOM_PARADA": "St Iscle - Travau", "MARQUESINA": null, "PAL": 1.0, "PAL SOLAR": null, "PIU": null, "GEOMETRY": "POINT (2.170281288026426 41.434251244150836)", "Type": "Bus Stop", "Evaluation": "No PID" }, "geometry": { "type": "Point", "coordinates": [ 2.170281288026426, 41.434251244150836 ] } },
{ "type": "Feature", "properties": { "CODI_PARADA": 3162, "NOM_PARADA": "Praga - Rda Guinardó", "MARQUESINA": 1.0, "PAL": null, "PAL SOLAR": null, "PIU": 1.0, "GEOMETRY": "POINT (2.164262270178538 41.41236662570224)", "Type": "Bus Stop", "Evaluation": "Has PID" }, "geometry": { "type": "Point", "coordinates": [ 2.164262270178538, 41.412366625702241 ] } },
{ "type": "Feature", "properties": { "CODI_PARADA": 3164, "NOM_PARADA": "CEIP Elisenda de Montcada", "MARQUESINA": null, "PAL": 1.0, "PAL SOLAR": null, "PIU": null, "GEOMETRY": "POINT (2.178378353334188 41.45904752761858)", "Type": "Bus Stop", "Evaluation": "No PID" }, "geometry": { "type": "Point", "coordinates": [ 2.178378353334188, 41.45904752761858 ] } },
{ "type": "Feature", "properties": { "CODI_PARADA": 3166, "NOM_PARADA": "Pl Joan Peiró", "MARQUESINA": 1.0, "PAL": null, "PAL SOLAR": null, "PIU": 1.0, "GEOMETRY": "POINT (2.138844410491937 41.37855093054833)", "Type": "Bus Stop", "Evaluation": "Has PID" }, "geometry": { "type": "Point", "coordinates": [ 2.138844410491937, 41.378550930548329 ] } },
{ "type": "Feature", "properties": { "CODI_PARADA": 3173, "NOM_PARADA": "Petúnies - Circumval·lació", "MARQUESINA": 1.0, "PAL": null, "PAL SOLAR": null, "PIU": null, "GEOMETRY": "POINT (2.1712682685078017 41.463352815535146)", "Type": "Bus Stop", "Evaluation": "No PID" }, "geometry": { "type": "Point", "coordinates": [ 2.171268268507802, 41.463352815535146 ] } },
{ "type": "Feature", "properties": { "CODI_PARADA": 3174, "NOM_PARADA": "Diagonal - Complex Esportiu Universitari", "MARQUESINA": null, "PAL": 1.0, "PAL SOLAR": null, "PIU": null, "GEOMETRY": "POINT (2.1117072186656904 41.38407959598292)", "Type": "Bus Stop", "Evaluation": "No PID" }, "geometry": { "type": "Point", "coordinates": [ 2.11170721866569, 41.384079595982918 ] } },
{ "type": "Feature", "properties": { "CODI_PARADA": 3175, "NOM_PARADA": "Bonaplata", "MARQUESINA": null, "PAL": 1.0, "PAL SOLAR": null, "PIU": null, "GEOMETRY": "POINT (2.124157762972833 41.3960400501246)", "Type": "Bus Stop", "Evaluation": "No PID" }, "geometry": { "type": "Point", "coordinates": [ 2.124157762972833, 41.396040050124597 ] } },
{ "type": "Feature", "properties": { "CODI_PARADA": 3176, "NOM_PARADA": "Bonaplata - Pedró de la Creu", "MARQUESINA": null, "PAL": 1.0, "PAL SOLAR": null, "PIU": null, "GEOMETRY": "POINT (2.122047658103816 41.39719514091257)", "Type": "Bus Stop", "Evaluation": "No PID" }, "geometry": { "type": "Point", "coordinates": [ 2.122047658103816, 41.397195140912572 ] } },
{ "type": "Feature", "properties": { "CODI_PARADA": 3177, "NOM_PARADA": "Ramon Miquel Planas - Major de Sarrià", "MARQUESINA": null, "PAL": 1.0, "PAL SOLAR": null, "PIU": null, "GEOMETRY": "POINT (2.1202341408408905 41.40093323425315)", "Type": "Bus Stop", "Evaluation": "No PID" }, "geometry": { "type": "Point", "coordinates": [ 2.12023414084089, 41.400933234253152 ] } },
{ "type": "Feature", "properties": { "CODI_PARADA": 3178, "NOM_PARADA": "Clos de St Francesc- Pg Reina Elisenda de Montcada", "MARQUESINA": null, "PAL": 1.0, "PAL SOLAR": null, "PIU": null, "GEOMETRY": "POINT (2.120568270866038 41.39932622942131)", "Type": "Bus Stop", "Evaluation": "No PID" }, "geometry": { "type": "Point", "coordinates": [ 2.120568270866038, 41.399326229421312 ] } },
{ "type": "Feature", "properties": { "CODI_PARADA": 3180, "NOM_PARADA": "Teide - Fabra i Puig", "MARQUESINA": null, "PAL": 1.0, "PAL SOLAR": null, "PIU": null, "GEOMETRY": "POINT (2.1691407253801507 41.430155416993635)", "Type": "Bus Stop", "Evaluation": "No PID" }, "geometry": { "type": "Point", "coordinates": [ 2.169140725380151, 41.430155416993635 ] } },
{ "type": "Feature", "properties": { "CODI_PARADA": 3181, "NOM_PARADA": "Via Favència - Rda de Dalt", "MARQUESINA": null, "PAL": 1.0, "PAL SOLAR": null, "PIU": null, "GEOMETRY": "POINT (2.1852591834277413 41.446931954396824)", "Type": "Bus Stop", "Evaluation": "No PID" }, "geometry": { "type": "Point", "coordinates": [ 2.185259183427741, 41.446931954396824 ] } },
{ "type": "Feature", "properties": { "CODI_PARADA": 3182, "NOM_PARADA": "Av Catalunya - Frederic Mompou", "MARQUESINA": null, "PAL": 1.0, "PAL SOLAR": null, "PIU": null, "GEOMETRY": "POINT (2.1847238205953152 41.49852813846757)", "Type": "Bus Stop", "Evaluation": "No PID" }, "geometry": { "type": "Point", "coordinates": [ 2.184723820595315, 41.49852813846757 ] } },
{ "type": "Feature", "properties": { "CODI_PARADA": 3189, "NOM_PARADA": "Ronda de Dalt - Pl de la Central", "MARQUESINA": 1.0, "PAL": null, "PAL SOLAR": null, "PIU": 1.0, "GEOMETRY": "POINT (2.133410735783653 41.41436629507455)", "Type": "Bus Stop", "Evaluation": "Has PID" }, "geometry": { "type": "Point", "coordinates": [ 2.133410735783653, 41.414366295074551 ] } },
{ "type": "Feature", "properties": { "CODI_PARADA": 3190, "NOM_PARADA": "Pujades - Roc Boronat", "MARQUESINA": null, "PAL": 1.0, "PAL SOLAR": null, "PIU": null, "GEOMETRY": "POINT (2.1988567657175837 41.40035535344428)", "Type": "Bus Stop", "Evaluation": "No PID" }, "geometry": { "type": "Point", "coordinates": [ 2.198856765717584, 41.400355353444283 ] } },
{ "type": "Feature", "properties": { "CODI_PARADA": 3191, "NOM_PARADA": "Josep Maria Lledó - Bellesguard", "MARQUESINA": null, "PAL": 1.0, "PAL SOLAR": null, "PIU": null, "GEOMETRY": "POINT (2.1248288874066703 41.410789648462696)", "Type": "Bus Stop", "Evaluation": "No PID" }, "geometry": { "type": "Point", "coordinates": [ 2.12482888740667, 41.410789648462696 ] } },
{ "type": "Feature", "properties": { "CODI_PARADA": 3197, "NOM_PARADA": "Zona càrrega", "MARQUESINA": null, "PAL": 1.0, "PAL SOLAR": null, "PIU": null, "GEOMETRY": "POINT (2.0680908645454172 41.30154829231922)", "Type": "Bus Stop", "Evaluation": "No PID" }, "geometry": { "type": "Point", "coordinates": [ 2.068090864545417, 41.301548292319218 ] } },
{ "type": "Feature", "properties": { "CODI_PARADA": 3203, "NOM_PARADA": "Renaixença - Vinya", "MARQUESINA": null, "PAL": 1.0, "PAL SOLAR": null, "PIU": null, "GEOMETRY": "POINT (2.1771648424650314 41.41811253941214)", "Type": "Bus Stop", "Evaluation": "No PID" }, "geometry": { "type": "Point", "coordinates": [ 2.177164842465031, 41.418112539412142 ] } },
{ "type": "Feature", "properties": { "CODI_PARADA": 3204, "NOM_PARADA": "Villar - Xiprer", "MARQUESINA": null, "PAL": 1.0, "PAL SOLAR": null, "PIU": null, "GEOMETRY": "POINT (2.1780310870865467 41.416985409844685)", "Type": "Bus Stop", "Evaluation": "No PID" }, "geometry": { "type": "Point", "coordinates": [ 2.178031087086547, 41.416985409844685 ] } },
{ "type": "Feature", "properties": { "CODI_PARADA": 3205, "NOM_PARADA": "Xiprer - Vinya", "MARQUESINA": null, "PAL": 1.0, "PAL SOLAR": null, "PIU": null, "GEOMETRY": "POINT (2.1790039465599396 41.41797813930722)", "Type": "Bus Stop", "Evaluation": "No PID" }, "geometry": { "type": "Point", "coordinates": [ 2.17900394655994, 41.417978139307223 ] } },
{ "type": "Feature", "properties": { "CODI_PARADA": 3208, "NOM_PARADA": "Pg Maragall - Sta Joaquina Vedruna", "MARQUESINA": null, "PAL": 1.0, "PAL SOLAR": null, "PIU": null, "GEOMETRY": "POINT (2.1799845849349264 41.42110980754415)", "Type": "Bus Stop", "Evaluation": "No PID" }, "geometry": { "type": "Point", "coordinates": [ 2.179984584934926, 41.421109807544148 ] } },
{ "type": "Feature", "properties": { "CODI_PARADA": 3210, "NOM_PARADA": "Pl del Nou - Estany", "MARQUESINA": null, "PAL": 1.0, "PAL SOLAR": null, "PIU": null, "GEOMETRY": "POINT (2.141550874927167 41.35341871169484)", "Type": "Bus Stop", "Evaluation": "No PID" }, "geometry": { "type": "Point", "coordinates": [ 2.141550874927167, 41.353418711694843 ] } },
{ "type": "Feature", "properties": { "CODI_PARADA": 3217, "NOM_PARADA": "Joan d'Alòs - Miret i Sans", "MARQUESINA": null, "PAL": 1.0, "PAL SOLAR": null, "PIU": null, "GEOMETRY": "POINT (2.10896862950755 41.393221414197875)", "Type": "Bus Stop", "Evaluation": "No PID" }, "geometry": { "type": "Point", "coordinates": [ 2.10896862950755, 41.393221414197875 ] } },
{ "type": "Feature", "properties": { "CODI_PARADA": 3218, "NOM_PARADA": "Abadessa Olzet - Montevideo", "MARQUESINA": null, "PAL": 1.0, "PAL SOLAR": null, "PIU": null, "GEOMETRY": "POINT (2.10874176662618 41.39488119638577)", "Type": "Bus Stop", "Evaluation": "No PID" }, "geometry": { "type": "Point", "coordinates": [ 2.10874176662618, 41.394881196385768 ] } },
{ "type": "Feature", "properties": { "CODI_PARADA": 3219, "NOM_PARADA": "Panamà - Abadessa Olzet", "MARQUESINA": null, "PAL": 1.0, "PAL SOLAR": null, "PIU": null, "GEOMETRY": "POINT (2.107364465641922 41.39554794193642)", "Type": "Bus Stop", "Evaluation": "No PID" }, "geometry": { "type": "Point", "coordinates": [ 2.107364465641922, 41.395547941936421 ] } },
{ "type": "Feature", "properties": { "CODI_PARADA": 3220, "NOM_PARADA": "Av Pearson - Ptge Ametllers", "MARQUESINA": null, "PAL": 1.0, "PAL SOLAR": null, "PIU": null, "GEOMETRY": "POINT (2.104366210106569 41.39317416733511)", "Type": "Bus Stop", "Evaluation": "No PID" }, "geometry": { "type": "Point", "coordinates": [ 2.104366210106569, 41.393174167335111 ] } },
{ "type": "Feature", "properties": { "CODI_PARADA": 3221, "NOM_PARADA": "Hospital Vall d'Hebron", "MARQUESINA": 1.0, "PAL": null, "PAL SOLAR": null, "PIU": 1.0, "GEOMETRY": "POINT (2.143401622560594 41.42777465572817)", "Type": "Bus Stop", "Evaluation": "Has PID" }, "geometry": { "type": "Point", "coordinates": [ 2.143401622560594, 41.427774655728172 ] } },
{ "type": "Feature", "properties": { "CODI_PARADA": 3222, "NOM_PARADA": "Palau Reial", "MARQUESINA": null, "PAL": null, "PAL SOLAR": 1.0, "PIU": 1.0, "GEOMETRY": "POINT (2.117935833971292 41.38583211984118)", "Type": "Bus Stop", "Evaluation": "Has PID" }, "geometry": { "type": "Point", "coordinates": [ 2.117935833971292, 41.385832119841183 ] } },
{ "type": "Feature", "properties": { "CODI_PARADA": 3223, "NOM_PARADA": "Pl Reina Maria Cristina", "MARQUESINA": null, "PAL": null, "PAL SOLAR": 1.0, "PIU": 1.0, "GEOMETRY": "POINT (2.1257992586334686 41.38783413330048)", "Type": "Bus Stop", "Evaluation": "Has PID" }, "geometry": { "type": "Point", "coordinates": [ 2.125799258633469, 41.38783413330048 ] } },
{ "type": "Feature", "properties": { "CODI_PARADA": 3224, "NOM_PARADA": "Padilla - Túnel de la Rovira", "MARQUESINA": null, "PAL": null, "PAL SOLAR": 1.0, "PIU": 1.0, "GEOMETRY": "POINT (2.1675627320153508 41.4128980403814)", "Type": "Bus Stop", "Evaluation": "Has PID" }, "geometry": { "type": "Point", "coordinates": [ 2.167562732015351, 41.4128980403814 ] } },
{ "type": "Feature", "properties": { "CODI_PARADA": 3225, "NOM_PARADA": "Gornal", "MARQUESINA": 1.0, "PAL": null, "PAL SOLAR": null, "PIU": null, "GEOMETRY": "POINT (2.1196322626942123 41.3531279267824)", "Type": "Bus Stop", "Evaluation": "No PID" }, "geometry": { "type": "Point", "coordinates": [ 2.119632262694212, 41.353127926782399 ] } },
{ "type": "Feature", "properties": { "CODI_PARADA": 3226, "NOM_PARADA": "Rda Guinardó - Lepant - Alfons X", "MARQUESINA": 1.0, "PAL": null, "PAL SOLAR": null, "PIU": 1.0, "GEOMETRY": "POINT (2.1674906669615552 41.412211921008605)", "Type": "Bus Stop", "Evaluation": "Has PID" }, "geometry": { "type": "Point", "coordinates": [ 2.167490666961555, 41.412211921008605 ] } },
{ "type": "Feature", "properties": { "CODI_PARADA": 3227, "NOM_PARADA": "Rda Guinardó - Castillejos", "MARQUESINA": 1.0, "PAL": null, "PAL SOLAR": null, "PIU": 1.0, "GEOMETRY": "POINT (2.17036549136712 41.413519496421685)", "Type": "Bus Stop", "Evaluation": "Has PID" }, "geometry": { "type": "Point", "coordinates": [ 2.17036549136712, 41.413519496421685 ] } },
{ "type": "Feature", "properties": { "CODI_PARADA": 3229, "NOM_PARADA": "Metro Alfons X", "MARQUESINA": 1.0, "PAL": null, "PAL SOLAR": null, "PIU": 1.0, "GEOMETRY": "POINT (2.166399832943082 41.41226147992768)", "Type": "Bus Stop", "Evaluation": "Has PID" }, "geometry": { "type": "Point", "coordinates": [ 2.166399832943082, 41.412261479927679 ] } },
{ "type": "Feature", "properties": { "CODI_PARADA": 3231, "NOM_PARADA": "Marina - Monumental", "MARQUESINA": 1.0, "PAL": null, "PAL SOLAR": null, "PIU": 1.0, "GEOMETRY": "POINT (2.1807533488004087 41.39936668671279)", "Type": "Bus Stop", "Evaluation": "Has PID" }, "geometry": { "type": "Point", "coordinates": [ 2.180753348800409, 41.399366686712789 ] } },
{ "type": "Feature", "properties": { "CODI_PARADA": 3232, "NOM_PARADA": "Capità Arenas - Maria Cristina", "MARQUESINA": null, "PAL": null, "PAL SOLAR": 1.0, "PIU": 1.0, "GEOMETRY": "POINT (2.1266149205025395 41.38896299130704)", "Type": "Bus Stop", "Evaluation": "Has PID" }, "geometry": { "type": "Point", "coordinates": [ 2.12661492050254, 41.388962991307039 ] } },
{ "type": "Feature", "properties": { "CODI_PARADA": 3233, "NOM_PARADA": "ETS d'Arquitectura", "MARQUESINA": 1.0, "PAL": null, "PAL SOLAR": null, "PIU": 1.0, "GEOMETRY": "POINT (2.1139921265041735 41.38483770835059)", "Type": "Bus Stop", "Evaluation": "Has PID" }, "geometry": { "type": "Point", "coordinates": [ 2.113992126504173, 41.384837708350588 ] } },
{ "type": "Feature", "properties": { "CODI_PARADA": 3234, "NOM_PARADA": "Pl Pius XII", "MARQUESINA": null, "PAL": null, "PAL SOLAR": 1.0, "PIU": 1.0, "GEOMETRY": "POINT (2.1208938865502462 41.38658588817591)", "Type": "Bus Stop", "Evaluation": "Has PID" }, "geometry": { "type": "Point", "coordinates": [ 2.120893886550246, 41.386585888175908 ] } },
{ "type": "Feature", "properties": { "CODI_PARADA": 3236, "NOM_PARADA": "Gran Via - Pl Espanya", "MARQUESINA": 1.0, "PAL": null, "PAL SOLAR": null, "PIU": 1.0, "GEOMETRY": "POINT (2.149620657381958 41.375691290003196)", "Type": "Bus Stop", "Evaluation": "Has PID" }, "geometry": { "type": "Point", "coordinates": [ 2.149620657381958, 41.375691290003196 ] } },
{ "type": "Feature", "properties": { "CODI_PARADA": 3237, "NOM_PARADA": "Tarragona - Pl Espanya", "MARQUESINA": 1.0, "PAL": null, "PAL SOLAR": null, "PIU": null, "GEOMETRY": "POINT (2.148777863821584 41.375987433924955)", "Type": "Bus Stop", "Evaluation": "No PID" }, "geometry": { "type": "Point", "coordinates": [ 2.148777863821584, 41.375987433924955 ] } },
{ "type": "Feature", "properties": { "CODI_PARADA": 3241, "NOM_PARADA": "Pg de St Joan - Ausiàs March", "MARQUESINA": 1.0, "PAL": null, "PAL SOLAR": null, "PIU": 1.0, "GEOMETRY": "POINT (2.178677809663076 41.39240078097583)", "Type": "Bus Stop", "Evaluation": "Has PID" }, "geometry": { "type": "Point", "coordinates": [ 2.178677809663076, 41.392400780975827 ] } },
{ "type": "Feature", "properties": { "CODI_PARADA": 3242, "NOM_PARADA": "Les Corts - Prat d'En Rull", "MARQUESINA": null, "PAL": 1.0, "PAL SOLAR": null, "PIU": null, "GEOMETRY": "POINT (2.138246463419652 41.38873925386144)", "Type": "Bus Stop", "Evaluation": "No PID" }, "geometry": { "type": "Point", "coordinates": [ 2.138246463419652, 41.388739253861438 ] } },
{ "type": "Feature", "properties": { "CODI_PARADA": 3243, "NOM_PARADA": "Esteve Terradas - Parc Sanitari Pere Virgili", "MARQUESINA": null, "PAL": 1.0, "PAL SOLAR": null, "PIU": null, "GEOMETRY": "POINT (2.139221752162934 41.41525732385387)", "Type": "Bus Stop", "Evaluation": "No PID" }, "geometry": { "type": "Point", "coordinates": [ 2.139221752162934, 41.415257323853872 ] } },
{ "type": "Feature", "properties": { "CODI_PARADA": 3244, "NOM_PARADA": "Parc Sanitari Pere Virgili", "MARQUESINA": null, "PAL": 1.0, "PAL SOLAR": null, "PIU": null, "GEOMETRY": "POINT (2.140043098184592 41.41514348665727)", "Type": "Bus Stop", "Evaluation": "No PID" }, "geometry": { "type": "Point", "coordinates": [ 2.140043098184592, 41.415143486657271 ] } },
{ "type": "Feature", "properties": { "CODI_PARADA": 3245, "NOM_PARADA": "Esteve Terradas - Pl Alfonso Comín", "MARQUESINA": null, "PAL": 1.0, "PAL SOLAR": null, "PIU": null, "GEOMETRY": "POINT (2.138463350908317 41.415362819941514)", "Type": "Bus Stop", "Evaluation": "No PID" }, "geometry": { "type": "Point", "coordinates": [ 2.138463350908317, 41.415362819941514 ] } },
{ "type": "Feature", "properties": { "CODI_PARADA": 3250, "NOM_PARADA": "Pedrera del Mussol - Can Clos", "MARQUESINA": null, "PAL": 1.0, "PAL SOLAR": null, "PIU": null, "GEOMETRY": "POINT (2.147927325790668 41.361485473023315)", "Type": "Bus Stop", "Evaluation": "No PID" }, "geometry": { "type": "Point", "coordinates": [ 2.147927325790668, 41.361485473023315 ] } },
{ "type": "Feature", "properties": { "CODI_PARADA": 3251, "NOM_PARADA": "Pg Olímpic - Av de l'Estadi", "MARQUESINA": null, "PAL": 1.0, "PAL SOLAR": null, "PIU": null, "GEOMETRY": "POINT (2.1572949955359637 41.3657185167508)", "Type": "Bus Stop", "Evaluation": "No PID" }, "geometry": { "type": "Point", "coordinates": [ 2.157294995535964, 41.365718516750803 ] } },
{ "type": "Feature", "properties": { "CODI_PARADA": 3252, "NOM_PARADA": "Estadi Olímpic", "MARQUESINA": null, "PAL": 1.0, "PAL SOLAR": null, "PIU": null, "GEOMETRY": "POINT (2.157466955882946 41.36519844282492)", "Type": "Bus Stop", "Evaluation": "No PID" }, "geometry": { "type": "Point", "coordinates": [ 2.157466955882946, 41.365198442824919 ] } },
{ "type": "Feature", "properties": { "CODI_PARADA": 3253, "NOM_PARADA": "Vivers", "MARQUESINA": null, "PAL": 1.0, "PAL SOLAR": null, "PIU": null, "GEOMETRY": "POINT (2.1580178095496545 41.36647267839396)", "Type": "Bus Stop", "Evaluation": "No PID" }, "geometry": { "type": "Point", "coordinates": [ 2.158017809549654, 41.366472678393961 ] } },
{ "type": "Feature", "properties": { "CODI_PARADA": 3254, "NOM_PARADA": "Cementiri de Montjuïc", "MARQUESINA": null, "PAL": 1.0, "PAL SOLAR": null, "PIU": null, "GEOMETRY": "POINT (2.1558628649536264 41.35305877950439)", "Type": "Bus Stop", "Evaluation": "No PID" }, "geometry": { "type": "Point", "coordinates": [ 2.155862864953626, 41.353058779504387 ] } },
{ "type": "Feature", "properties": { "CODI_PARADA": 3255, "NOM_PARADA": "Pallars - Ciutat de Granada", "MARQUESINA": 1.0, "PAL": null, "PAL SOLAR": null, "PIU": 1.0, "GEOMETRY": "POINT (2.1967825835994415 41.40032985046605)", "Type": "Bus Stop", "Evaluation": "Has PID" }, "geometry": { "type": "Point", "coordinates": [ 2.196782583599441, 41.400329850466051 ] } },
{ "type": "Feature", "properties": { "CODI_PARADA": 3256, "NOM_PARADA": "Roc Boronat - Doctor Trueta", "MARQUESINA": null, "PAL": 1.0, "PAL SOLAR": null, "PIU": null, "GEOMETRY": "POINT (2.201096379522472 41.39768866622343)", "Type": "Bus Stop", "Evaluation": "No PID" }, "geometry": { "type": "Point", "coordinates": [ 2.201096379522472, 41.397688666223431 ] } },
{ "type": "Feature", "properties": { "CODI_PARADA": 3257, "NOM_PARADA": "Llacuna - Ramon Turró", "MARQUESINA": 1.0, "PAL": null, "PAL SOLAR": null, "PIU": null, "GEOMETRY": "POINT (2.2021415794615784 41.39873972940554)", "Type": "Bus Stop", "Evaluation": "No PID" }, "geometry": { "type": "Point", "coordinates": [ 2.202141579461578, 41.398739729405541 ] } },
{ "type": "Feature", "properties": { "CODI_PARADA": 3258, "NOM_PARADA": "Llacuna - Pallars", "MARQUESINA": 1.0, "PAL": null, "PAL SOLAR": null, "PIU": 1.0, "GEOMETRY": "POINT (2.1976869668296355 41.40212648059729)", "Type": "Bus Stop", "Evaluation": "Has PID" }, "geometry": { "type": "Point", "coordinates": [ 2.197686966829635, 41.402126480597289 ] } },
{ "type": "Feature", "properties": { "CODI_PARADA": 3259, "NOM_PARADA": "Casa Batlló - Museu Tàpies", "MARQUESINA": null, "PAL": null, "PAL SOLAR": 1.0, "PIU": 1.0, "GEOMETRY": "POINT (2.166332874182258 41.391128786547824)", "Type": "Bus Stop", "Evaluation": "Has PID" }, "geometry": { "type": "Point", "coordinates": [ 2.166332874182258, 41.391128786547824 ] } },
{ "type": "Feature", "properties": { "CODI_PARADA": 3260, "NOM_PARADA": "Passeig de Gràcia - La Pedrera", "MARQUESINA": null, "PAL": null, "PAL SOLAR": 1.0, "PIU": 1.0, "GEOMETRY": "POINT (2.1611763199323533 41.39529168614104)", "Type": "Bus Stop", "Evaluation": "Has PID" }, "geometry": { "type": "Point", "coordinates": [ 2.161176319932353, 41.395291686141043 ] } },
{ "type": "Feature", "properties": { "CODI_PARADA": 3262, "NOM_PARADA": "Marina - Monumental", "MARQUESINA": 1.0, "PAL": null, "PAL SOLAR": null, "PIU": 1.0, "GEOMETRY": "POINT (2.1807947373103196 41.399574307309685)", "Type": "Bus Stop", "Evaluation": "Has PID" }, "geometry": { "type": "Point", "coordinates": [ 2.18079473731032, 41.399574307309685 ] } },
{ "type": "Feature", "properties": { "CODI_PARADA": 3263, "NOM_PARADA": "Sarrià", "MARQUESINA": 1.0, "PAL": null, "PAL SOLAR": null, "PIU": null, "GEOMETRY": "POINT (2.114581973090758 41.40392157761911)", "Type": "Bus Stop", "Evaluation": "No PID" }, "geometry": { "type": "Point", "coordinates": [ 2.114581973090758, 41.403921577619109 ] } },
{ "type": "Feature", "properties": { "CODI_PARADA": 3264, "NOM_PARADA": "Els Vergós", "MARQUESINA": 1.0, "PAL": null, "PAL SOLAR": null, "PIU": null, "GEOMETRY": "POINT (2.126289774320961 41.39648283781403)", "Type": "Bus Stop", "Evaluation": "No PID" }, "geometry": { "type": "Point", "coordinates": [ 2.126289774320961, 41.396482837814027 ] } },
{ "type": "Feature", "properties": { "CODI_PARADA": 3265, "NOM_PARADA": "Pg Sant Joan Bosco", "MARQUESINA": null, "PAL": 1.0, "PAL SOLAR": null, "PIU": null, "GEOMETRY": "POINT (2.1268885982133443 41.394833742601286)", "Type": "Bus Stop", "Evaluation": "No PID" }, "geometry": { "type": "Point", "coordinates": [ 2.126888598213344, 41.394833742601286 ] } },
{ "type": "Feature", "properties": { "CODI_PARADA": 3266, "NOM_PARADA": "Pg Sant Joan Bosco - Prat de la Riba", "MARQUESINA": 1.0, "PAL": null, "PAL SOLAR": null, "PIU": 1.0, "GEOMETRY": "POINT (2.129375617172868 41.392925591575704)", "Type": "Bus Stop", "Evaluation": "Has PID" }, "geometry": { "type": "Point", "coordinates": [ 2.129375617172868, 41.392925591575704 ] } },
{ "type": "Feature", "properties": { "CODI_PARADA": 3267, "NOM_PARADA": "Constança", "MARQUESINA": null, "PAL": null, "PAL SOLAR": 1.0, "PIU": 1.0, "GEOMETRY": "POINT (2.134842710217235 41.3892830235359)", "Type": "Bus Stop", "Evaluation": "Has PID" }, "geometry": { "type": "Point", "coordinates": [ 2.134842710217235, 41.389283023535903 ] } },
{ "type": "Feature", "properties": { "CODI_PARADA": 3268, "NOM_PARADA": "Av Sarrià", "MARQUESINA": 1.0, "PAL": null, "PAL SOLAR": null, "PIU": 1.0, "GEOMETRY": "POINT (2.1327463621401885 41.391425915592635)", "Type": "Bus Stop", "Evaluation": "Has PID" }, "geometry": { "type": "Point", "coordinates": [ 2.132746362140189, 41.391425915592635 ] } },
{ "type": "Feature", "properties": { "CODI_PARADA": 3269, "NOM_PARADA": "Av Sarrià - Prat de la Riba", "MARQUESINA": 1.0, "PAL": null, "PAL SOLAR": null, "PIU": 1.0, "GEOMETRY": "POINT (2.130705164694418 41.39252356111658)", "Type": "Bus Stop", "Evaluation": "Has PID" }, "geometry": { "type": "Point", "coordinates": [ 2.130705164694418, 41.392523561116583 ] } },
{ "type": "Feature", "properties": { "CODI_PARADA": 3270, "NOM_PARADA": "Cartagena - Av Gaudí", "MARQUESINA": null, "PAL": 1.0, "PAL SOLAR": null, "PIU": null, "GEOMETRY": "POINT (2.173991929606326 41.411504155337994)", "Type": "Bus Stop", "Evaluation": "No PID" }, "geometry": { "type": "Point", "coordinates": [ 2.173991929606326, 41.411504155337994 ] } },
{ "type": "Feature", "properties": { "CODI_PARADA": 3271, "NOM_PARADA": "Joan Miró - Av Europa", "MARQUESINA": null, "PAL": 1.0, "PAL SOLAR": null, "PIU": null, "GEOMETRY": "POINT (2.177710857936324 41.496372460373806)", "Type": "Bus Stop", "Evaluation": "No PID" }, "geometry": { "type": "Point", "coordinates": [ 2.177710857936324, 41.496372460373806 ] } },
{ "type": "Feature", "properties": { "CODI_PARADA": 3272, "NOM_PARADA": "Pg de St Jordi - Tagamanent", "MARQUESINA": null, "PAL": 1.0, "PAL SOLAR": null, "PIU": null, "GEOMETRY": "POINT (2.1810403002952596 41.49391271758848)", "Type": "Bus Stop", "Evaluation": "No PID" }, "geometry": { "type": "Point", "coordinates": [ 2.18104030029526, 41.493912717588479 ] } },
{ "type": "Feature", "properties": { "CODI_PARADA": 3273, "NOM_PARADA": "Joan Miró - Salvador Dalí", "MARQUESINA": null, "PAL": 1.0, "PAL SOLAR": null, "PIU": null, "GEOMETRY": "POINT (2.1785132075082903 41.49755343672614)", "Type": "Bus Stop", "Evaluation": "No PID" }, "geometry": { "type": "Point", "coordinates": [ 2.17851320750829, 41.497553436726143 ] } },
{ "type": "Feature", "properties": { "CODI_PARADA": 3274, "NOM_PARADA": "Joan Miró - Victòria dels Àngels", "MARQUESINA": null, "PAL": 1.0, "PAL SOLAR": null, "PIU": null, "GEOMETRY": "POINT (2.1802894007133173 41.49972667016661)", "Type": "Bus Stop", "Evaluation": "No PID" }, "geometry": { "type": "Point", "coordinates": [ 2.180289400713317, 41.499726670166609 ] } },
{ "type": "Feature", "properties": { "CODI_PARADA": 3275, "NOM_PARADA": "Baró St Lluís - Polònia", "MARQUESINA": null, "PAL": 1.0, "PAL SOLAR": null, "PIU": null, "GEOMETRY": "POINT (2.164259464900554 41.41561785086478)", "Type": "Bus Stop", "Evaluation": "No PID" }, "geometry": { "type": "Point", "coordinates": [ 2.164259464900554, 41.415617850864777 ] } },
{ "type": "Feature", "properties": { "CODI_PARADA": 3276, "NOM_PARADA": "Torre Dulac - Tenerife", "MARQUESINA": null, "PAL": 1.0, "PAL SOLAR": null, "PIU": null, "GEOMETRY": "POINT (2.1637657445690457 41.41636765092509)", "Type": "Bus Stop", "Evaluation": "No PID" }, "geometry": { "type": "Point", "coordinates": [ 2.163765744569046, 41.416367650925089 ] } },
{ "type": "Feature", "properties": { "CODI_PARADA": 3277, "NOM_PARADA": "Joan Miró - Consell de Cent", "MARQUESINA": null, "PAL": 1.0, "PAL SOLAR": null, "PIU": null, "GEOMETRY": "POINT (2.177339995073195 41.495013266482616)", "Type": "Bus Stop", "Evaluation": "No PID" }, "geometry": { "type": "Point", "coordinates": [ 2.177339995073195, 41.495013266482616 ] } },
{ "type": "Feature", "properties": { "CODI_PARADA": 3282, "NOM_PARADA": "Sant Adrià - Josep Soldevila", "MARQUESINA": null, "PAL": null, "PAL SOLAR": 1.0, "PIU": 1.0, "GEOMETRY": "POINT (2.1928536622035737 41.43423452222787)", "Type": "Bus Stop", "Evaluation": "Has PID" }, "geometry": { "type": "Point", "coordinates": [ 2.192853662203574, 41.434234522227868 ] } },
{ "type": "Feature", "properties": { "CODI_PARADA": 3283, "NOM_PARADA": "Segre - Parellada", "MARQUESINA": null, "PAL": null, "PAL SOLAR": 1.0, "PIU": 1.0, "GEOMETRY": "POINT (2.1927020483836213 41.433339584573666)", "Type": "Bus Stop", "Evaluation": "Has PID" }, "geometry": { "type": "Point", "coordinates": [ 2.192702048383621, 41.433339584573666 ] } },
{ "type": "Feature", "properties": { "CODI_PARADA": 3284, "NOM_PARADA": "Segre - Borriana", "MARQUESINA": 1.0, "PAL": null, "PAL SOLAR": null, "PIU": null, "GEOMETRY": "POINT (2.194825581931631 41.430929268282924)", "Type": "Bus Stop", "Evaluation": "No PID" }, "geometry": { "type": "Point", "coordinates": [ 2.194825581931631, 41.430929268282924 ] } },
{ "type": "Feature", "properties": { "CODI_PARADA": 3286, "NOM_PARADA": "Ernest Lluch", "MARQUESINA": 1.0, "PAL": null, "PAL SOLAR": null, "PIU": null, "GEOMETRY": "POINT (2.1121566533054663 41.37621592185976)", "Type": "Bus Stop", "Evaluation": "No PID" }, "geometry": { "type": "Point", "coordinates": [ 2.112156653305466, 41.37621592185976 ] } },
{ "type": "Feature", "properties": { "CODI_PARADA": 3288, "NOM_PARADA": "Vall d'Aran - Remolar", "MARQUESINA": 1.0, "PAL": null, "PAL SOLAR": null, "PIU": null, "GEOMETRY": "POINT (2.086651282811267 41.328413278337784)", "Type": "Bus Stop", "Evaluation": "No PID" }, "geometry": { "type": "Point", "coordinates": [ 2.086651282811267, 41.328413278337784 ] } },
{ "type": "Feature", "properties": { "CODI_PARADA": 3289, "NOM_PARADA": "Vall d'Aran - Remolar", "MARQUESINA": null, "PAL": 1.0, "PAL SOLAR": null, "PIU": null, "GEOMETRY": "POINT (2.0867912321594746 41.32833483088481)", "Type": "Bus Stop", "Evaluation": "No PID" }, "geometry": { "type": "Point", "coordinates": [ 2.086791232159475, 41.328334830884813 ] } },
{ "type": "Feature", "properties": { "CODI_PARADA": 3290, "NOM_PARADA": "Felip Díaz Sandino - Via Làctia", "MARQUESINA": null, "PAL": 1.0, "PAL SOLAR": null, "PIU": null, "GEOMETRY": "POINT (2.0555828950726633 41.29806448879315)", "Type": "Bus Stop", "Evaluation": "No PID" }, "geometry": { "type": "Point", "coordinates": [ 2.055582895072663, 41.298064488793152 ] } },
{ "type": "Feature", "properties": { "CODI_PARADA": 3291, "NOM_PARADA": "Av Aeroport - Via Làctia", "MARQUESINA": null, "PAL": 1.0, "PAL SOLAR": null, "PIU": null, "GEOMETRY": "POINT (2.0544850412515756 41.29969617054065)", "Type": "Bus Stop", "Evaluation": "No PID" }, "geometry": { "type": "Point", "coordinates": [ 2.054485041251576, 41.299696170540649 ] } },
{ "type": "Feature", "properties": { "CODI_PARADA": 3293, "NOM_PARADA": "Pg Sant Joan Bosco", "MARQUESINA": null, "PAL": 1.0, "PAL SOLAR": null, "PIU": null, "GEOMETRY": "POINT (2.1275025957640623 41.39452421013028)", "Type": "Bus Stop", "Evaluation": "No PID" }, "geometry": { "type": "Point", "coordinates": [ 2.127502595764062, 41.394524210130278 ] } },
{ "type": "Feature", "properties": { "CODI_PARADA": 3294, "NOM_PARADA": "Foc - Ferrocarrils Catalans", "MARQUESINA": null, "PAL": 1.0, "PAL SOLAR": null, "PIU": null, "GEOMETRY": "POINT (2.1438586515790425 41.35840102963572)", "Type": "Bus Stop", "Evaluation": "No PID" }, "geometry": { "type": "Point", "coordinates": [ 2.143858651579043, 41.358401029635722 ] } },
{ "type": "Feature", "properties": { "CODI_PARADA": 3295, "NOM_PARADA": "Via Favència - Metro Canyelles", "MARQUESINA": 1.0, "PAL": null, "PAL SOLAR": null, "PIU": null, "GEOMETRY": "POINT (2.165702292433114 41.44153921504353)", "Type": "Bus Stop", "Evaluation": "No PID" }, "geometry": { "type": "Point", "coordinates": [ 2.165702292433114, 41.441539215043527 ] } },
{ "type": "Feature", "properties": { "CODI_PARADA": 3300, "NOM_PARADA": "Plaça Roigé i Badia", "MARQUESINA": 1.0, "PAL": null, "PAL SOLAR": null, "PIU": 1.0, "GEOMETRY": "POINT (2.098503409384051 41.329224436607596)", "Type": "Bus Stop", "Evaluation": "Has PID" }, "geometry": { "type": "Point", "coordinates": [ 2.098503409384051, 41.329224436607596 ] } },
{ "type": "Feature", "properties": { "CODI_PARADA": 3301, "NOM_PARADA": "Institut Illa dels Banyols", "MARQUESINA": 1.0, "PAL": null, "PAL SOLAR": null, "PIU": 1.0, "GEOMETRY": "POINT (2.102024481249905 41.33121461709825)", "Type": "Bus Stop", "Evaluation": "Has PID" }, "geometry": { "type": "Point", "coordinates": [ 2.102024481249905, 41.331214617098247 ] } },
{ "type": "Feature", "properties": { "CODI_PARADA": 3302, "NOM_PARADA": "Parc Sanitari Pere Virgili", "MARQUESINA": null, "PAL": 1.0, "PAL SOLAR": null, "PIU": null, "GEOMETRY": "POINT (2.142003320021915 41.41569299032402)", "Type": "Bus Stop", "Evaluation": "No PID" }, "geometry": { "type": "Point", "coordinates": [ 2.142003320021915, 41.415692990324018 ] } },
{ "type": "Feature", "properties": { "CODI_PARADA": 3303, "NOM_PARADA": "Torrent del Rovelló - Camí Fredolic", "MARQUESINA": null, "PAL": 1.0, "PAL SOLAR": null, "PIU": null, "GEOMETRY": "POINT (2.0968878736293637 41.41935572462169)", "Type": "Bus Stop", "Evaluation": "No PID" }, "geometry": { "type": "Point", "coordinates": [ 2.096887873629364, 41.419355724621688 ] } },
{ "type": "Feature", "properties": { "CODI_PARADA": 3304, "NOM_PARADA": "Mandri - Emancipació", "MARQUESINA": 1.0, "PAL": null, "PAL SOLAR": null, "PIU": null, "GEOMETRY": "POINT (2.1331479277113155 41.403767279332804)", "Type": "Bus Stop", "Evaluation": "No PID" }, "geometry": { "type": "Point", "coordinates": [ 2.133147927711315, 41.403767279332804 ] } },
{ "type": "Feature", "properties": { "CODI_PARADA": 3305, "NOM_PARADA": "Riera Blanca - Trav de Les Corts", "MARQUESINA": 1.0, "PAL": null, "PAL SOLAR": null, "PIU": null, "GEOMETRY": "POINT (2.1218199833989626 41.376800938511714)", "Type": "Bus Stop", "Evaluation": "No PID" }, "geometry": { "type": "Point", "coordinates": [ 2.121819983398963, 41.376800938511714 ] } },
{ "type": "Feature", "properties": { "CODI_PARADA": 3307, "NOM_PARADA": "Aparcament Llarga Estada", "MARQUESINA": null, "PAL": 1.0, "PAL SOLAR": null, "PIU": null, "GEOMETRY": "POINT (2.0540599758311373 41.29193703210652)", "Type": "Bus Stop", "Evaluation": "No PID" }, "geometry": { "type": "Point", "coordinates": [ 2.054059975831137, 41.291937032106517 ] } },
{ "type": "Feature", "properties": { "CODI_PARADA": 3309, "NOM_PARADA": "Josep Soldevila - Torrent Estadella", "MARQUESINA": 1.0, "PAL": null, "PAL SOLAR": null, "PIU": 1.0, "GEOMETRY": "POINT (2.19355499579661 41.4341161453896)", "Type": "Bus Stop", "Evaluation": "Has PID" }, "geometry": { "type": "Point", "coordinates": [ 2.19355499579661, 41.434116145389602 ] } },
{ "type": "Feature", "properties": { "CODI_PARADA": 3310, "NOM_PARADA": "Josep Soldevila - Onze de Setembre", "MARQUESINA": 1.0, "PAL": null, "PAL SOLAR": null, "PIU": 1.0, "GEOMETRY": "POINT (2.1953774115800098 41.43170694279453)", "Type": "Bus Stop", "Evaluation": "Has PID" }, "geometry": { "type": "Point", "coordinates": [ 2.19537741158001, 41.431706942794527 ] } },
{ "type": "Feature", "properties": { "CODI_PARADA": 3313, "NOM_PARADA": "Sant Antoni Maria Claret - Trinxant", "MARQUESINA": 1.0, "PAL": null, "PAL SOLAR": null, "PIU": 1.0, "GEOMETRY": "POINT (2.1817337945781023 41.41681105087301)", "Type": "Bus Stop", "Evaluation": "Has PID" }, "geometry": { "type": "Point", "coordinates": [ 2.181733794578102, 41.416811050873008 ] } },
{ "type": "Feature", "properties": { "CODI_PARADA": 3314, "NOM_PARADA": "Còrsega - Bailèn", "MARQUESINA": 1.0, "PAL": null, "PAL SOLAR": null, "PIU": null, "GEOMETRY": "POINT (2.1645038945170745 41.40049673599488)", "Type": "Bus Stop", "Evaluation": "No PID" }, "geometry": { "type": "Point", "coordinates": [ 2.164503894517074, 41.400496735994878 ] } },
{ "type": "Feature", "properties": { "CODI_PARADA": 3315, "NOM_PARADA": "Còrsega - Llúria", "MARQUESINA": 1.0, "PAL": null, "PAL SOLAR": null, "PIU": 1.0, "GEOMETRY": "POINT (2.162346081974961 41.3988769769937)", "Type": "Bus Stop", "Evaluation": "Has PID" }, "geometry": { "type": "Point", "coordinates": [ 2.162346081974961, 41.398876976993698 ] } },
{ "type": "Feature", "properties": { "CODI_PARADA": 3317, "NOM_PARADA": "Pg Taulat - Jonquera", "MARQUESINA": null, "PAL": 1.0, "PAL SOLAR": null, "PIU": null, "GEOMETRY": "POINT (2.2075988301288643 41.400625891213615)", "Type": "Bus Stop", "Evaluation": "No PID" }, "geometry": { "type": "Point", "coordinates": [ 2.207598830128864, 41.400625891213615 ] } },
{ "type": "Feature", "properties": { "CODI_PARADA": 3318, "NOM_PARADA": "Pg Taulat - Bac de Roda", "MARQUESINA": null, "PAL": 1.0, "PAL SOLAR": null, "PIU": null, "GEOMETRY": "POINT (2.2107844534221384 41.40302990557769)", "Type": "Bus Stop", "Evaluation": "No PID" }, "geometry": { "type": "Point", "coordinates": [ 2.210784453422138, 41.403029905577689 ] } },
{ "type": "Feature", "properties": { "CODI_PARADA": 3320, "NOM_PARADA": "Pg Garcia Fària - Jonquera", "MARQUESINA": 1.0, "PAL": null, "PAL SOLAR": null, "PIU": null, "GEOMETRY": "POINT (2.2087043983734187 41.39969853516878)", "Type": "Bus Stop", "Evaluation": "No PID" }, "geometry": { "type": "Point", "coordinates": [ 2.208704398373419, 41.399698535168781 ] } },
{ "type": "Feature", "properties": { "CODI_PARADA": 3322, "NOM_PARADA": "Pol. Ind. Zona Franca", "MARQUESINA": 1.0, "PAL": null, "PAL SOLAR": null, "PIU": null, "GEOMETRY": "POINT (2.142764406493476 41.34549365456033)", "Type": "Bus Stop", "Evaluation": "No PID" }, "geometry": { "type": "Point", "coordinates": [ 2.142764406493476, 41.345493654560329 ] } },
{ "type": "Feature", "properties": { "CODI_PARADA": 3323, "NOM_PARADA": "Ildefons Cerdà - Rambla Badal", "MARQUESINA": 1.0, "PAL": null, "PAL SOLAR": null, "PIU": 1.0, "GEOMETRY": "POINT (2.1357395028293817 41.36507756244806)", "Type": "Bus Stop", "Evaluation": "Has PID" }, "geometry": { "type": "Point", "coordinates": [ 2.135739502829382, 41.365077562448057 ] } },
{ "type": "Feature", "properties": { "CODI_PARADA": 3325, "NOM_PARADA": "Ronda de Dalt - Av J V Foix", "MARQUESINA": 1.0, "PAL": null, "PAL SOLAR": null, "PIU": null, "GEOMETRY": "POINT (2.1140038848374756 41.40091160608939)", "Type": "Bus Stop", "Evaluation": "No PID" }, "geometry": { "type": "Point", "coordinates": [ 2.114003884837476, 41.400911606089387 ] } },
{ "type": "Feature", "properties": { "CODI_PARADA": 3326, "NOM_PARADA": "Pas Sota Muralla - Pg Colom", "MARQUESINA": 1.0, "PAL": null, "PAL SOLAR": null, "PIU": 1.0, "GEOMETRY": "POINT (2.1825816091706973 41.381144558404316)", "Type": "Bus Stop", "Evaluation": "Has PID" }, "geometry": { "type": "Point", "coordinates": [ 2.182581609170697, 41.381144558404316 ] } },
{ "type": "Feature", "properties": { "CODI_PARADA": 3328, "NOM_PARADA": "Urquinaona", "MARQUESINA": 1.0, "PAL": null, "PAL SOLAR": null, "PIU": 1.0, "GEOMETRY": "POINT (2.1725618024230684 41.38855048889515)", "Type": "Bus Stop", "Evaluation": "Has PID" }, "geometry": { "type": "Point", "coordinates": [ 2.172561802423068, 41.388550488895149 ] } },
{ "type": "Feature", "properties": { "CODI_PARADA": 3329, "NOM_PARADA": "Pas Sota Muralla - Via Laietana", "MARQUESINA": null, "PAL": 1.0, "PAL SOLAR": null, "PIU": null, "GEOMETRY": "POINT (2.182746461505792 41.38086955745133)", "Type": "Bus Stop", "Evaluation": "No PID" }, "geometry": { "type": "Point", "coordinates": [ 2.182746461505792, 41.380869557451327 ] } },
{ "type": "Feature", "properties": { "CODI_PARADA": 3332, "NOM_PARADA": "Pg Marítim", "MARQUESINA": 1.0, "PAL": null, "PAL SOLAR": null, "PIU": null, "GEOMETRY": "POINT (2.1958945395186684 41.384923855488715)", "Type": "Bus Stop", "Evaluation": "No PID" }, "geometry": { "type": "Point", "coordinates": [ 2.195894539518668, 41.384923855488715 ] } },
{ "type": "Feature", "properties": { "CODI_PARADA": 3334, "NOM_PARADA": "Carrer número 6 - Carrer A", "MARQUESINA": null, "PAL": 1.0, "PAL SOLAR": null, "PIU": null, "GEOMETRY": "POINT (2.1320347417888335 41.32240525812981)", "Type": "Bus Stop", "Evaluation": "No PID" }, "geometry": { "type": "Point", "coordinates": [ 2.132034741788833, 41.322405258129812 ] } },
{ "type": "Feature", "properties": { "CODI_PARADA": 3335, "NOM_PARADA": "Feliu i Codina - Congrés", "MARQUESINA": null, "PAL": 1.0, "PAL SOLAR": null, "PIU": null, "GEOMETRY": "POINT (2.162975920175884 41.436073563359784)", "Type": "Bus Stop", "Evaluation": "No PID" }, "geometry": { "type": "Point", "coordinates": [ 2.162975920175884, 41.436073563359784 ] } },
{ "type": "Feature", "properties": { "CODI_PARADA": 3336, "NOM_PARADA": "Sant Ramon de Penyafort - Manuel Fernández Márquez", "MARQUESINA": null, "PAL": 1.0, "PAL SOLAR": null, "PIU": null, "GEOMETRY": "POINT (2.2193833418425966 41.415814524412816)", "Type": "Bus Stop", "Evaluation": "No PID" }, "geometry": { "type": "Point", "coordinates": [ 2.219383341842597, 41.415814524412816 ] } },
{ "type": "Feature", "properties": { "CODI_PARADA": 3337, "NOM_PARADA": "Parc del Besòs", "MARQUESINA": 1.0, "PAL": null, "PAL SOLAR": null, "PIU": null, "GEOMETRY": "POINT (2.218338331254348 41.41980943728213)", "Type": "Bus Stop", "Evaluation": "No PID" }, "geometry": { "type": "Point", "coordinates": [ 2.218338331254348, 41.419809437282133 ] } },
{ "type": "Feature", "properties": { "CODI_PARADA": 3338, "NOM_PARADA": "La Catalana", "MARQUESINA": null, "PAL": 1.0, "PAL SOLAR": null, "PIU": null, "GEOMETRY": "POINT (2.222061532920374 41.42259308672841)", "Type": "Bus Stop", "Evaluation": "No PID" }, "geometry": { "type": "Point", "coordinates": [ 2.222061532920374, 41.422593086728412 ] } },
{ "type": "Feature", "properties": { "CODI_PARADA": 3340, "NOM_PARADA": "Sant Adrià Centre", "MARQUESINA": 1.0, "PAL": null, "PAL SOLAR": null, "PIU": null, "GEOMETRY": "POINT (2.216040808913763 41.43270931760881)", "Type": "Bus Stop", "Evaluation": "No PID" }, "geometry": { "type": "Point", "coordinates": [ 2.216040808913763, 41.432709317608811 ] } },
{ "type": "Feature", "properties": { "CODI_PARADA": 3341, "NOM_PARADA": "Mallorca - Nàpols", "MARQUESINA": 1.0, "PAL": null, "PAL SOLAR": null, "PIU": 1.0, "GEOMETRY": "POINT (2.172350105446734 41.40127294083512)", "Type": "Bus Stop", "Evaluation": "Has PID" }, "geometry": { "type": "Point", "coordinates": [ 2.172350105446734, 41.401272940835121 ] } },
{ "type": "Feature", "properties": { "CODI_PARADA": 3342, "NOM_PARADA": "Comtes de Bell-lloc - Viriat", "MARQUESINA": null, "PAL": 1.0, "PAL SOLAR": null, "PIU": null, "GEOMETRY": "POINT (2.1374264096993407 41.38044908279461)", "Type": "Bus Stop", "Evaluation": "No PID" }, "geometry": { "type": "Point", "coordinates": [ 2.137426409699341, 41.380449082794613 ] } },
{ "type": "Feature", "properties": { "CODI_PARADA": 3343, "NOM_PARADA": "Metro La Pau", "MARQUESINA": null, "PAL": 1.0, "PAL SOLAR": null, "PIU": null, "GEOMETRY": "POINT (2.2057650029970057 41.422626554616585)", "Type": "Bus Stop", "Evaluation": "No PID" }, "geometry": { "type": "Point", "coordinates": [ 2.205765002997006, 41.422626554616585 ] } },
{ "type": "Feature", "properties": { "CODI_PARADA": 3344, "NOM_PARADA": "Fernando Pessoa", "MARQUESINA": null, "PAL": 1.0, "PAL SOLAR": null, "PIU": null, "GEOMETRY": "POINT (2.193044449385161 41.44283897585372)", "Type": "Bus Stop", "Evaluation": "No PID" }, "geometry": { "type": "Point", "coordinates": [ 2.193044449385161, 41.442838975853718 ] } },
{ "type": "Feature", "properties": { "CODI_PARADA": 3345, "NOM_PARADA": "Ciutat d'Asunción - Potosí", "MARQUESINA": null, "PAL": 1.0, "PAL SOLAR": null, "PIU": null, "GEOMETRY": "POINT (2.199291571108925 41.444393274928174)", "Type": "Bus Stop", "Evaluation": "No PID" }, "geometry": { "type": "Point", "coordinates": [ 2.199291571108925, 41.444393274928174 ] } },
{ "type": "Feature", "properties": { "CODI_PARADA": 3347, "NOM_PARADA": "Diagonal - Pl Llevant", "MARQUESINA": null, "PAL": 1.0, "PAL SOLAR": null, "PIU": null, "GEOMETRY": "POINT (2.216298810703054 41.41050625326477)", "Type": "Bus Stop", "Evaluation": "No PID" }, "geometry": { "type": "Point", "coordinates": [ 2.216298810703054, 41.410506253264771 ] } },
{ "type": "Feature", "properties": { "CODI_PARADA": 3348, "NOM_PARADA": "Pepe Rubianes", "MARQUESINA": null, "PAL": 1.0, "PAL SOLAR": null, "PIU": null, "GEOMETRY": "POINT (2.189690990569933 41.378432446156495)", "Type": "Bus Stop", "Evaluation": "No PID" }, "geometry": { "type": "Point", "coordinates": [ 2.189690990569933, 41.378432446156495 ] } },
{ "type": "Feature", "properties": { "CODI_PARADA": 3349, "NOM_PARADA": "Barri Artigas", "MARQUESINA": null, "PAL": 1.0, "PAL SOLAR": null, "PIU": null, "GEOMETRY": "POINT (2.220082413476021 41.434992262405025)", "Type": "Bus Stop", "Evaluation": "No PID" }, "geometry": { "type": "Point", "coordinates": [ 2.220082413476021, 41.434992262405025 ] } },
{ "type": "Feature", "properties": { "CODI_PARADA": 3350, "NOM_PARADA": "Barri Artigas", "MARQUESINA": null, "PAL": 1.0, "PAL SOLAR": null, "PIU": null, "GEOMETRY": "POINT (2.2190094968147926 41.43458826883507)", "Type": "Bus Stop", "Evaluation": "No PID" }, "geometry": { "type": "Point", "coordinates": [ 2.219009496814793, 41.434588268835071 ] } },
{ "type": "Feature", "properties": { "CODI_PARADA": 3351, "NOM_PARADA": "Sant Roc", "MARQUESINA": null, "PAL": null, "PAL SOLAR": 1.0, "PIU": 1.0, "GEOMETRY": "POINT (2.222934292808382 41.43650381110598)", "Type": "Bus Stop", "Evaluation": "Has PID" }, "geometry": { "type": "Point", "coordinates": [ 2.222934292808382, 41.436503811105979 ] } },
{ "type": "Feature", "properties": { "CODI_PARADA": 3352, "NOM_PARADA": "Sant Roc", "MARQUESINA": null, "PAL": 1.0, "PAL SOLAR": null, "PIU": null, "GEOMETRY": "POINT (2.222820137001645 41.43661644240528)", "Type": "Bus Stop", "Evaluation": "No PID" }, "geometry": { "type": "Point", "coordinates": [ 2.222820137001645, 41.436616442405281 ] } },
{ "type": "Feature", "properties": { "CODI_PARADA": 3353, "NOM_PARADA": "La Salut / Congrés", "MARQUESINA": 1.0, "PAL": null, "PAL SOLAR": null, "PIU": 1.0, "GEOMETRY": "POINT (2.228341156107582 41.43937606063456)", "Type": "Bus Stop", "Evaluation": "Has PID" }, "geometry": { "type": "Point", "coordinates": [ 2.228341156107582, 41.439376060634558 ] } },
{ "type": "Feature", "properties": { "CODI_PARADA": 3356, "NOM_PARADA": "Av de la Platja - Pont d'Eduard Maristany", "MARQUESINA": null, "PAL": 1.0, "PAL SOLAR": null, "PIU": null, "GEOMETRY": "POINT (2.2295463856667297 41.425465023369036)", "Type": "Bus Stop", "Evaluation": "No PID" }, "geometry": { "type": "Point", "coordinates": [ 2.22954638566673, 41.425465023369036 ] } },
{ "type": "Feature", "properties": { "CODI_PARADA": 3357, "NOM_PARADA": "Casp - Nàpols", "MARQUESINA": null, "PAL": 1.0, "PAL SOLAR": null, "PIU": null, "GEOMETRY": "POINT (2.179477431578643 41.395880622476426)", "Type": "Bus Stop", "Evaluation": "No PID" }, "geometry": { "type": "Point", "coordinates": [ 2.179477431578643, 41.395880622476426 ] } },
{ "type": "Feature", "properties": { "CODI_PARADA": 3358, "NOM_PARADA": "Av d'Esplugues - González Tablas", "MARQUESINA": null, "PAL": 1.0, "PAL SOLAR": null, "PIU": null, "GEOMETRY": "POINT (2.1057709232708124 41.38696902265971)", "Type": "Bus Stop", "Evaluation": "No PID" }, "geometry": { "type": "Point", "coordinates": [ 2.105770923270812, 41.386969022659713 ] } },
{ "type": "Feature", "properties": { "CODI_PARADA": 3359, "NOM_PARADA": "Ctra Marina - Av Onze de Setembre", "MARQUESINA": 1.0, "PAL": null, "PAL SOLAR": null, "PIU": null, "GEOMETRY": "POINT (2.1035230917016055 41.32274783029737)", "Type": "Bus Stop", "Evaluation": "No PID" }, "geometry": { "type": "Point", "coordinates": [ 2.103523091701605, 41.322747830297367 ] } },
{ "type": "Feature", "properties": { "CODI_PARADA": 3360, "NOM_PARADA": "Plaça Constitució", "MARQUESINA": 1.0, "PAL": null, "PAL SOLAR": null, "PIU": 1.0, "GEOMETRY": "POINT (2.102165760138427 41.32428419319618)", "Type": "Bus Stop", "Evaluation": "Has PID" }, "geometry": { "type": "Point", "coordinates": [ 2.102165760138427, 41.324284193196178 ] } },
{ "type": "Feature", "properties": { "CODI_PARADA": 3361, "NOM_PARADA": "Ctra Marina - Pablo Neruda", "MARQUESINA": 1.0, "PAL": null, "PAL SOLAR": null, "PIU": 1.0, "GEOMETRY": "POINT (2.101438779031803 41.325172303329936)", "Type": "Bus Stop", "Evaluation": "Has PID" }, "geometry": { "type": "Point", "coordinates": [ 2.101438779031803, 41.325172303329936 ] } },
{ "type": "Feature", "properties": { "CODI_PARADA": 3362, "NOM_PARADA": "Ctra Marina - Av Verge de Montserrat", "MARQUESINA": null, "PAL": null, "PAL SOLAR": 1.0, "PIU": 1.0, "GEOMETRY": "POINT (2.099959921232391 41.32730975657315)", "Type": "Bus Stop", "Evaluation": "Has PID" }, "geometry": { "type": "Point", "coordinates": [ 2.099959921232391, 41.32730975657315 ] } },
{ "type": "Feature", "properties": { "CODI_PARADA": 3363, "NOM_PARADA": "Ctra Marina - Av Verge de Montserrat", "MARQUESINA": null, "PAL": null, "PAL SOLAR": 1.0, "PIU": 1.0, "GEOMETRY": "POINT (2.0998245501074138 41.327245674153204)", "Type": "Bus Stop", "Evaluation": "Has PID" }, "geometry": { "type": "Point", "coordinates": [ 2.099824550107414, 41.327245674153204 ] } },
{ "type": "Feature", "properties": { "CODI_PARADA": 3364, "NOM_PARADA": "Ctra Marina - Catalunya", "MARQUESINA": null, "PAL": null, "PAL SOLAR": 1.0, "PIU": 1.0, "GEOMETRY": "POINT (2.1011338657384147 41.325346159327914)", "Type": "Bus Stop", "Evaluation": "Has PID" }, "geometry": { "type": "Point", "coordinates": [ 2.101133865738415, 41.325346159327914 ] } },
{ "type": "Feature", "properties": { "CODI_PARADA": 3365, "NOM_PARADA": "Campoamor - Lloret de Mar", "MARQUESINA": null, "PAL": 1.0, "PAL SOLAR": null, "PIU": null, "GEOMETRY": "POINT (2.1560575308439183 41.43411648574598)", "Type": "Bus Stop", "Evaluation": "No PID" }, "geometry": { "type": "Point", "coordinates": [ 2.156057530843918, 41.434116485745982 ] } },
{ "type": "Feature", "properties": { "CODI_PARADA": 3366, "NOM_PARADA": "Pg Valldaura - Eduard Toda", "MARQUESINA": null, "PAL": 1.0, "PAL SOLAR": null, "PIU": null, "GEOMETRY": "POINT (2.1540282978431398 41.436549924763945)", "Type": "Bus Stop", "Evaluation": "No PID" }, "geometry": { "type": "Point", "coordinates": [ 2.15402829784314, 41.436549924763945 ] } },
{ "type": "Feature", "properties": { "CODI_PARADA": 3367, "NOM_PARADA": "Porto - Pl de l'Estatut", "MARQUESINA": null, "PAL": 1.0, "PAL SOLAR": null, "PIU": null, "GEOMETRY": "POINT (2.157149380106303 41.42970690034442)", "Type": "Bus Stop", "Evaluation": "No PID" }, "geometry": { "type": "Point", "coordinates": [ 2.157149380106303, 41.429706900344421 ] } },
{ "type": "Feature", "properties": { "CODI_PARADA": 3368, "NOM_PARADA": "Av l'Estatut de Catalunya - Campoamor", "MARQUESINA": null, "PAL": 1.0, "PAL SOLAR": null, "PIU": null, "GEOMETRY": "POINT (2.153536615391327 41.43512024902606)", "Type": "Bus Stop", "Evaluation": "No PID" }, "geometry": { "type": "Point", "coordinates": [ 2.153536615391327, 41.435120249026063 ] } },
{ "type": "Feature", "properties": { "CODI_PARADA": 3369, "NOM_PARADA": "Sant Antoni Maria Claret - Sardenya", "MARQUESINA": 1.0, "PAL": null, "PAL SOLAR": null, "PIU": 1.0, "GEOMETRY": "POINT (2.1681561979539787 41.40662221170873)", "Type": "Bus Stop", "Evaluation": "Has PID" }, "geometry": { "type": "Point", "coordinates": [ 2.168156197953979, 41.406622211708729 ] } },
{ "type": "Feature", "properties": { "CODI_PARADA": 3370, "NOM_PARADA": "Marina - Diagonal", "MARQUESINA": 1.0, "PAL": null, "PAL SOLAR": null, "PIU": 1.0, "GEOMETRY": "POINT (2.178132659013669 41.40174173773442)", "Type": "Bus Stop", "Evaluation": "Has PID" }, "geometry": { "type": "Point", "coordinates": [ 2.178132659013669, 41.401741737734419 ] } },
{ "type": "Feature", "properties": { "CODI_PARADA": 3371, "NOM_PARADA": "Badajoz - Diagonal", "MARQUESINA": null, "PAL": null, "PAL SOLAR": 1.0, "PIU": 1.0, "GEOMETRY": "POINT (2.189593386507206 41.40313768915645)", "Type": "Bus Stop", "Evaluation": "Has PID" }, "geometry": { "type": "Point", "coordinates": [ 2.189593386507206, 41.403137689156452 ] } },
{ "type": "Feature", "properties": { "CODI_PARADA": 3372, "NOM_PARADA": "Edifici Cargoparc", "MARQUESINA": null, "PAL": 1.0, "PAL SOLAR": null, "PIU": null, "GEOMETRY": "POINT (2.0643588071018644 41.30099237245562)", "Type": "Bus Stop", "Evaluation": "No PID" }, "geometry": { "type": "Point", "coordinates": [ 2.064358807101864, 41.300992372455617 ] } },
{ "type": "Feature", "properties": { "CODI_PARADA": 3373, "NOM_PARADA": "Pablo Iglesias - Salvador Espriu", "MARQUESINA": null, "PAL": 1.0, "PAL SOLAR": null, "PIU": null, "GEOMETRY": "POINT (2.1307523172730085 41.34867240018353)", "Type": "Bus Stop", "Evaluation": "No PID" }, "geometry": { "type": "Point", "coordinates": [ 2.130752317273009, 41.348672400183531 ] } },
{ "type": "Feature", "properties": { "CODI_PARADA": 3374, "NOM_PARADA": "Av Joan Carles I - Botànica", "MARQUESINA": null, "PAL": 1.0, "PAL SOLAR": null, "PIU": null, "GEOMETRY": "POINT (2.131425601162137 41.350908371185234)", "Type": "Bus Stop", "Evaluation": "No PID" }, "geometry": { "type": "Point", "coordinates": [ 2.131425601162137, 41.350908371185234 ] } },
{ "type": "Feature", "properties": { "CODI_PARADA": 3375, "NOM_PARADA": "Plaça Constitució", "MARQUESINA": 1.0, "PAL": null, "PAL SOLAR": null, "PIU": 1.0, "GEOMETRY": "POINT (2.1020955088044877 41.32415548788582)", "Type": "Bus Stop", "Evaluation": "Has PID" }, "geometry": { "type": "Point", "coordinates": [ 2.102095508804488, 41.324155487885818 ] } },
{ "type": "Feature", "properties": { "CODI_PARADA": 3376, "NOM_PARADA": "Ctra Marina - Av Onze de Setembre", "MARQUESINA": 1.0, "PAL": null, "PAL SOLAR": null, "PIU": null, "GEOMETRY": "POINT (2.1034572787271455 41.32260793010029)", "Type": "Bus Stop", "Evaluation": "No PID" }, "geometry": { "type": "Point", "coordinates": [ 2.103457278727145, 41.32260793010029 ] } },
{ "type": "Feature", "properties": { "CODI_PARADA": 3377, "NOM_PARADA": "Eduard Toldrà - Ardena", "MARQUESINA": null, "PAL": 1.0, "PAL SOLAR": null, "PIU": null, "GEOMETRY": "POINT (2.1058688479937837 41.38853548461224)", "Type": "Bus Stop", "Evaluation": "No PID" }, "geometry": { "type": "Point", "coordinates": [ 2.105868847993784, 41.388535484612241 ] } },
{ "type": "Feature", "properties": { "CODI_PARADA": 3378, "NOM_PARADA": "Sepúlveda - Muntaner", "MARQUESINA": 1.0, "PAL": null, "PAL SOLAR": null, "PIU": 1.0, "GEOMETRY": "POINT (2.1626835961327306 41.383412017637156)", "Type": "Bus Stop", "Evaluation": "Has PID" }, "geometry": { "type": "Point", "coordinates": [ 2.162683596132731, 41.383412017637156 ] } },
{ "type": "Feature", "properties": { "CODI_PARADA": 3381, "NOM_PARADA": "Costa i Cuxart - Felip II", "MARQUESINA": 1.0, "PAL": null, "PAL SOLAR": null, "PIU": null, "GEOMETRY": "POINT (2.1760956487025047 41.42812808621626)", "Type": "Bus Stop", "Evaluation": "No PID" }, "geometry": { "type": "Point", "coordinates": [ 2.176095648702505, 41.428128086216262 ] } },
{ "type": "Feature", "properties": { "CODI_PARADA": 3382, "NOM_PARADA": "Espronceda - Ramon Turró", "MARQUESINA": 1.0, "PAL": null, "PAL SOLAR": null, "PIU": 1.0, "GEOMETRY": "POINT (2.2084127488825205 41.402397782516964)", "Type": "Bus Stop", "Evaluation": "Has PID" }, "geometry": { "type": "Point", "coordinates": [ 2.20841274888252, 41.402397782516964 ] } },
{ "type": "Feature", "properties": { "CODI_PARADA": 3383, "NOM_PARADA": "Bac de Roda - Pg Taulat", "MARQUESINA": null, "PAL": null, "PAL SOLAR": 1.0, "PIU": 1.0, "GEOMETRY": "POINT (2.209743071066398 41.40326189463366)", "Type": "Bus Stop", "Evaluation": "Has PID" }, "geometry": { "type": "Point", "coordinates": [ 2.209743071066398, 41.403261894633658 ] } },
{ "type": "Feature", "properties": { "CODI_PARADA": 3384, "NOM_PARADA": "Alfons XIII - Juan Valera", "MARQUESINA": null, "PAL": 1.0, "PAL SOLAR": null, "PIU": null, "GEOMETRY": "POINT (435389.04552 4587886.0883)", "Type": "Bus Stop", "Evaluation": "No PID" }, "geometry": { "type": "Point", "coordinates": [ 2.226587950861654, 41.439949194508991 ] } },
{ "type": "Feature", "properties": { "CODI_PARADA": 3385, "NOM_PARADA": "Sant Adrià - Pg de l'Havana", "MARQUESINA": 1.0, "PAL": null, "PAL SOLAR": null, "PIU": 1.0, "GEOMETRY": "POINT (2.1963449952065965 41.43558236966506)", "Type": "Bus Stop", "Evaluation": "Has PID" }, "geometry": { "type": "Point", "coordinates": [ 2.196344995206597, 41.435582369665063 ] } },
{ "type": "Feature", "properties": { "CODI_PARADA": 3386, "NOM_PARADA": "Av Cardenal Vidal i Barraquer - Pl Botticelli", "MARQUESINA": 1.0, "PAL": null, "PAL SOLAR": null, "PIU": null, "GEOMETRY": "POINT (2.1518286869378067 41.43276244802747)", "Type": "Bus Stop", "Evaluation": "No PID" }, "geometry": { "type": "Point", "coordinates": [ 2.151828686937807, 41.432762448027468 ] } },
{ "type": "Feature", "properties": { "CODI_PARADA": 3388, "NOM_PARADA": "Còrsega - Pg de Gràcia", "MARQUESINA": 1.0, "PAL": null, "PAL SOLAR": null, "PIU": 1.0, "GEOMETRY": "POINT (2.1600052974596657 41.3970992793113)", "Type": "Bus Stop", "Evaluation": "Has PID" }, "geometry": { "type": "Point", "coordinates": [ 2.160005297459666, 41.397099279311298 ] } },
{ "type": "Feature", "properties": { "CODI_PARADA": 3389, "NOM_PARADA": "Estació del Nord", "MARQUESINA": 1.0, "PAL": null, "PAL SOLAR": null, "PIU": null, "GEOMETRY": "POINT (2.1818170123878833 41.39436895509283)", "Type": "Bus Stop", "Evaluation": "No PID" }, "geometry": { "type": "Point", "coordinates": [ 2.181817012387883, 41.39436895509283 ] } },
{ "type": "Feature", "properties": { "CODI_PARADA": 3390, "NOM_PARADA": "Paral·lel - Floridablanca", "MARQUESINA": 1.0, "PAL": null, "PAL SOLAR": null, "PIU": null, "GEOMETRY": "POINT (2.154935965230564 41.375120280866916)", "Type": "Bus Stop", "Evaluation": "No PID" }, "geometry": { "type": "Point", "coordinates": [ 2.154935965230564, 41.375120280866916 ] } },
{ "type": "Feature", "properties": { "CODI_PARADA": 3391, "NOM_PARADA": "Pg Sant Joan - Consell de Cent", "MARQUESINA": 1.0, "PAL": null, "PAL SOLAR": null, "PIU": 1.0, "GEOMETRY": "POINT (2.172521703865627 41.39704213179421)", "Type": "Bus Stop", "Evaluation": "Has PID" }, "geometry": { "type": "Point", "coordinates": [ 2.172521703865627, 41.397042131794208 ] } },
{ "type": "Feature", "properties": { "CODI_PARADA": 3392, "NOM_PARADA": "Homer - Escipió", "MARQUESINA": null, "PAL": 1.0, "PAL SOLAR": null, "PIU": null, "GEOMETRY": "POINT (2.145065267690267 41.408002143857935)", "Type": "Bus Stop", "Evaluation": "No PID" }, "geometry": { "type": "Point", "coordinates": [ 2.145065267690267, 41.408002143857935 ] } },
{ "type": "Feature", "properties": { "CODI_PARADA": 3393, "NOM_PARADA": "Concili de Trento - Pl de la Pau", "MARQUESINA": null, "PAL": 1.0, "PAL SOLAR": null, "PIU": null, "GEOMETRY": "POINT (2.210836970286586 41.42219931725524)", "Type": "Bus Stop", "Evaluation": "No PID" }, "geometry": { "type": "Point", "coordinates": [ 2.210836970286586, 41.422199317255242 ] } },
{ "type": "Feature", "properties": { "CODI_PARADA": 3395, "NOM_PARADA": "Pg Isabel II - Pla de Palau", "MARQUESINA": 1.0, "PAL": null, "PAL SOLAR": null, "PIU": 1.0, "GEOMETRY": "POINT (2.183786759074323 41.38281597750345)", "Type": "Bus Stop", "Evaluation": "Has PID" }, "geometry": { "type": "Point", "coordinates": [ 2.183786759074323, 41.382815977503448 ] } },
{ "type": "Feature", "properties": { "CODI_PARADA": 3396, "NOM_PARADA": "Pla de Palau - Av Marquès de l'Argentera", "MARQUESINA": 1.0, "PAL": null, "PAL SOLAR": null, "PIU": 1.0, "GEOMETRY": "POINT (2.1838161919708767 41.38347211996592)", "Type": "Bus Stop", "Evaluation": "Has PID" }, "geometry": { "type": "Point", "coordinates": [ 2.183816191970877, 41.383472119965923 ] } },
{ "type": "Feature", "properties": { "CODI_PARADA": 3397, "NOM_PARADA": "Meridiana - Almogàvers", "MARQUESINA": 1.0, "PAL": null, "PAL SOLAR": null, "PIU": 1.0, "GEOMETRY": "POINT (2.186762153460693 41.39413743735434)", "Type": "Bus Stop", "Evaluation": "Has PID" }, "geometry": { "type": "Point", "coordinates": [ 2.186762153460693, 41.394137437354338 ] } },
{ "type": "Feature", "properties": { "CODI_PARADA": 3400, "NOM_PARADA": "Marina - Meridiana", "MARQUESINA": 1.0, "PAL": null, "PAL SOLAR": null, "PIU": null, "GEOMETRY": "POINT (2.1863024740244974 41.395370849278336)", "Type": "Bus Stop", "Evaluation": "No PID" }, "geometry": { "type": "Point", "coordinates": [ 2.186302474024497, 41.395370849278336 ] } },
{ "type": "Feature", "properties": { "CODI_PARADA": 3401, "NOM_PARADA": "Marina - Almogàvers", "MARQUESINA": 1.0, "PAL": null, "PAL SOLAR": null, "PIU": null, "GEOMETRY": "POINT (2.186181192273903 41.395203009832514)", "Type": "Bus Stop", "Evaluation": "No PID" }, "geometry": { "type": "Point", "coordinates": [ 2.186181192273903, 41.395203009832514 ] } },
{ "type": "Feature", "properties": { "CODI_PARADA": 3402, "NOM_PARADA": "Meridiana - Almassora", "MARQUESINA": null, "PAL": 1.0, "PAL SOLAR": null, "PIU": null, "GEOMETRY": "POINT (2.189205842356233 41.45202345990893)", "Type": "Bus Stop", "Evaluation": "No PID" }, "geometry": { "type": "Point", "coordinates": [ 2.189205842356233, 41.452023459908929 ] } },
{ "type": "Feature", "properties": { "CODI_PARADA": 3403, "NOM_PARADA": "Palau Reial - Pavellons Güell", "MARQUESINA": null, "PAL": null, "PAL SOLAR": 1.0, "PIU": null, "GEOMETRY": "POINT (2.1197169615737637 41.38940293396016)", "Type": "Bus Stop", "Evaluation": "No PID" }, "geometry": { "type": "Point", "coordinates": [ 2.119716961573764, 41.389402933960163 ] } },
{ "type": "Feature", "properties": { "CODI_PARADA": 3404, "NOM_PARADA": "Av dels Quinze - Serrano", "MARQUESINA": 1.0, "PAL": null, "PAL SOLAR": null, "PIU": 1.0, "GEOMETRY": "POINT (2.17428039729241 41.429171435841845)", "Type": "Bus Stop", "Evaluation": "Has PID" }, "geometry": { "type": "Point", "coordinates": [ 2.17428039729241, 41.429171435841845 ] } },
{ "type": "Feature", "properties": { "CODI_PARADA": 3405, "NOM_PARADA": "Irlanda", "MARQUESINA": 1.0, "PAL": null, "PAL SOLAR": null, "PIU": null, "GEOMETRY": "POINT (2.214587497021867 41.44868709294713)", "Type": "Bus Stop", "Evaluation": "No PID" }, "geometry": { "type": "Point", "coordinates": [ 2.214587497021867, 41.448687092947132 ] } },
{ "type": "Feature", "properties": { "CODI_PARADA": 3406, "NOM_PARADA": "Mercat Sagarra", "MARQUESINA": null, "PAL": 1.0, "PAL SOLAR": null, "PIU": null, "GEOMETRY": "POINT (2.211250771316786 41.45084987982731)", "Type": "Bus Stop", "Evaluation": "No PID" }, "geometry": { "type": "Point", "coordinates": [ 2.211250771316786, 41.45084987982731 ] } },
{ "type": "Feature", "properties": { "CODI_PARADA": 3407, "NOM_PARADA": "Alfons XIII - Juan Valera", "MARQUESINA": 1.0, "PAL": null, "PAL SOLAR": null, "PIU": null, "GEOMETRY": "POINT (2.2251670415777958 41.437692026524864)", "Type": "Bus Stop", "Evaluation": "No PID" }, "geometry": { "type": "Point", "coordinates": [ 2.225167041577796, 41.437692026524864 ] } },
{ "type": "Feature", "properties": { "CODI_PARADA": 3412, "NOM_PARADA": "Camí Font Freda - Girona", "MARQUESINA": null, "PAL": 1.0, "PAL SOLAR": null, "PIU": null, "GEOMETRY": "POINT (2.1887713079559172 41.49109010439141)", "Type": "Bus Stop", "Evaluation": "No PID" }, "geometry": { "type": "Point", "coordinates": [ 2.188771307955917, 41.491090104391411 ] } },
{ "type": "Feature", "properties": { "CODI_PARADA": 3413, "NOM_PARADA": "Provença - Larramendi", "MARQUESINA": null, "PAL": 1.0, "PAL SOLAR": null, "PIU": null, "GEOMETRY": "POINT (2.188804641626178 41.4795852109888)", "Type": "Bus Stop", "Evaluation": "No PID" }, "geometry": { "type": "Point", "coordinates": [ 2.188804641626178, 41.479585210988802 ] } },
{ "type": "Feature", "properties": { "CODI_PARADA": 3414, "NOM_PARADA": "Av de la Ribera - Larramendi", "MARQUESINA": null, "PAL": 1.0, "PAL SOLAR": null, "PIU": null, "GEOMETRY": "POINT (2.1899426494940157 41.48027979304208)", "Type": "Bus Stop", "Evaluation": "No PID" }, "geometry": { "type": "Point", "coordinates": [ 2.189942649494016, 41.480279793042079 ] } },
{ "type": "Feature", "properties": { "CODI_PARADA": 3417, "NOM_PARADA": "Ronda Sant Pau - Carrer de les Flors", "MARQUESINA": 1.0, "PAL": null, "PAL SOLAR": null, "PIU": null, "GEOMETRY": "POINT (2.1672126448125124 41.37569002848572)", "Type": "Bus Stop", "Evaluation": "No PID" }, "geometry": { "type": "Point", "coordinates": [ 2.167212644812512, 41.375690028485721 ] } },
{ "type": "Feature", "properties": { "CODI_PARADA": 3418, "NOM_PARADA": "Ronda Sant Pau - Paral·lel", "MARQUESINA": 1.0, "PAL": null, "PAL SOLAR": null, "PIU": null, "GEOMETRY": "POINT (2.1674891590841283 41.375487284296995)", "Type": "Bus Stop", "Evaluation": "No PID" }, "geometry": { "type": "Point", "coordinates": [ 2.167489159084128, 41.375487284296995 ] } },
{ "type": "Feature", "properties": { "CODI_PARADA": 3420, "NOM_PARADA": "Sant Adrià - Biosca", "MARQUESINA": 1.0, "PAL": null, "PAL SOLAR": null, "PIU": null, "GEOMETRY": "POINT (2.207073139969242 41.436512414529076)", "Type": "Bus Stop", "Evaluation": "No PID" }, "geometry": { "type": "Point", "coordinates": [ 2.207073139969242, 41.436512414529076 ] } },
{ "type": "Feature", "properties": { "CODI_PARADA": 3421, "NOM_PARADA": "Química - Av Ferreria", "MARQUESINA": null, "PAL": 1.0, "PAL SOLAR": null, "PIU": null, "GEOMETRY": "POINT (2.176645409042068 41.485726256257465)", "Type": "Bus Stop", "Evaluation": "No PID" }, "geometry": { "type": "Point", "coordinates": [ 2.176645409042068, 41.485726256257465 ] } },
{ "type": "Feature", "properties": { "CODI_PARADA": 3422, "NOM_PARADA": "Vallespir - Pl del Centre", "MARQUESINA": null, "PAL": 1.0, "PAL SOLAR": null, "PIU": null, "GEOMETRY": "POINT (2.1352957257414387 41.38197712075206)", "Type": "Bus Stop", "Evaluation": "No PID" }, "geometry": { "type": "Point", "coordinates": [ 2.135295725741439, 41.381977120752062 ] } },
{ "type": "Feature", "properties": { "CODI_PARADA": 3423, "NOM_PARADA": "Av Rio de Janeiro - Cementiri de Sant Andreu", "MARQUESINA": 1.0, "PAL": null, "PAL SOLAR": null, "PIU": null, "GEOMETRY": "POINT (2.1805172212076465 41.436821162476896)", "Type": "Bus Stop", "Evaluation": "No PID" }, "geometry": { "type": "Point", "coordinates": [ 2.180517221207646, 41.436821162476896 ] } },
{ "type": "Feature", "properties": { "CODI_PARADA": 3424, "NOM_PARADA": "Muntaner - Bisbe Sivilla", "MARQUESINA": 1.0, "PAL": null, "PAL SOLAR": null, "PIU": 1.0, "GEOMETRY": "POINT (2.135983584310985 41.40446267056254)", "Type": "Bus Stop", "Evaluation": "Has PID" }, "geometry": { "type": "Point", "coordinates": [ 2.135983584310985, 41.404462670562538 ] } },
{ "type": "Feature", "properties": { "CODI_PARADA": 3426, "NOM_PARADA": "Viladomat - Mallorca", "MARQUESINA": 1.0, "PAL": null, "PAL SOLAR": null, "PIU": 1.0, "GEOMETRY": "POINT (2.149748816598731 41.38529166555918)", "Type": "Bus Stop", "Evaluation": "Has PID" }, "geometry": { "type": "Point", "coordinates": [ 2.149748816598731, 41.38529166555918 ] } },
{ "type": "Feature", "properties": { "CODI_PARADA": 3428, "NOM_PARADA": "Major - Riera d'en Nofre", "MARQUESINA": null, "PAL": null, "PAL SOLAR": 1.0, "PIU": 1.0, "GEOMETRY": "POINT (2.052875045963498 41.36885752672513)", "Type": "Bus Stop", "Evaluation": "Has PID" }, "geometry": { "type": "Point", "coordinates": [ 2.052875045963498, 41.36885752672513 ] } },
{ "type": "Feature", "properties": { "CODI_PARADA": 3429, "NOM_PARADA": "Major - Benzinera", "MARQUESINA": null, "PAL": 1.0, "PAL SOLAR": null, "PIU": null, "GEOMETRY": "POINT (2.0504121364671546 41.37059020693232)", "Type": "Bus Stop", "Evaluation": "No PID" }, "geometry": { "type": "Point", "coordinates": [ 2.050412136467155, 41.37059020693232 ] } },
{ "type": "Feature", "properties": { "CODI_PARADA": 3430, "NOM_PARADA": "Major - Onze de Setembre", "MARQUESINA": null, "PAL": null, "PAL SOLAR": 1.0, "PIU": 1.0, "GEOMETRY": "POINT (2.046264100849059 41.374443527726285)", "Type": "Bus Stop", "Evaluation": "Has PID" }, "geometry": { "type": "Point", "coordinates": [ 2.046264100849059, 41.374443527726285 ] } },
{ "type": "Feature", "properties": { "CODI_PARADA": 3431, "NOM_PARADA": "Onze de Setembre - Pg del Canal", "MARQUESINA": 1.0, "PAL": null, "PAL SOLAR": null, "PIU": null, "GEOMETRY": "POINT (2.047576790698338 41.37600694963318)", "Type": "Bus Stop", "Evaluation": "No PID" }, "geometry": { "type": "Point", "coordinates": [ 2.047576790698338, 41.376006949633179 ] } },
{ "type": "Feature", "properties": { "CODI_PARADA": 3432, "NOM_PARADA": "Major - Onze de Setembre", "MARQUESINA": null, "PAL": null, "PAL SOLAR": 1.0, "PIU": 1.0, "GEOMETRY": "POINT (2.0461713089257847 41.374375205821686)", "Type": "Bus Stop", "Evaluation": "Has PID" }, "geometry": { "type": "Point", "coordinates": [ 2.046171308925785, 41.374375205821686 ] } },
{ "type": "Feature", "properties": { "CODI_PARADA": 3433, "NOM_PARADA": "Major - Benzinera", "MARQUESINA": null, "PAL": 1.0, "PAL SOLAR": null, "PIU": null, "GEOMETRY": "POINT (2.0503163081808777 41.370569142001116)", "Type": "Bus Stop", "Evaluation": "No PID" }, "geometry": { "type": "Point", "coordinates": [ 2.050316308180878, 41.370569142001116 ] } },
{ "type": "Feature", "properties": { "CODI_PARADA": 3434, "NOM_PARADA": "Major - Creu d'en Muntaner", "MARQUESINA": null, "PAL": null, "PAL SOLAR": 1.0, "PIU": 1.0, "GEOMETRY": "POINT (2.052853763503889 41.36875483508606)", "Type": "Bus Stop", "Evaluation": "Has PID" }, "geometry": { "type": "Point", "coordinates": [ 2.052853763503889, 41.368754835086058 ] } },
{ "type": "Feature", "properties": { "CODI_PARADA": 3435, "NOM_PARADA": "Metro Sant Ildefons", "MARQUESINA": 1.0, "PAL": null, "PAL SOLAR": null, "PIU": null, "GEOMETRY": "POINT (2.083661989160361 41.36359361371682)", "Type": "Bus Stop", "Evaluation": "No PID" }, "geometry": { "type": "Point", "coordinates": [ 2.083661989160361, 41.363593613716823 ] } },
{ "type": "Feature", "properties": { "CODI_PARADA": 3436, "NOM_PARADA": "Av Cardenal Vidal i Barraquer - Berruguete", "MARQUESINA": 1.0, "PAL": null, "PAL SOLAR": null, "PIU": null, "GEOMETRY": "POINT (2.1515726992573665 41.43276495149191)", "Type": "Bus Stop", "Evaluation": "No PID" }, "geometry": { "type": "Point", "coordinates": [ 2.151572699257366, 41.432764951491912 ] } },
{ "type": "Feature", "properties": { "CODI_PARADA": 3438, "NOM_PARADA": "Manso - Rocafort", "MARQUESINA": 1.0, "PAL": null, "PAL SOLAR": null, "PIU": 1.0, "GEOMETRY": "POINT (2.1592647635137086 41.375744177010375)", "Type": "Bus Stop", "Evaluation": "Has PID" }, "geometry": { "type": "Point", "coordinates": [ 2.159264763513709, 41.375744177010375 ] } },
{ "type": "Feature", "properties": { "CODI_PARADA": 3440, "NOM_PARADA": "Les Corts", "MARQUESINA": null, "PAL": null, "PAL SOLAR": 1.0, "PIU": null, "GEOMETRY": "POINT (2.130462043058168 41.38883007347834)", "Type": "Bus Stop", "Evaluation": "No PID" }, "geometry": { "type": "Point", "coordinates": [ 2.130462043058168, 41.388830073478339 ] } },
{ "type": "Feature", "properties": { "CODI_PARADA": 3441, "NOM_PARADA": "Escola Bernat Metge", "MARQUESINA": null, "PAL": 1.0, "PAL SOLAR": null, "PIU": null, "GEOMETRY": "POINT (2.095753803203101 41.322427677936055)", "Type": "Bus Stop", "Evaluation": "No PID" }, "geometry": { "type": "Point", "coordinates": [ 2.095753803203101, 41.322427677936055 ] } },
{ "type": "Feature", "properties": { "CODI_PARADA": 3442, "NOM_PARADA": "Metro Parc Logístic", "MARQUESINA": null, "PAL": 1.0, "PAL SOLAR": null, "PIU": null, "GEOMETRY": "POINT (2.1277584517188646 41.34142909376868)", "Type": "Bus Stop", "Evaluation": "No PID" }, "geometry": { "type": "Point", "coordinates": [ 2.127758451718865, 41.341429093768681 ] } },
{ "type": "Feature", "properties": { "CODI_PARADA": 3443, "NOM_PARADA": "Gombau - Jaume Giralt", "MARQUESINA": null, "PAL": 1.0, "PAL SOLAR": null, "PIU": null, "GEOMETRY": "POINT (2.179343937438589 41.38718267138833)", "Type": "Bus Stop", "Evaluation": "No PID" }, "geometry": { "type": "Point", "coordinates": [ 2.179343937438589, 41.387182671388331 ] } },
{ "type": "Feature", "properties": { "CODI_PARADA": 3445, "NOM_PARADA": "Cementiri de l'Est - Carmen Amaya", "MARQUESINA": 1.0, "PAL": null, "PAL SOLAR": null, "PIU": null, "GEOMETRY": "POINT (2.201957263808719 41.3941361942339)", "Type": "Bus Stop", "Evaluation": "No PID" }, "geometry": { "type": "Point", "coordinates": [ 2.201957263808719, 41.394136194233901 ] } },
{ "type": "Feature", "properties": { "CODI_PARADA": 3446, "NOM_PARADA": "Av Pompeu Fabra - Ana María Matute", "MARQUESINA": null, "PAL": 1.0, "PAL SOLAR": null, "PIU": null, "GEOMETRY": "POINT (2.1585317824969246 41.41446575780107)", "Type": "Bus Stop", "Evaluation": "No PID" }, "geometry": { "type": "Point", "coordinates": [ 2.158531782496925, 41.414465757801068 ] } },
{ "type": "Feature", "properties": { "CODI_PARADA": 3447, "NOM_PARADA": "Riera Can Toda - Antequera", "MARQUESINA": null, "PAL": 1.0, "PAL SOLAR": null, "PIU": null, "GEOMETRY": "POINT (2.157728408914357 41.41399252367734)", "Type": "Bus Stop", "Evaluation": "No PID" }, "geometry": { "type": "Point", "coordinates": [ 2.157728408914357, 41.413992523677337 ] } },
{ "type": "Feature", "properties": { "CODI_PARADA": 3448, "NOM_PARADA": "Riera Can Toda - Miquel i Badia", "MARQUESINA": null, "PAL": 1.0, "PAL SOLAR": null, "PIU": null, "GEOMETRY": "POINT (2.15874265116962 41.41309764975491)", "Type": "Bus Stop", "Evaluation": "No PID" }, "geometry": { "type": "Point", "coordinates": [ 2.15874265116962, 41.41309764975491 ] } },
{ "type": "Feature", "properties": { "CODI_PARADA": 3452, "NOM_PARADA": "Pg Sant Gervasi - Balmes", "MARQUESINA": null, "PAL": 1.0, "PAL SOLAR": null, "PIU": null, "GEOMETRY": "POINT (2.136229031148909 41.4099526160567)", "Type": "Bus Stop", "Evaluation": "No PID" }, "geometry": { "type": "Point", "coordinates": [ 2.136229031148909, 41.4099526160567 ] } },
{ "type": "Feature", "properties": { "CODI_PARADA": 3453, "NOM_PARADA": "Av Tibidabo - La Rotonda", "MARQUESINA": 1.0, "PAL": null, "PAL SOLAR": null, "PIU": null, "GEOMETRY": "POINT (2.136587850243138 41.41096625319931)", "Type": "Bus Stop", "Evaluation": "No PID" }, "geometry": { "type": "Point", "coordinates": [ 2.136587850243138, 41.410966253199312 ] } },
{ "type": "Feature", "properties": { "CODI_PARADA": 3454, "NOM_PARADA": "Bilbao - Perú", "MARQUESINA": null, "PAL": 1.0, "PAL SOLAR": null, "PIU": null, "GEOMETRY": "POINT (2.196605653839188 41.40790574657253)", "Type": "Bus Stop", "Evaluation": "No PID" }, "geometry": { "type": "Point", "coordinates": [ 2.196605653839188, 41.407905746572531 ] } },
{ "type": "Feature", "properties": { "CODI_PARADA": 3460, "NOM_PARADA": "Castelldefels - Llerona", "MARQUESINA": 1.0, "PAL": null, "PAL SOLAR": null, "PIU": null, "GEOMETRY": "POINT (2.1816182793386045 41.4597131883558)", "Type": "Bus Stop", "Evaluation": "No PID" }, "geometry": { "type": "Point", "coordinates": [ 2.181618279338605, 41.459713188355799 ] } },
{ "type": "Feature", "properties": { "CODI_PARADA": 3461, "NOM_PARADA": "Pl d'Amalvígia", "MARQUESINA": 1.0, "PAL": null, "PAL SOLAR": null, "PIU": null, "GEOMETRY": "POINT (2.1064790478509225 41.35361107649428)", "Type": "Bus Stop", "Evaluation": "No PID" }, "geometry": { "type": "Point", "coordinates": [ 2.106479047850923, 41.353611076494282 ] } },
{ "type": "Feature", "properties": { "CODI_PARADA": 3462, "NOM_PARADA": "Rambla Marina - Av Carrilet", "MARQUESINA": 1.0, "PAL": null, "PAL SOLAR": null, "PIU": null, "GEOMETRY": "POINT (2.1033475558551777 41.35772487210691)", "Type": "Bus Stop", "Evaluation": "No PID" }, "geometry": { "type": "Point", "coordinates": [ 2.103347555855178, 41.357724872106907 ] } },
{ "type": "Feature", "properties": { "CODI_PARADA": 3464, "NOM_PARADA": "Av Ferreria - Física", "MARQUESINA": null, "PAL": 1.0, "PAL SOLAR": null, "PIU": null, "GEOMETRY": "POINT (2.174025618966723 41.485813391919066)", "Type": "Bus Stop", "Evaluation": "No PID" }, "geometry": { "type": "Point", "coordinates": [ 2.174025618966723, 41.485813391919066 ] } },
{ "type": "Feature", "properties": { "CODI_PARADA": 3467, "NOM_PARADA": "Pallars - Bac de Roda", "MARQUESINA": null, "PAL": 1.0, "PAL SOLAR": null, "PIU": null, "GEOMETRY": "POINT (2.205572850677512 41.406945113957605)", "Type": "Bus Stop", "Evaluation": "No PID" }, "geometry": { "type": "Point", "coordinates": [ 2.205572850677512, 41.406945113957605 ] } },
{ "type": "Feature", "properties": { "CODI_PARADA": 3469, "NOM_PARADA": "Tànger - Llacuna", "MARQUESINA": null, "PAL": 1.0, "PAL SOLAR": null, "PIU": null, "GEOMETRY": "POINT (2.194463884539306 41.40382034521508)", "Type": "Bus Stop", "Evaluation": "No PID" }, "geometry": { "type": "Point", "coordinates": [ 2.194463884539306, 41.403820345215081 ] } },
{ "type": "Feature", "properties": { "CODI_PARADA": 3471, "NOM_PARADA": "Ctra de Vallvidrera - Camí de l'Observatori", "MARQUESINA": null, "PAL": 1.0, "PAL SOLAR": null, "PIU": null, "GEOMETRY": "POINT (2.1196845741661807 41.41973050204396)", "Type": "Bus Stop", "Evaluation": "No PID" }, "geometry": { "type": "Point", "coordinates": [ 2.119684574166181, 41.419730502043961 ] } },
{ "type": "Feature", "properties": { "CODI_PARADA": 3473, "NOM_PARADA": "Metro Collblanc", "MARQUESINA": null, "PAL": null, "PAL SOLAR": 1.0, "PIU": 1.0, "GEOMETRY": "POINT (2.1185103912219088 41.37570234320443)", "Type": "Bus Stop", "Evaluation": "Has PID" }, "geometry": { "type": "Point", "coordinates": [ 2.118510391221909, 41.375702343204431 ] } },
{ "type": "Feature", "properties": { "CODI_PARADA": 3474, "NOM_PARADA": "Av Tibidabo - Pg Sant Gervasi", "MARQUESINA": 1.0, "PAL": null, "PAL SOLAR": null, "PIU": 1.0, "GEOMETRY": "POINT (2.136529033600698 41.410758877792695)", "Type": "Bus Stop", "Evaluation": "Has PID" }, "geometry": { "type": "Point", "coordinates": [ 2.136529033600698, 41.410758877792695 ] } },
{ "type": "Feature", "properties": { "CODI_PARADA": 3475, "NOM_PARADA": "Marià Lavèrnia", "MARQUESINA": null, "PAL": 1.0, "PAL SOLAR": null, "PIU": null, "GEOMETRY": "POINT (2.163753223526634 41.419488389742675)", "Type": "Bus Stop", "Evaluation": "No PID" }, "geometry": { "type": "Point", "coordinates": [ 2.163753223526634, 41.419488389742675 ] } },
{ "type": "Feature", "properties": { "CODI_PARADA": 3476, "NOM_PARADA": "IES Narcís Monturiol", "MARQUESINA": 1.0, "PAL": null, "PAL SOLAR": null, "PIU": 1.0, "GEOMETRY": "POINT (2.1454006492279314 41.43206658746147)", "Type": "Bus Stop", "Evaluation": "Has PID" }, "geometry": { "type": "Point", "coordinates": [ 2.145400649227931, 41.43206658746147 ] } },
{ "type": "Feature", "properties": { "CODI_PARADA": 3479, "NOM_PARADA": "UPC - Campus Diagonal Besòs", "MARQUESINA": null, "PAL": 1.0, "PAL SOLAR": null, "PIU": null, "GEOMETRY": "POINT (2.2202048759099675 41.41244949518035)", "Type": "Bus Stop", "Evaluation": "No PID" }, "geometry": { "type": "Point", "coordinates": [ 2.220204875909968, 41.412449495180347 ] } },
{ "type": "Feature", "properties": { "CODI_PARADA": 3480, "NOM_PARADA": "Tànger - Badajoz", "MARQUESINA": 1.0, "PAL": null, "PAL SOLAR": null, "PIU": 1.0, "GEOMETRY": "POINT (2.1912429454752993 41.40141379813877)", "Type": "Bus Stop", "Evaluation": "Has PID" }, "geometry": { "type": "Point", "coordinates": [ 2.191242945475299, 41.401413798138769 ] } },
{ "type": "Feature", "properties": { "CODI_PARADA": 3482, "NOM_PARADA": "Panorama - Marià Lavèrnia", "MARQUESINA": null, "PAL": 1.0, "PAL SOLAR": null, "PIU": null, "GEOMETRY": "POINT (2.1650073956162603 41.41918257274539)", "Type": "Bus Stop", "Evaluation": "No PID" }, "geometry": { "type": "Point", "coordinates": [ 2.16500739561626, 41.419182572745392 ] } },
{ "type": "Feature", "properties": { "CODI_PARADA": 3483, "NOM_PARADA": "Vall d'Ordesa - Institut Josep Pla", "MARQUESINA": null, "PAL": 1.0, "PAL SOLAR": null, "PIU": null, "GEOMETRY": "POINT (2.1642796501469252 41.43158330501293)", "Type": "Bus Stop", "Evaluation": "No PID" }, "geometry": { "type": "Point", "coordinates": [ 2.164279650146925, 41.431583305012929 ] } },
{ "type": "Feature", "properties": { "CODI_PARADA": 3484, "NOM_PARADA": "Vall d'Ordesa - Canfranc", "MARQUESINA": null, "PAL": 1.0, "PAL SOLAR": null, "PIU": null, "GEOMETRY": "POINT (2.1665226385611245 41.431043613575746)", "Type": "Bus Stop", "Evaluation": "No PID" }, "geometry": { "type": "Point", "coordinates": [ 2.166522638561124, 41.431043613575746 ] } },
{ "type": "Feature", "properties": { "CODI_PARADA": 3485, "NOM_PARADA": "Escola Bernat Metge", "MARQUESINA": null, "PAL": null, "PAL SOLAR": 1.0, "PIU": 1.0, "GEOMETRY": "POINT (2.096573175840251 41.32264561168838)", "Type": "Bus Stop", "Evaluation": "Has PID" }, "geometry": { "type": "Point", "coordinates": [ 2.096573175840251, 41.32264561168838 ] } },
{ "type": "Feature", "properties": { "CODI_PARADA": 3486, "NOM_PARADA": "Escola Jacint Verdaguer", "MARQUESINA": null, "PAL": 1.0, "PAL SOLAR": null, "PIU": null, "GEOMETRY": "POINT (2.0985796432906865 41.32345497346708)", "Type": "Bus Stop", "Evaluation": "No PID" }, "geometry": { "type": "Point", "coordinates": [ 2.098579643290686, 41.323454973467079 ] } },
{ "type": "Feature", "properties": { "CODI_PARADA": 3487, "NOM_PARADA": "Escola Jacint Verdaguer", "MARQUESINA": 1.0, "PAL": null, "PAL SOLAR": null, "PIU": 1.0, "GEOMETRY": "POINT (2.0986316513899093 41.3235924577497)", "Type": "Bus Stop", "Evaluation": "Has PID" }, "geometry": { "type": "Point", "coordinates": [ 2.098631651389909, 41.323592457749697 ] } },
{ "type": "Feature", "properties": { "CODI_PARADA": 3488, "NOM_PARADA": "Plaça Roigé i Badia", "MARQUESINA": 1.0, "PAL": null, "PAL SOLAR": null, "PIU": 1.0, "GEOMETRY": "POINT (2.098556322894963 41.32940196995363)", "Type": "Bus Stop", "Evaluation": "Has PID" }, "geometry": { "type": "Point", "coordinates": [ 2.098556322894963, 41.329401969953629 ] } },
{ "type": "Feature", "properties": { "CODI_PARADA": 3489, "NOM_PARADA": "Institut Illa dels Banyols", "MARQUESINA": null, "PAL": 1.0, "PAL SOLAR": null, "PIU": null, "GEOMETRY": "POINT (2.1020832102159455 41.331098178095615)", "Type": "Bus Stop", "Evaluation": "No PID" }, "geometry": { "type": "Point", "coordinates": [ 2.102083210215945, 41.331098178095615 ] } },
{ "type": "Feature", "properties": { "CODI_PARADA": 3490, "NOM_PARADA": "Les Moreres - Ignasi Iglésias", "MARQUESINA": 1.0, "PAL": null, "PAL SOLAR": null, "PIU": null, "GEOMETRY": "POINT (2.1001863259494287 41.333001938471845)", "Type": "Bus Stop", "Evaluation": "No PID" }, "geometry": { "type": "Point", "coordinates": [ 2.100186325949429, 41.333001938471845 ] } },
{ "type": "Feature", "properties": { "CODI_PARADA": 3491, "NOM_PARADA": "Les Moreres - Ignasi Iglésias", "MARQUESINA": null, "PAL": 1.0, "PAL SOLAR": null, "PIU": null, "GEOMETRY": "POINT (2.1001825421264173 41.332881172241315)", "Type": "Bus Stop", "Evaluation": "No PID" }, "geometry": { "type": "Point", "coordinates": [ 2.100182542126417, 41.332881172241315 ] } },
{ "type": "Feature", "properties": { "CODI_PARADA": 3492, "NOM_PARADA": "Escola Ramon Llull", "MARQUESINA": null, "PAL": null, "PAL SOLAR": 1.0, "PIU": 1.0, "GEOMETRY": "POINT (2.089114215289357 41.32228048027323)", "Type": "Bus Stop", "Evaluation": "Has PID" }, "geometry": { "type": "Point", "coordinates": [ 2.089114215289357, 41.322280480273228 ] } },
{ "type": "Feature", "properties": { "CODI_PARADA": 3493, "NOM_PARADA": "Escola Ramon Llull", "MARQUESINA": null, "PAL": null, "PAL SOLAR": 1.0, "PIU": null, "GEOMETRY": "POINT (2.08870284968033 41.32253154659591)", "Type": "Bus Stop", "Evaluation": "No PID" }, "geometry": { "type": "Point", "coordinates": [ 2.08870284968033, 41.322531546595911 ] } },
{ "type": "Feature", "properties": { "CODI_PARADA": 3500, "NOM_PARADA": "Av Sivatte - Vallbona", "MARQUESINA": null, "PAL": 1.0, "PAL SOLAR": null, "PIU": null, "GEOMETRY": "POINT (2.1788255038829205 41.46626022612073)", "Type": "Bus Stop", "Evaluation": "No PID" }, "geometry": { "type": "Point", "coordinates": [ 2.178825503882921, 41.466260226120731 ] } },
{ "type": "Feature", "properties": { "CODI_PARADA": 3501, "NOM_PARADA": "Castelldefels - Av Vallbona", "MARQUESINA": null, "PAL": 1.0, "PAL SOLAR": null, "PIU": null, "GEOMETRY": "POINT (2.1817143843669045 41.45967649415739)", "Type": "Bus Stop", "Evaluation": "No PID" }, "geometry": { "type": "Point", "coordinates": [ 2.181714384366904, 41.459676494157392 ] } },
{ "type": "Feature", "properties": { "CODI_PARADA": 3503, "NOM_PARADA": "Lleida - Av Remolar", "MARQUESINA": 1.0, "PAL": null, "PAL SOLAR": null, "PIU": 1.0, "GEOMETRY": "POINT (2.0906375761551836 41.320535195548224)", "Type": "Bus Stop", "Evaluation": "Has PID" }, "geometry": { "type": "Point", "coordinates": [ 2.090637576155184, 41.320535195548224 ] } },
{ "type": "Feature", "properties": { "CODI_PARADA": 3505, "NOM_PARADA": "Via Trajana - Rambla Prim", "MARQUESINA": null, "PAL": 1.0, "PAL SOLAR": null, "PIU": null, "GEOMETRY": "POINT (2.1986378729933307 41.428576734939206)", "Type": "Bus Stop", "Evaluation": "No PID" }, "geometry": { "type": "Point", "coordinates": [ 2.198637872993331, 41.428576734939206 ] } },
{ "type": "Feature", "properties": { "CODI_PARADA": 3508, "NOM_PARADA": "Santander - Pont del Treball Digne", "MARQUESINA": 1.0, "PAL": null, "PAL SOLAR": null, "PIU": null, "GEOMETRY": "POINT (2.19672320267483 41.42279035577473)", "Type": "Bus Stop", "Evaluation": "No PID" }, "geometry": { "type": "Point", "coordinates": [ 2.19672320267483, 41.42279035577473 ] } },
{ "type": "Feature", "properties": { "CODI_PARADA": 3509, "NOM_PARADA": "Marina - Llull", "MARQUESINA": 1.0, "PAL": null, "PAL SOLAR": null, "PIU": 1.0, "GEOMETRY": "POINT (2.189837268119159 41.392709982778406)", "Type": "Bus Stop", "Evaluation": "Has PID" }, "geometry": { "type": "Point", "coordinates": [ 2.189837268119159, 41.392709982778406 ] } },
{ "type": "Feature", "properties": { "CODI_PARADA": 3510, "NOM_PARADA": "Marina - Pujades", "MARQUESINA": 1.0, "PAL": null, "PAL SOLAR": null, "PIU": null, "GEOMETRY": "POINT (2.1895348108180985 41.39265313120771)", "Type": "Bus Stop", "Evaluation": "No PID" }, "geometry": { "type": "Point", "coordinates": [ 2.189534810818099, 41.392653131207709 ] } },
{ "type": "Feature", "properties": { "CODI_PARADA": 3514, "NOM_PARADA": "Artesania - Via Favència", "MARQUESINA": null, "PAL": 1.0, "PAL SOLAR": null, "PIU": null, "GEOMETRY": "POINT (2.1719911151587845 41.4430939501932)", "Type": "Bus Stop", "Evaluation": "No PID" }, "geometry": { "type": "Point", "coordinates": [ 2.171991115158785, 41.443093950193202 ] } },
{ "type": "Feature", "properties": { "CODI_PARADA": 3515, "NOM_PARADA": "Rda Guineueta Vella - Antonio Machado", "MARQUESINA": 1.0, "PAL": null, "PAL SOLAR": null, "PIU": null, "GEOMETRY": "POINT (2.1697467331969107 41.4439525223714)", "Type": "Bus Stop", "Evaluation": "No PID" }, "geometry": { "type": "Point", "coordinates": [ 2.169746733196911, 41.443952522371397 ] } },
{ "type": "Feature", "properties": { "CODI_PARADA": 3517, "NOM_PARADA": "Cisell - Mare de Déu de Port", "MARQUESINA": 1.0, "PAL": null, "PAL SOLAR": null, "PIU": null, "GEOMETRY": "POINT (2.145385257296571 41.35493122140217)", "Type": "Bus Stop", "Evaluation": "No PID" }, "geometry": { "type": "Point", "coordinates": [ 2.145385257296571, 41.354931221402168 ] } },
{ "type": "Feature", "properties": { "CODI_PARADA": 3518, "NOM_PARADA": "Mare de Déu de Port - L'Anoia", "MARQUESINA": 1.0, "PAL": null, "PAL SOLAR": null, "PIU": 1.0, "GEOMETRY": "POINT (2.1394472086741163 41.36405467269719)", "Type": "Bus Stop", "Evaluation": "Has PID" }, "geometry": { "type": "Point", "coordinates": [ 2.139447208674116, 41.364054672697193 ] } },
{ "type": "Feature", "properties": { "CODI_PARADA": 3519, "NOM_PARADA": "Mineria - Font Florida", "MARQUESINA": 1.0, "PAL": null, "PAL SOLAR": null, "PIU": 1.0, "GEOMETRY": "POINT (2.1398767526600615 41.36636052066537)", "Type": "Bus Stop", "Evaluation": "Has PID" }, "geometry": { "type": "Point", "coordinates": [ 2.139876752660061, 41.366360520665367 ] } },
{ "type": "Feature", "properties": { "CODI_PARADA": 3520, "NOM_PARADA": "Pl Sants", "MARQUESINA": 1.0, "PAL": null, "PAL SOLAR": null, "PIU": 1.0, "GEOMETRY": "POINT (2.1361524439563047 41.37570853051493)", "Type": "Bus Stop", "Evaluation": "Has PID" }, "geometry": { "type": "Point", "coordinates": [ 2.136152443956305, 41.375708530514927 ] } },
{ "type": "Feature", "properties": { "CODI_PARADA": 3521, "NOM_PARADA": "Comtes de Bell-lloc - Berlín", "MARQUESINA": null, "PAL": null, "PAL SOLAR": 1.0, "PIU": 1.0, "GEOMETRY": "POINT (2.136170205689929 41.38231596253807)", "Type": "Bus Stop", "Evaluation": "Has PID" }, "geometry": { "type": "Point", "coordinates": [ 2.136170205689929, 41.382315962538073 ] } },
{ "type": "Feature", "properties": { "CODI_PARADA": 3522, "NOM_PARADA": "Can Bruixa - Comtes de Bell-lloc", "MARQUESINA": 1.0, "PAL": null, "PAL SOLAR": null, "PIU": 1.0, "GEOMETRY": "POINT (2.134155870428625 41.384596312321676)", "Type": "Bus Stop", "Evaluation": "Has PID" }, "geometry": { "type": "Point", "coordinates": [ 2.134155870428625, 41.384596312321676 ] } },
{ "type": "Feature", "properties": { "CODI_PARADA": 3524, "NOM_PARADA": "Joan Güell - Travessera de les Corts", "MARQUESINA": 1.0, "PAL": null, "PAL SOLAR": null, "PIU": 1.0, "GEOMETRY": "POINT (2.1310243981452155 41.383664501715394)", "Type": "Bus Stop", "Evaluation": "Has PID" }, "geometry": { "type": "Point", "coordinates": [ 2.131024398145215, 41.383664501715394 ] } },
{ "type": "Feature", "properties": { "CODI_PARADA": 3525, "NOM_PARADA": "Joan Güell - Av Madrid", "MARQUESINA": 1.0, "PAL": null, "PAL SOLAR": null, "PIU": 1.0, "GEOMETRY": "POINT (2.132536943874188 41.38029911845859)", "Type": "Bus Stop", "Evaluation": "Has PID" }, "geometry": { "type": "Point", "coordinates": [ 2.132536943874188, 41.380299118458588 ] } },
{ "type": "Feature", "properties": { "CODI_PARADA": 3526, "NOM_PARADA": "Joan Güell - Cerdanyola", "MARQUESINA": null, "PAL": null, "PAL SOLAR": 1.0, "PIU": 1.0, "GEOMETRY": "POINT (2.133880757014211 41.37725585369171)", "Type": "Bus Stop", "Evaluation": "Has PID" }, "geometry": { "type": "Point", "coordinates": [ 2.133880757014211, 41.377255853691707 ] } },
{ "type": "Feature", "properties": { "CODI_PARADA": 3527, "NOM_PARADA": "Química - Gran Via", "MARQUESINA": 1.0, "PAL": null, "PAL SOLAR": null, "PIU": null, "GEOMETRY": "POINT (2.1383002364339094 41.36577864089586)", "Type": "Bus Stop", "Evaluation": "No PID" }, "geometry": { "type": "Point", "coordinates": [ 2.138300236433909, 41.365778640895861 ] } },
{ "type": "Feature", "properties": { "CODI_PARADA": 3528, "NOM_PARADA": "Mare de Déu de Port - Foc", "MARQUESINA": 1.0, "PAL": null, "PAL SOLAR": null, "PIU": null, "GEOMETRY": "POINT (2.1433374426320637 41.35830565309754)", "Type": "Bus Stop", "Evaluation": "No PID" }, "geometry": { "type": "Point", "coordinates": [ 2.143337442632064, 41.358305653097538 ] } },
{ "type": "Feature", "properties": { "CODI_PARADA": 3530, "NOM_PARADA": "Cantàbria - Rambla Guipúscoa", "MARQUESINA": 1.0, "PAL": null, "PAL SOLAR": null, "PIU": 1.0, "GEOMETRY": "POINT (2.2011589556620352 41.419746584115735)", "Type": "Bus Stop", "Evaluation": "Has PID" }, "geometry": { "type": "Point", "coordinates": [ 2.201158955662035, 41.419746584115735 ] } },
{ "type": "Feature", "properties": { "CODI_PARADA": 3531, "NOM_PARADA": "Selva de Mar - Rambla Guipúscoa", "MARQUESINA": 1.0, "PAL": null, "PAL SOLAR": null, "PIU": 1.0, "GEOMETRY": "POINT (2.198599669993041 41.416898450133075)", "Type": "Bus Stop", "Evaluation": "Has PID" }, "geometry": { "type": "Point", "coordinates": [ 2.198599669993041, 41.416898450133075 ] } },
{ "type": "Feature", "properties": { "CODI_PARADA": 3532, "NOM_PARADA": "Selva de Mar - Pg Taulat", "MARQUESINA": 1.0, "PAL": null, "PAL SOLAR": null, "PIU": 1.0, "GEOMETRY": "POINT (2.2135069209561085 41.40538341525755)", "Type": "Bus Stop", "Evaluation": "Has PID" }, "geometry": { "type": "Point", "coordinates": [ 2.213506920956108, 41.405383415257553 ] } },
{ "type": "Feature", "properties": { "CODI_PARADA": 3533, "NOM_PARADA": "Av del Litoral - Platja de Llevant", "MARQUESINA": 1.0, "PAL": null, "PAL SOLAR": null, "PIU": 1.0, "GEOMETRY": "POINT (2.216343243647115 41.403977758235676)", "Type": "Bus Stop", "Evaluation": "Has PID" }, "geometry": { "type": "Point", "coordinates": [ 2.216343243647115, 41.403977758235676 ] } },
{ "type": "Feature", "properties": { "CODI_PARADA": 3534, "NOM_PARADA": "Josep Pla - Pg Garcia Fària", "MARQUESINA": 1.0, "PAL": null, "PAL SOLAR": null, "PIU": null, "GEOMETRY": "POINT (2.217849534478624 41.40740082636489)", "Type": "Bus Stop", "Evaluation": "No PID" }, "geometry": { "type": "Point", "coordinates": [ 2.217849534478624, 41.407400826364892 ] } },
{ "type": "Feature", "properties": { "CODI_PARADA": 3535, "NOM_PARADA": "Josep Pla - Av Diagonal", "MARQUESINA": 1.0, "PAL": null, "PAL SOLAR": null, "PIU": null, "GEOMETRY": "POINT (2.2153575072021985 41.40928763976588)", "Type": "Bus Stop", "Evaluation": "No PID" }, "geometry": { "type": "Point", "coordinates": [ 2.215357507202198, 41.409287639765878 ] } },
{ "type": "Feature", "properties": { "CODI_PARADA": 3537, "NOM_PARADA": "Provença - Villarroel", "MARQUESINA": 1.0, "PAL": null, "PAL SOLAR": null, "PIU": null, "GEOMETRY": "POINT (2.153024912210594 41.38843669798491)", "Type": "Bus Stop", "Evaluation": "No PID" }, "geometry": { "type": "Point", "coordinates": [ 2.153024912210594, 41.388436697984908 ] } },
{ "type": "Feature", "properties": { "CODI_PARADA": 3538, "NOM_PARADA": "Guinardó / Hospital de Sant Pau", "MARQUESINA": null, "PAL": null, "PAL SOLAR": 1.0, "PIU": 1.0, "GEOMETRY": "POINT (2.1738645358944093 41.41585026688707)", "Type": "Bus Stop", "Evaluation": "Has PID" }, "geometry": { "type": "Point", "coordinates": [ 2.173864535894409, 41.41585026688707 ] } },
{ "type": "Feature", "properties": { "CODI_PARADA": 3539, "NOM_PARADA": "Rda Guinardó - Vinyals", "MARQUESINA": 1.0, "PAL": null, "PAL SOLAR": null, "PIU": 1.0, "GEOMETRY": "POINT (2.176289704949415 41.41843776431451)", "Type": "Bus Stop", "Evaluation": "Has PID" }, "geometry": { "type": "Point", "coordinates": [ 2.176289704949415, 41.418437764314511 ] } },
{ "type": "Feature", "properties": { "CODI_PARADA": 3540, "NOM_PARADA": "Rda Guinardó - Segle XX - Maragall", "MARQUESINA": 1.0, "PAL": null, "PAL SOLAR": null, "PIU": null, "GEOMETRY": "POINT (2.1772082597424824 41.422467281541316)", "Type": "Bus Stop", "Evaluation": "No PID" }, "geometry": { "type": "Point", "coordinates": [ 2.177208259742482, 41.422467281541316 ] } },
{ "type": "Feature", "properties": { "CODI_PARADA": 3541, "NOM_PARADA": "Rda Guinardó - Vinyals", "MARQUESINA": null, "PAL": null, "PAL SOLAR": 1.0, "PIU": 1.0, "GEOMETRY": "POINT (2.1761078414828647 41.41841833541953)", "Type": "Bus Stop", "Evaluation": "Has PID" }, "geometry": { "type": "Point", "coordinates": [ 2.176107841482865, 41.418418335419531 ] } },
{ "type": "Feature", "properties": { "CODI_PARADA": 3542, "NOM_PARADA": "Guinardó / Hospital de Sant Pau", "MARQUESINA": 1.0, "PAL": null, "PAL SOLAR": null, "PIU": 1.0, "GEOMETRY": "POINT (2.1742133708726126 41.41660380444627)", "Type": "Bus Stop", "Evaluation": "Has PID" }, "geometry": { "type": "Point", "coordinates": [ 2.174213370872613, 41.416603804446268 ] } },
{ "type": "Feature", "properties": { "CODI_PARADA": 3543, "NOM_PARADA": "Rda Guinardó - Cartagena", "MARQUESINA": 1.0, "PAL": null, "PAL SOLAR": null, "PIU": 1.0, "GEOMETRY": "POINT (2.1710361897039823 41.41424300487701)", "Type": "Bus Stop", "Evaluation": "Has PID" }, "geometry": { "type": "Point", "coordinates": [ 2.171036189703982, 41.414243004877008 ] } },
{ "type": "Feature", "properties": { "CODI_PARADA": 3544, "NOM_PARADA": "Av Pearson - Av d'Esplugues", "MARQUESINA": null, "PAL": 1.0, "PAL SOLAR": null, "PIU": null, "GEOMETRY": "POINT (2.111971210720393 41.394059575623665)", "Type": "Bus Stop", "Evaluation": "No PID" }, "geometry": { "type": "Point", "coordinates": [ 2.111971210720393, 41.394059575623665 ] } },
{ "type": "Feature", "properties": { "CODI_PARADA": 3545, "NOM_PARADA": "Av Pearson - Pl Joan d'Alòs", "MARQUESINA": 1.0, "PAL": null, "PAL SOLAR": null, "PIU": null, "GEOMETRY": "POINT (2.110351630442278 41.39377287467689)", "Type": "Bus Stop", "Evaluation": "No PID" }, "geometry": { "type": "Point", "coordinates": [ 2.110351630442278, 41.393772874676891 ] } },
{ "type": "Feature", "properties": { "CODI_PARADA": 3546, "NOM_PARADA": "Pg Zona Franca - Sant Eloi", "MARQUESINA": 1.0, "PAL": null, "PAL SOLAR": null, "PIU": null, "GEOMETRY": "POINT (2.1427724298672852 41.355301767138826)", "Type": "Bus Stop", "Evaluation": "No PID" }, "geometry": { "type": "Point", "coordinates": [ 2.142772429867285, 41.355301767138826 ] } },
{ "type": "Feature", "properties": { "CODI_PARADA": 3547, "NOM_PARADA": "Cristóbal de Moura - Perpinyà", "MARQUESINA": 1.0, "PAL": null, "PAL SOLAR": null, "PIU": 1.0, "GEOMETRY": "POINT (2.2155596655009013 41.41799448250709)", "Type": "Bus Stop", "Evaluation": "Has PID" }, "geometry": { "type": "Point", "coordinates": [ 2.215559665500901, 41.41799448250709 ] } },
{ "type": "Feature", "properties": { "CODI_PARADA": 3548, "NOM_PARADA": "Cristóbal de Moura - Rambla Prim", "MARQUESINA": 1.0, "PAL": null, "PAL SOLAR": null, "PIU": 1.0, "GEOMETRY": "POINT (2.212452544476762 41.41566812740978)", "Type": "Bus Stop", "Evaluation": "Has PID" }, "geometry": { "type": "Point", "coordinates": [ 2.212452544476762, 41.415668127409781 ] } },
{ "type": "Feature", "properties": { "CODI_PARADA": 3550, "NOM_PARADA": "Marroc - Puigcerdà", "MARQUESINA": 1.0, "PAL": null, "PAL SOLAR": null, "PIU": null, "GEOMETRY": "POINT (2.2087287764452768 41.414574252119465)", "Type": "Bus Stop", "Evaluation": "No PID" }, "geometry": { "type": "Point", "coordinates": [ 2.208728776445277, 41.414574252119465 ] } },
{ "type": "Feature", "properties": { "CODI_PARADA": 3551, "NOM_PARADA": "Marroc - Bac de Roda", "MARQUESINA": 1.0, "PAL": null, "PAL SOLAR": null, "PIU": 1.0, "GEOMETRY": "POINT (2.2013213373304934 41.40899955923074)", "Type": "Bus Stop", "Evaluation": "Has PID" }, "geometry": { "type": "Point", "coordinates": [ 2.201321337330493, 41.408999559230743 ] } },
{ "type": "Feature", "properties": { "CODI_PARADA": 3552, "NOM_PARADA": "Tànger - Av Meridiana", "MARQUESINA": 1.0, "PAL": null, "PAL SOLAR": null, "PIU": 1.0, "GEOMETRY": "POINT (2.1874279878872493 41.39858289188691)", "Type": "Bus Stop", "Evaluation": "Has PID" }, "geometry": { "type": "Point", "coordinates": [ 2.187427987887249, 41.39858289188691 ] } },
{ "type": "Feature", "properties": { "CODI_PARADA": 3556, "NOM_PARADA": "Cristóbal de Moura - Perpinyà", "MARQUESINA": 1.0, "PAL": null, "PAL SOLAR": null, "PIU": 1.0, "GEOMETRY": "POINT (2.2158006073081578 41.417910932546945)", "Type": "Bus Stop", "Evaluation": "Has PID" }, "geometry": { "type": "Point", "coordinates": [ 2.215800607308158, 41.417910932546945 ] } },
{ "type": "Feature", "properties": { "CODI_PARADA": 3557, "NOM_PARADA": "Travessera de Gràcia - Muntaner", "MARQUESINA": null, "PAL": null, "PAL SOLAR": 1.0, "PIU": 1.0, "GEOMETRY": "POINT (2.1487270316496936 41.39564872727308)", "Type": "Bus Stop", "Evaluation": "Has PID" }, "geometry": { "type": "Point", "coordinates": [ 2.148727031649694, 41.395648727273077 ] } },
{ "type": "Feature", "properties": { "CODI_PARADA": 3558, "NOM_PARADA": "Travessera de Gràcia - Calvet", "MARQUESINA": null, "PAL": null, "PAL SOLAR": 1.0, "PIU": 1.0, "GEOMETRY": "POINT (2.145435203490796 41.39348028231371)", "Type": "Bus Stop", "Evaluation": "Has PID" }, "geometry": { "type": "Point", "coordinates": [ 2.145435203490796, 41.39348028231371 ] } },
{ "type": "Feature", "properties": { "CODI_PARADA": 3559, "NOM_PARADA": "Mas Casanovas - Hospital de Sant Pau", "MARQUESINA": 1.0, "PAL": null, "PAL SOLAR": null, "PIU": null, "GEOMETRY": "POINT (2.173497404519818 41.41513493161696)", "Type": "Bus Stop", "Evaluation": "No PID" }, "geometry": { "type": "Point", "coordinates": [ 2.173497404519818, 41.415134931616961 ] } },
{ "type": "Feature", "properties": { "CODI_PARADA": 3561, "NOM_PARADA": "Manso - Calàbria", "MARQUESINA": 1.0, "PAL": null, "PAL SOLAR": null, "PIU": null, "GEOMETRY": "POINT (2.160304291816901 41.37653100619763)", "Type": "Bus Stop", "Evaluation": "No PID" }, "geometry": { "type": "Point", "coordinates": [ 2.160304291816901, 41.376531006197631 ] } },
{ "type": "Feature", "properties": { "CODI_PARADA": 3566, "NOM_PARADA": "Pl Lesseps", "MARQUESINA": 1.0, "PAL": null, "PAL SOLAR": null, "PIU": 1.0, "GEOMETRY": "POINT (2.1490822935165927 41.40621483411256)", "Type": "Bus Stop", "Evaluation": "Has PID" }, "geometry": { "type": "Point", "coordinates": [ 2.149082293516593, 41.406214834112561 ] } },
{ "type": "Feature", "properties": { "CODI_PARADA": 3567, "NOM_PARADA": "Manso - Viladomat", "MARQUESINA": 1.0, "PAL": null, "PAL SOLAR": null, "PIU": null, "GEOMETRY": "POINT (2.160074735770467 41.376354210343834)", "Type": "Bus Stop", "Evaluation": "No PID" }, "geometry": { "type": "Point", "coordinates": [ 2.160074735770467, 41.376354210343834 ] } },
{ "type": "Feature", "properties": { "CODI_PARADA": 3568, "NOM_PARADA": "Viladomat - Sepúlveda", "MARQUESINA": 1.0, "PAL": null, "PAL SOLAR": null, "PIU": 1.0, "GEOMETRY": "POINT (2.158033043269973 41.37905901768744)", "Type": "Bus Stop", "Evaluation": "Has PID" }, "geometry": { "type": "Point", "coordinates": [ 2.158033043269973, 41.379059017687439 ] } },
{ "type": "Feature", "properties": { "CODI_PARADA": 3570, "NOM_PARADA": "Provença - Casanova", "MARQUESINA": 1.0, "PAL": null, "PAL SOLAR": null, "PIU": null, "GEOMETRY": "POINT (2.1545539161611416 41.389571610514935)", "Type": "Bus Stop", "Evaluation": "No PID" }, "geometry": { "type": "Point", "coordinates": [ 2.154553916161142, 41.389571610514935 ] } },
{ "type": "Feature", "properties": { "CODI_PARADA": 3571, "NOM_PARADA": "Pujades - Joan d'Àustria", "MARQUESINA": 1.0, "PAL": null, "PAL SOLAR": null, "PIU": null, "GEOMETRY": "POINT (2.1898414473577135 41.393679134049115)", "Type": "Bus Stop", "Evaluation": "No PID" }, "geometry": { "type": "Point", "coordinates": [ 2.189841447357713, 41.393679134049115 ] } },
{ "type": "Feature", "properties": { "CODI_PARADA": 3572, "NOM_PARADA": "Llull - Joan d'Àustria", "MARQUESINA": 1.0, "PAL": null, "PAL SOLAR": null, "PIU": null, "GEOMETRY": "POINT (2.1911193754414287 41.39283853084071)", "Type": "Bus Stop", "Evaluation": "No PID" }, "geometry": { "type": "Point", "coordinates": [ 2.191119375441429, 41.392838530840713 ] } },
{ "type": "Feature", "properties": { "CODI_PARADA": 3573, "NOM_PARADA": "Rambla Prim - Santander", "MARQUESINA": null, "PAL": 1.0, "PAL SOLAR": null, "PIU": null, "GEOMETRY": "POINT (2.201180942934935 41.42469105324542)", "Type": "Bus Stop", "Evaluation": "No PID" }, "geometry": { "type": "Point", "coordinates": [ 2.201180942934935, 41.424691053245418 ] } },
{ "type": "Feature", "properties": { "CODI_PARADA": 3574, "NOM_PARADA": "Viladomat - Marquès de Campo Sagrado", "MARQUESINA": 1.0, "PAL": null, "PAL SOLAR": null, "PIU": null, "GEOMETRY": "POINT (2.16275217457585 41.37549134631657)", "Type": "Bus Stop", "Evaluation": "No PID" }, "geometry": { "type": "Point", "coordinates": [ 2.16275217457585, 41.375491346316572 ] } },
{ "type": "Feature", "properties": { "CODI_PARADA": 3575, "NOM_PARADA": "Entença - Av Mistral", "MARQUESINA": 1.0, "PAL": null, "PAL SOLAR": null, "PIU": 1.0, "GEOMETRY": "POINT (2.154610340565021 41.376666590999285)", "Type": "Bus Stop", "Evaluation": "Has PID" }, "geometry": { "type": "Point", "coordinates": [ 2.154610340565021, 41.376666590999285 ] } },
{ "type": "Feature", "properties": { "CODI_PARADA": 3576, "NOM_PARADA": "Entença - València", "MARQUESINA": 1.0, "PAL": null, "PAL SOLAR": null, "PIU": 1.0, "GEOMETRY": "POINT (2.1477685110678304 41.38183859285061)", "Type": "Bus Stop", "Evaluation": "Has PID" }, "geometry": { "type": "Point", "coordinates": [ 2.14776851106783, 41.381838592850613 ] } },
{ "type": "Feature", "properties": { "CODI_PARADA": 3577, "NOM_PARADA": "Entença - Rosselló", "MARQUESINA": 1.0, "PAL": null, "PAL SOLAR": null, "PIU": 1.0, "GEOMETRY": "POINT (2.1445586101131835 41.38425881537719)", "Type": "Bus Stop", "Evaluation": "Has PID" }, "geometry": { "type": "Point", "coordinates": [ 2.144558610113183, 41.384258815377187 ] } },
{ "type": "Feature", "properties": { "CODI_PARADA": 3578, "NOM_PARADA": "Entença - Av Josep Tarradellas", "MARQUESINA": 1.0, "PAL": null, "PAL SOLAR": null, "PIU": 1.0, "GEOMETRY": "POINT (2.142084191015551 41.386161725866444)", "Type": "Bus Stop", "Evaluation": "Has PID" }, "geometry": { "type": "Point", "coordinates": [ 2.142084191015551, 41.386161725866444 ] } },
{ "type": "Feature", "properties": { "CODI_PARADA": 3579, "NOM_PARADA": "Entença - Déu i Mata", "MARQUESINA": 1.0, "PAL": null, "PAL SOLAR": null, "PIU": 1.0, "GEOMETRY": "POINT (2.1377575023690194 41.3903263342929)", "Type": "Bus Stop", "Evaluation": "Has PID" }, "geometry": { "type": "Point", "coordinates": [ 2.137757502369019, 41.390326334292901 ] } },
{ "type": "Feature", "properties": { "CODI_PARADA": 3580, "NOM_PARADA": "Doctor Fleming - Santa Fe de Nou Mèxic", "MARQUESINA": 1.0, "PAL": null, "PAL SOLAR": null, "PIU": 1.0, "GEOMETRY": "POINT (2.1350041874829637 41.39434263920119)", "Type": "Bus Stop", "Evaluation": "Has PID" }, "geometry": { "type": "Point", "coordinates": [ 2.135004187482964, 41.394342639201192 ] } },
{ "type": "Feature", "properties": { "CODI_PARADA": 3581, "NOM_PARADA": "Calatrava - Vergós", "MARQUESINA": null, "PAL": 1.0, "PAL SOLAR": null, "PIU": null, "GEOMETRY": "POINT (2.13029336896236 41.399538550289606)", "Type": "Bus Stop", "Evaluation": "No PID" }, "geometry": { "type": "Point", "coordinates": [ 2.13029336896236, 41.399538550289606 ] } },
{ "type": "Feature", "properties": { "CODI_PARADA": 3582, "NOM_PARADA": "Iradier - Pg Bonanova", "MARQUESINA": null, "PAL": null, "PAL SOLAR": 1.0, "PIU": 1.0, "GEOMETRY": "POINT (2.12668660166634 41.40320938038702)", "Type": "Bus Stop", "Evaluation": "Has PID" }, "geometry": { "type": "Point", "coordinates": [ 2.12668660166634, 41.403209380387018 ] } },
{ "type": "Feature", "properties": { "CODI_PARADA": 3583, "NOM_PARADA": "Anglí - Pl Benet XV", "MARQUESINA": null, "PAL": 1.0, "PAL SOLAR": null, "PIU": null, "GEOMETRY": "POINT (2.120661205356876 41.40545124383523)", "Type": "Bus Stop", "Evaluation": "No PID" }, "geometry": { "type": "Point", "coordinates": [ 2.120661205356876, 41.40545124383523 ] } },
{ "type": "Feature", "properties": { "CODI_PARADA": 3584, "NOM_PARADA": "Anglí - Margenat", "MARQUESINA": null, "PAL": 1.0, "PAL SOLAR": null, "PIU": null, "GEOMETRY": "POINT (2.1226786978242176 41.403391576023324)", "Type": "Bus Stop", "Evaluation": "No PID" }, "geometry": { "type": "Point", "coordinates": [ 2.122678697824218, 41.403391576023324 ] } },
{ "type": "Feature", "properties": { "CODI_PARADA": 3585, "NOM_PARADA": "Anglí - Pg Bonanova", "MARQUESINA": null, "PAL": null, "PAL SOLAR": 1.0, "PIU": 1.0, "GEOMETRY": "POINT (2.124694416512241 41.401337675463715)", "Type": "Bus Stop", "Evaluation": "Has PID" }, "geometry": { "type": "Point", "coordinates": [ 2.124694416512241, 41.401337675463715 ] } },
{ "type": "Feature", "properties": { "CODI_PARADA": 3586, "NOM_PARADA": "Anglí - Via Augusta", "MARQUESINA": null, "PAL": null, "PAL SOLAR": 1.0, "PIU": 1.0, "GEOMETRY": "POINT (2.1278419640418855 41.398121196164404)", "Type": "Bus Stop", "Evaluation": "Has PID" }, "geometry": { "type": "Point", "coordinates": [ 2.127841964041886, 41.398121196164404 ] } },
{ "type": "Feature", "properties": { "CODI_PARADA": 3587, "NOM_PARADA": "Dr Fleming - Ronda General Mitre", "MARQUESINA": 1.0, "PAL": null, "PAL SOLAR": null, "PIU": 1.0, "GEOMETRY": "POINT (2.134602785650491 41.39479961435146)", "Type": "Bus Stop", "Evaluation": "Has PID" }, "geometry": { "type": "Point", "coordinates": [ 2.134602785650491, 41.394799614351463 ] } },
{ "type": "Feature", "properties": { "CODI_PARADA": 3588, "NOM_PARADA": "Dr Fleming - Bori i Fontestà", "MARQUESINA": 1.0, "PAL": null, "PAL SOLAR": null, "PIU": 1.0, "GEOMETRY": "POINT (2.1360522675706224 41.3918174781721)", "Type": "Bus Stop", "Evaluation": "Has PID" }, "geometry": { "type": "Point", "coordinates": [ 2.136052267570622, 41.391817478172101 ] } },
{ "type": "Feature", "properties": { "CODI_PARADA": 3589, "NOM_PARADA": "Manso - Comte Borrell", "MARQUESINA": 1.0, "PAL": null, "PAL SOLAR": null, "PIU": null, "GEOMETRY": "POINT (2.161663131311948 41.377554183034995)", "Type": "Bus Stop", "Evaluation": "No PID" }, "geometry": { "type": "Point", "coordinates": [ 2.161663131311948, 41.377554183034995 ] } },
{ "type": "Feature", "properties": { "CODI_PARADA": 3590, "NOM_PARADA": "Viladomat - Còrsega", "MARQUESINA": 1.0, "PAL": null, "PAL SOLAR": null, "PIU": 1.0, "GEOMETRY": "POINT (2.1475306858364878 41.386972256472525)", "Type": "Bus Stop", "Evaluation": "Has PID" }, "geometry": { "type": "Point", "coordinates": [ 2.147530685836488, 41.386972256472525 ] } },
{ "type": "Feature", "properties": { "CODI_PARADA": 3591, "NOM_PARADA": "Viladomat - Aragó", "MARQUESINA": 1.0, "PAL": null, "PAL SOLAR": null, "PIU": 1.0, "GEOMETRY": "POINT (2.1531899678452118 41.38271991628682)", "Type": "Bus Stop", "Evaluation": "Has PID" }, "geometry": { "type": "Point", "coordinates": [ 2.153189967845212, 41.382719916286817 ] } },
{ "type": "Feature", "properties": { "CODI_PARADA": 3592, "NOM_PARADA": "Viladomat - Diputació", "MARQUESINA": 1.0, "PAL": null, "PAL SOLAR": null, "PIU": 1.0, "GEOMETRY": "POINT (2.155911342457195 41.380657388750436)", "Type": "Bus Stop", "Evaluation": "Has PID" }, "geometry": { "type": "Point", "coordinates": [ 2.155911342457195, 41.380657388750436 ] } },
{ "type": "Feature", "properties": { "CODI_PARADA": 3594, "NOM_PARADA": "Sant Ramon de Penyafort - Ronda Litoral", "MARQUESINA": null, "PAL": 1.0, "PAL SOLAR": null, "PIU": null, "GEOMETRY": "POINT (2.221760998931131 41.41320438680671)", "Type": "Bus Stop", "Evaluation": "No PID" }, "geometry": { "type": "Point", "coordinates": [ 2.221760998931131, 41.413204386806711 ] } },
{ "type": "Feature", "properties": { "CODI_PARADA": 3595, "NOM_PARADA": "Sant Ramon de Penyafort - Av Eduard Maristany", "MARQUESINA": 1.0, "PAL": null, "PAL SOLAR": null, "PIU": null, "GEOMETRY": "POINT (2.2209571430916193 41.4138382311701)", "Type": "Bus Stop", "Evaluation": "No PID" }, "geometry": { "type": "Point", "coordinates": [ 2.220957143091619, 41.413838231170097 ] } },
{ "type": "Feature", "properties": { "CODI_PARADA": 3596, "NOM_PARADA": "La Mina - Ponent", "MARQUESINA": null, "PAL": 1.0, "PAL SOLAR": null, "PIU": null, "GEOMETRY": "POINT (2.2177854489566906 41.41811903961434)", "Type": "Bus Stop", "Evaluation": "No PID" }, "geometry": { "type": "Point", "coordinates": [ 2.217785448956691, 41.418119039614339 ] } },
{ "type": "Feature", "properties": { "CODI_PARADA": 3597, "NOM_PARADA": "Alfons el Magnànim - Jaume Huguet", "MARQUESINA": null, "PAL": 1.0, "PAL SOLAR": null, "PIU": null, "GEOMETRY": "POINT (2.212574649847185 41.418045592719324)", "Type": "Bus Stop", "Evaluation": "No PID" }, "geometry": { "type": "Point", "coordinates": [ 2.212574649847185, 41.418045592719324 ] } },
{ "type": "Feature", "properties": { "CODI_PARADA": 3598, "NOM_PARADA": "Alfons el Magnànim - Jaume Huguet", "MARQUESINA": 1.0, "PAL": null, "PAL SOLAR": null, "PIU": 1.0, "GEOMETRY": "POINT (2.2124919916655474 41.41785821142902)", "Type": "Bus Stop", "Evaluation": "Has PID" }, "geometry": { "type": "Point", "coordinates": [ 2.212491991665547, 41.417858211429021 ] } },
{ "type": "Feature", "properties": { "CODI_PARADA": 3600, "NOM_PARADA": "Carrer Z - Carrer número 3", "MARQUESINA": null, "PAL": 1.0, "PAL SOLAR": null, "PIU": null, "GEOMETRY": "POINT (2.1417443693023297 41.33051594376706)", "Type": "Bus Stop", "Evaluation": "No PID" }, "geometry": { "type": "Point", "coordinates": [ 2.14174436930233, 41.330515943767061 ] } },
{ "type": "Feature", "properties": { "CODI_PARADA": 3601, "NOM_PARADA": "Park Güell", "MARQUESINA": null, "PAL": null, "PAL SOLAR": 1.0, "PIU": null, "GEOMETRY": "POINT (2.160310912699873 41.4130759933035)", "Type": "Bus Stop", "Evaluation": "No PID" }, "geometry": { "type": "Point", "coordinates": [ 2.160310912699873, 41.413075993303501 ] } },
{ "type": "Feature", "properties": { "CODI_PARADA": 3604, "NOM_PARADA": "Vallcivera - Av Rasos de Peguera", "MARQUESINA": null, "PAL": 1.0, "PAL SOLAR": null, "PIU": null, "GEOMETRY": "POINT (2.175985352884873 41.45957563386763)", "Type": "Bus Stop", "Evaluation": "No PID" }, "geometry": { "type": "Point", "coordinates": [ 2.175985352884873, 41.45957563386763 ] } },
{ "type": "Feature", "properties": { "CODI_PARADA": 3605, "NOM_PARADA": "Carmen Amaya - Taulat", "MARQUESINA": 1.0, "PAL": null, "PAL SOLAR": null, "PIU": 1.0, "GEOMETRY": "POINT (2.2027720817693925 41.394353549367196)", "Type": "Bus Stop", "Evaluation": "Has PID" }, "geometry": { "type": "Point", "coordinates": [ 2.202772081769393, 41.394353549367196 ] } },
{ "type": "Feature", "properties": { "CODI_PARADA": 3607, "NOM_PARADA": "Llacuna - Doctor Trueta", "MARQUESINA": 1.0, "PAL": null, "PAL SOLAR": null, "PIU": 1.0, "GEOMETRY": "POINT (2.202494896038211 41.39847416742284)", "Type": "Bus Stop", "Evaluation": "Has PID" }, "geometry": { "type": "Point", "coordinates": [ 2.202494896038211, 41.39847416742284 ] } },
{ "type": "Feature", "properties": { "CODI_PARADA": 3608, "NOM_PARADA": "Llacuna - Llull", "MARQUESINA": 1.0, "PAL": null, "PAL SOLAR": null, "PIU": 1.0, "GEOMETRY": "POINT (2.200261826047967 41.40015987661087)", "Type": "Bus Stop", "Evaluation": "Has PID" }, "geometry": { "type": "Point", "coordinates": [ 2.200261826047967, 41.400159876610871 ] } },
{ "type": "Feature", "properties": { "CODI_PARADA": 3609, "NOM_PARADA": "Jardins de Miquel Martí i Pol", "MARQUESINA": 1.0, "PAL": null, "PAL SOLAR": null, "PIU": 1.0, "GEOMETRY": "POINT (2.195586774869673 41.40371544032348)", "Type": "Bus Stop", "Evaluation": "Has PID" }, "geometry": { "type": "Point", "coordinates": [ 2.195586774869673, 41.403715440323481 ] } },
{ "type": "Feature", "properties": { "CODI_PARADA": 3610, "NOM_PARADA": "Trinxant - Ripollès", "MARQUESINA": 1.0, "PAL": null, "PAL SOLAR": null, "PIU": null, "GEOMETRY": "POINT (2.185292871390045 41.414821161488405)", "Type": "Bus Stop", "Evaluation": "No PID" }, "geometry": { "type": "Point", "coordinates": [ 2.185292871390045, 41.414821161488405 ] } },
{ "type": "Feature", "properties": { "CODI_PARADA": 3611, "NOM_PARADA": "Trinxant - Sant Antoni Maria Claret", "MARQUESINA": 1.0, "PAL": null, "PAL SOLAR": null, "PIU": 1.0, "GEOMETRY": "POINT (2.1825449360783926 41.41692386970266)", "Type": "Bus Stop", "Evaluation": "Has PID" }, "geometry": { "type": "Point", "coordinates": [ 2.182544936078393, 41.416923869702657 ] } },
{ "type": "Feature", "properties": { "CODI_PARADA": 3612, "NOM_PARADA": "Navas de Tolosa - Juan de Garay", "MARQUESINA": null, "PAL": null, "PAL SOLAR": 1.0, "PIU": 1.0, "GEOMETRY": "POINT (2.181442117524382 41.41929447585432)", "Type": "Bus Stop", "Evaluation": "Has PID" }, "geometry": { "type": "Point", "coordinates": [ 2.181442117524382, 41.419294475854322 ] } },
{ "type": "Feature", "properties": { "CODI_PARADA": 3613, "NOM_PARADA": "Meridiana - Aragó", "MARQUESINA": 1.0, "PAL": null, "PAL SOLAR": null, "PIU": 1.0, "GEOMETRY": "POINT (2.1866001563536814 41.40799419575298)", "Type": "Bus Stop", "Evaluation": "Has PID" }, "geometry": { "type": "Point", "coordinates": [ 2.186600156353681, 41.407994195752977 ] } },
{ "type": "Feature", "properties": { "CODI_PARADA": 3614, "NOM_PARADA": "Independència - Parc de les Glòries", "MARQUESINA": 1.0, "PAL": null, "PAL SOLAR": null, "PIU": 1.0, "GEOMETRY": "POINT (2.18790678395944 41.40421101641904)", "Type": "Bus Stop", "Evaluation": "Has PID" }, "geometry": { "type": "Point", "coordinates": [ 2.18790678395944, 41.40421101641904 ] } },
{ "type": "Feature", "properties": { "CODI_PARADA": 3615, "NOM_PARADA": "Museu Can Framis", "MARQUESINA": 1.0, "PAL": null, "PAL SOLAR": null, "PIU": 1.0, "GEOMETRY": "POINT (2.1945383422500466 41.40269118125316)", "Type": "Bus Stop", "Evaluation": "Has PID" }, "geometry": { "type": "Point", "coordinates": [ 2.194538342250047, 41.402691181253161 ] } },
{ "type": "Feature", "properties": { "CODI_PARADA": 3616, "NOM_PARADA": "Roc Boronat - Pere IV", "MARQUESINA": 1.0, "PAL": null, "PAL SOLAR": null, "PIU": 1.0, "GEOMETRY": "POINT (2.196798997914211 41.400955863027285)", "Type": "Bus Stop", "Evaluation": "Has PID" }, "geometry": { "type": "Point", "coordinates": [ 2.196798997914211, 41.400955863027285 ] } },
{ "type": "Feature", "properties": { "CODI_PARADA": 3617, "NOM_PARADA": "Roc Boronat - Llull", "MARQUESINA": 1.0, "PAL": null, "PAL SOLAR": null, "PIU": 1.0, "GEOMETRY": "POINT (2.19900334213526 41.399270570544886)", "Type": "Bus Stop", "Evaluation": "Has PID" }, "geometry": { "type": "Point", "coordinates": [ 2.19900334213526, 41.399270570544886 ] } },
{ "type": "Feature", "properties": { "CODI_PARADA": 3618, "NOM_PARADA": "Independència - Sant Antoni Maria Claret", "MARQUESINA": 1.0, "PAL": null, "PAL SOLAR": null, "PIU": 1.0, "GEOMETRY": "POINT (2.177060143119943 41.41266928110519)", "Type": "Bus Stop", "Evaluation": "Has PID" }, "geometry": { "type": "Point", "coordinates": [ 2.177060143119943, 41.412669281105188 ] } },
{ "type": "Feature", "properties": { "CODI_PARADA": 3619, "NOM_PARADA": "Can Marcet", "MARQUESINA": null, "PAL": 1.0, "PAL SOLAR": null, "PIU": null, "GEOMETRY": "POINT (2.1510642442996377 41.43441173722604)", "Type": "Bus Stop", "Evaluation": "No PID" }, "geometry": { "type": "Point", "coordinates": [ 2.151064244299638, 41.434411737226043 ] } },
{ "type": "Feature", "properties": { "CODI_PARADA": 3620, "NOM_PARADA": "Can Marcet - Vall d'Hebron", "MARQUESINA": 1.0, "PAL": null, "PAL SOLAR": null, "PIU": null, "GEOMETRY": "POINT (2.14819519207567 41.43513925202425)", "Type": "Bus Stop", "Evaluation": "No PID" }, "geometry": { "type": "Point", "coordinates": [ 2.14819519207567, 41.43513925202425 ] } },
{ "type": "Feature", "properties": { "CODI_PARADA": 3621, "NOM_PARADA": "Av Estatut - Botticelli", "MARQUESINA": null, "PAL": 1.0, "PAL SOLAR": null, "PIU": null, "GEOMETRY": "POINT (2.1530428061242652 41.43496257189882)", "Type": "Bus Stop", "Evaluation": "No PID" }, "geometry": { "type": "Point", "coordinates": [ 2.153042806124265, 41.434962571898822 ] } },
{ "type": "Feature", "properties": { "CODI_PARADA": 3622, "NOM_PARADA": "Pl Botticelli", "MARQUESINA": 1.0, "PAL": null, "PAL SOLAR": null, "PIU": 1.0, "GEOMETRY": "POINT (2.153032950455756 41.432856260286854)", "Type": "Bus Stop", "Evaluation": "Has PID" }, "geometry": { "type": "Point", "coordinates": [ 2.153032950455756, 41.432856260286854 ] } },
{ "type": "Feature", "properties": { "CODI_PARADA": 3623, "NOM_PARADA": "Castillejos - Enamorats", "MARQUESINA": 1.0, "PAL": null, "PAL SOLAR": null, "PIU": 1.0, "GEOMETRY": "POINT (2.1817262191626283 41.4038184978335)", "Type": "Bus Stop", "Evaluation": "Has PID" }, "geometry": { "type": "Point", "coordinates": [ 2.181726219162628, 41.403818497833498 ] } },
{ "type": "Feature", "properties": { "CODI_PARADA": 3624, "NOM_PARADA": "Teatre Nacional de Catalunya", "MARQUESINA": 1.0, "PAL": null, "PAL SOLAR": null, "PIU": 1.0, "GEOMETRY": "POINT (2.185324464496208 41.40110092028797)", "Type": "Bus Stop", "Evaluation": "Has PID" }, "geometry": { "type": "Point", "coordinates": [ 2.185324464496208, 41.401100920287973 ] } },
{ "type": "Feature", "properties": { "CODI_PARADA": 3625, "NOM_PARADA": "Pamplona - Tànger", "MARQUESINA": 1.0, "PAL": null, "PAL SOLAR": null, "PIU": 1.0, "GEOMETRY": "POINT (2.188608483079839 41.398651526949045)", "Type": "Bus Stop", "Evaluation": "Has PID" }, "geometry": { "type": "Point", "coordinates": [ 2.188608483079839, 41.398651526949045 ] } },
{ "type": "Feature", "properties": { "CODI_PARADA": 3626, "NOM_PARADA": "Pamplona - Pere IV", "MARQUESINA": 1.0, "PAL": null, "PAL SOLAR": null, "PIU": 1.0, "GEOMETRY": "POINT (2.1923962724813455 41.395838280832464)", "Type": "Bus Stop", "Evaluation": "Has PID" }, "geometry": { "type": "Point", "coordinates": [ 2.192396272481345, 41.395838280832464 ] } },
{ "type": "Feature", "properties": { "CODI_PARADA": 3627, "NOM_PARADA": "Pamplona - Doctor Trueta", "MARQUESINA": 1.0, "PAL": null, "PAL SOLAR": null, "PIU": 1.0, "GEOMETRY": "POINT (2.195672150427116 41.39339883692882)", "Type": "Bus Stop", "Evaluation": "Has PID" }, "geometry": { "type": "Point", "coordinates": [ 2.195672150427116, 41.393398836928817 ] } },
{ "type": "Feature", "properties": { "CODI_PARADA": 3628, "NOM_PARADA": "Arquitecte Sert - Av Icària", "MARQUESINA": null, "PAL": 1.0, "PAL SOLAR": null, "PIU": null, "GEOMETRY": "POINT (2.198523523607065 41.39126586419393)", "Type": "Bus Stop", "Evaluation": "No PID" }, "geometry": { "type": "Point", "coordinates": [ 2.198523523607065, 41.391265864193933 ] } },
{ "type": "Feature", "properties": { "CODI_PARADA": 3629, "NOM_PARADA": "Av Litoral - Arquitecte Sert", "MARQUESINA": 1.0, "PAL": null, "PAL SOLAR": null, "PIU": 1.0, "GEOMETRY": "POINT (2.2015552976752675 41.39112601465833)", "Type": "Bus Stop", "Evaluation": "Has PID" }, "geometry": { "type": "Point", "coordinates": [ 2.201555297675267, 41.391126014658333 ] } },
{ "type": "Feature", "properties": { "CODI_PARADA": 3630, "NOM_PARADA": "Jaume Vicenç i Vives - Icària", "MARQUESINA": 1.0, "PAL": null, "PAL SOLAR": null, "PIU": null, "GEOMETRY": "POINT (2.2012141504368583 41.39431050070284)", "Type": "Bus Stop", "Evaluation": "No PID" }, "geometry": { "type": "Point", "coordinates": [ 2.201214150436858, 41.394310500702836 ] } },
{ "type": "Feature", "properties": { "CODI_PARADA": 3631, "NOM_PARADA": "Cartagena - Niça", "MARQUESINA": null, "PAL": 1.0, "PAL SOLAR": null, "PIU": null, "GEOMETRY": "POINT (2.1698694121403523 41.41449414213354)", "Type": "Bus Stop", "Evaluation": "No PID" }, "geometry": { "type": "Point", "coordinates": [ 2.169869412140352, 41.414494142133542 ] } },
{ "type": "Feature", "properties": { "CODI_PARADA": 3632, "NOM_PARADA": "Tajo - Pl Santes Creus", "MARQUESINA": 1.0, "PAL": null, "PAL SOLAR": null, "PIU": 1.0, "GEOMETRY": "POINT (2.1623990697344047 41.42999487268954)", "Type": "Bus Stop", "Evaluation": "Has PID" }, "geometry": { "type": "Point", "coordinates": [ 2.162399069734405, 41.429994872689541 ] } },
{ "type": "Feature", "properties": { "CODI_PARADA": 3633, "NOM_PARADA": "Llobregós - Ciències", "MARQUESINA": null, "PAL": null, "PAL SOLAR": 1.0, "PIU": 1.0, "GEOMETRY": "POINT (2.1580204202393913 41.42540879057222)", "Type": "Bus Stop", "Evaluation": "Has PID" }, "geometry": { "type": "Point", "coordinates": [ 2.158020420239391, 41.42540879057222 ] } },
{ "type": "Feature", "properties": { "CODI_PARADA": 3634, "NOM_PARADA": "Petrarca - Fabra i Puig", "MARQUESINA": 1.0, "PAL": null, "PAL SOLAR": null, "PIU": 1.0, "GEOMETRY": "POINT (2.167298467499351 41.430210487125464)", "Type": "Bus Stop", "Evaluation": "Has PID" }, "geometry": { "type": "Point", "coordinates": [ 2.167298467499351, 41.430210487125464 ] } },
{ "type": "Feature", "properties": { "CODI_PARADA": 3636, "NOM_PARADA": "Josep Garí - Comte de Sert", "MARQUESINA": 1.0, "PAL": null, "PAL SOLAR": null, "PIU": null, "GEOMETRY": "POINT (2.1352290670237544 41.41556833047686)", "Type": "Bus Stop", "Evaluation": "No PID" }, "geometry": { "type": "Point", "coordinates": [ 2.135229067023754, 41.415568330476859 ] } },
{ "type": "Feature", "properties": { "CODI_PARADA": 3637, "NOM_PARADA": "Rda Guinardó - Pi i Margall", "MARQUESINA": null, "PAL": null, "PAL SOLAR": 1.0, "PIU": 1.0, "GEOMETRY": "POINT (2.1639999634237177 41.41174873319583)", "Type": "Bus Stop", "Evaluation": "Has PID" }, "geometry": { "type": "Point", "coordinates": [ 2.163999963423718, 41.411748733195829 ] } },
{ "type": "Feature", "properties": { "CODI_PARADA": 3638, "NOM_PARADA": "Mas Casanovas - Cartagena", "MARQUESINA": null, "PAL": null, "PAL SOLAR": 1.0, "PIU": 1.0, "GEOMETRY": "POINT (2.172284536564723 41.41423487411256)", "Type": "Bus Stop", "Evaluation": "Has PID" }, "geometry": { "type": "Point", "coordinates": [ 2.172284536564723, 41.414234874112559 ] } },
{ "type": "Feature", "properties": { "CODI_PARADA": 3640, "NOM_PARADA": "Josep Garí - Av Tibidabo", "MARQUESINA": 1.0, "PAL": null, "PAL SOLAR": null, "PIU": null, "GEOMETRY": "POINT (2.1344332381069293 41.41521915933849)", "Type": "Bus Stop", "Evaluation": "No PID" }, "geometry": { "type": "Point", "coordinates": [ 2.134433238106929, 41.415219159338491 ] } },
{ "type": "Feature", "properties": { "CODI_PARADA": 3641, "NOM_PARADA": "Marroc - Treball", "MARQUESINA": 1.0, "PAL": null, "PAL SOLAR": null, "PIU": null, "GEOMETRY": "POINT (2.20647667083943 41.41288617736253)", "Type": "Bus Stop", "Evaluation": "No PID" }, "geometry": { "type": "Point", "coordinates": [ 2.20647667083943, 41.41288617736253 ] } },
{ "type": "Feature", "properties": { "CODI_PARADA": 3644, "NOM_PARADA": "Pg Sant Antoni - Pl Sants", "MARQUESINA": 1.0, "PAL": null, "PAL SOLAR": null, "PIU": null, "GEOMETRY": "POINT (2.135554292838076 41.37554737996402)", "Type": "Bus Stop", "Evaluation": "No PID" }, "geometry": { "type": "Point", "coordinates": [ 2.135554292838076, 41.375547379964019 ] } },
{ "type": "Feature", "properties": { "CODI_PARADA": 3645, "NOM_PARADA": "Metro Onze de Setembre", "MARQUESINA": 1.0, "PAL": null, "PAL SOLAR": null, "PIU": null, "GEOMETRY": "POINT (2.194859929840087 41.42816284253796)", "Type": "Bus Stop", "Evaluation": "No PID" }, "geometry": { "type": "Point", "coordinates": [ 2.194859929840087, 41.428162842537958 ] } },
{ "type": "Feature", "properties": { "CODI_PARADA": 3646, "NOM_PARADA": "Parc de Cervantes", "MARQUESINA": 1.0, "PAL": null, "PAL SOLAR": null, "PIU": null, "GEOMETRY": "POINT (2.1053764369510732 41.3860270820803)", "Type": "Bus Stop", "Evaluation": "No PID" }, "geometry": { "type": "Point", "coordinates": [ 2.105376436951073, 41.386027082080297 ] } },
{ "type": "Feature", "properties": { "CODI_PARADA": 3647, "NOM_PARADA": "Riera Blanca - Plaça Guernica", "MARQUESINA": null, "PAL": 1.0, "PAL SOLAR": null, "PIU": null, "GEOMETRY": "POINT (2.122800830521776 41.37499779811625)", "Type": "Bus Stop", "Evaluation": "No PID" }, "geometry": { "type": "Point", "coordinates": [ 2.122800830521776, 41.374997798116247 ] } },
{ "type": "Feature", "properties": { "CODI_PARADA": 3648, "NOM_PARADA": "Riera Blanca - Rambla Catalana", "MARQUESINA": null, "PAL": 1.0, "PAL SOLAR": null, "PIU": null, "GEOMETRY": "POINT (2.126256026567145 41.37226207387666)", "Type": "Bus Stop", "Evaluation": "No PID" }, "geometry": { "type": "Point", "coordinates": [ 2.126256026567145, 41.372262073876662 ] } },
{ "type": "Feature", "properties": { "CODI_PARADA": 3649, "NOM_PARADA": "Travessera de les Corts - Comte de Güell", "MARQUESINA": 1.0, "PAL": null, "PAL SOLAR": null, "PIU": 1.0, "GEOMETRY": "POINT (2.121946534508157 41.37823486540717)", "Type": "Bus Stop", "Evaluation": "Has PID" }, "geometry": { "type": "Point", "coordinates": [ 2.121946534508157, 41.378234865407173 ] } },
{ "type": "Feature", "properties": { "CODI_PARADA": 3650, "NOM_PARADA": "Riera Blanca - Congost", "MARQUESINA": null, "PAL": 1.0, "PAL SOLAR": null, "PIU": null, "GEOMETRY": "POINT (2.1287827047176067 41.370905833538096)", "Type": "Bus Stop", "Evaluation": "No PID" }, "geometry": { "type": "Point", "coordinates": [ 2.128782704717607, 41.370905833538096 ] } },
{ "type": "Feature", "properties": { "CODI_PARADA": 3651, "NOM_PARADA": "Metro Santa Eulàlia", "MARQUESINA": null, "PAL": 1.0, "PAL SOLAR": null, "PIU": null, "GEOMETRY": "POINT (2.1307939020644344 41.369159142765895)", "Type": "Bus Stop", "Evaluation": "No PID" }, "geometry": { "type": "Point", "coordinates": [ 2.130793902064434, 41.369159142765895 ] } },
{ "type": "Feature", "properties": { "CODI_PARADA": 3652, "NOM_PARADA": "Riera Blanca - Santiago Ramón y Cajal", "MARQUESINA": 1.0, "PAL": null, "PAL SOLAR": null, "PIU": 1.0, "GEOMETRY": "POINT (2.1309125607635755 41.36919308102604)", "Type": "Bus Stop", "Evaluation": "Has PID" }, "geometry": { "type": "Point", "coordinates": [ 2.130912560763575, 41.36919308102604 ] } },
{ "type": "Feature", "properties": { "CODI_PARADA": 3653, "NOM_PARADA": "Riera Blanca - Pavia", "MARQUESINA": 1.0, "PAL": null, "PAL SOLAR": null, "PIU": 1.0, "GEOMETRY": "POINT (2.12822735182125 41.371196412182954)", "Type": "Bus Stop", "Evaluation": "Has PID" }, "geometry": { "type": "Point", "coordinates": [ 2.12822735182125, 41.371196412182954 ] } },
{ "type": "Feature", "properties": { "CODI_PARADA": 3654, "NOM_PARADA": "Riera Blanca - Sant Frederic", "MARQUESINA": 1.0, "PAL": null, "PAL SOLAR": null, "PIU": 1.0, "GEOMETRY": "POINT (2.1260166400966116 41.372580591741496)", "Type": "Bus Stop", "Evaluation": "Has PID" }, "geometry": { "type": "Point", "coordinates": [ 2.126016640096612, 41.372580591741496 ] } },
{ "type": "Feature", "properties": { "CODI_PARADA": 3655, "NOM_PARADA": "Irlanda - Mossèn Jacint Verdaguer", "MARQUESINA": null, "PAL": 1.0, "PAL SOLAR": null, "PIU": null, "GEOMETRY": "POINT (2.214966194025819 41.44765790732954)", "Type": "Bus Stop", "Evaluation": "No PID" }, "geometry": { "type": "Point", "coordinates": [ 2.214966194025819, 41.447657907329543 ] } },
{ "type": "Feature", "properties": { "CODI_PARADA": 3656, "NOM_PARADA": "Sant Adrià - Ciutat d'Asunción", "MARQUESINA": 1.0, "PAL": null, "PAL SOLAR": null, "PIU": null, "GEOMETRY": "POINT (2.20048089831129 41.43572181547007)", "Type": "Bus Stop", "Evaluation": "No PID" }, "geometry": { "type": "Point", "coordinates": [ 2.20048089831129, 41.435721815470067 ] } },
{ "type": "Feature", "properties": { "CODI_PARADA": 3657, "NOM_PARADA": "Malats - Arbúcies", "MARQUESINA": null, "PAL": 1.0, "PAL SOLAR": null, "PIU": null, "GEOMETRY": "POINT (2.1863747510253266 41.436546469045226)", "Type": "Bus Stop", "Evaluation": "No PID" }, "geometry": { "type": "Point", "coordinates": [ 2.186374751025327, 41.436546469045226 ] } },
{ "type": "Feature", "properties": { "CODI_PARADA": 3658, "NOM_PARADA": "Malats - Gran de Sant Andreu", "MARQUESINA": null, "PAL": 1.0, "PAL SOLAR": null, "PIU": null, "GEOMETRY": "POINT (2.1893349497520975 41.436007960037706)", "Type": "Bus Stop", "Evaluation": "No PID" }, "geometry": { "type": "Point", "coordinates": [ 2.189334949752098, 41.436007960037706 ] } },
{ "type": "Feature", "properties": { "CODI_PARADA": 3661, "NOM_PARADA": "Riera Blanca - Regent Mendieta", "MARQUESINA": 1.0, "PAL": null, "PAL SOLAR": null, "PIU": 1.0, "GEOMETRY": "POINT (2.1218072107365553 41.37621790519755)", "Type": "Bus Stop", "Evaluation": "Has PID" }, "geometry": { "type": "Point", "coordinates": [ 2.121807210736555, 41.376217905197549 ] } },
{ "type": "Feature", "properties": { "CODI_PARADA": 3662, "NOM_PARADA": "Arístides Maillol - Trav de les Corts", "MARQUESINA": 1.0, "PAL": null, "PAL SOLAR": null, "PIU": 1.0, "GEOMETRY": "POINT (2.1212430205581785 41.378351894724766)", "Type": "Bus Stop", "Evaluation": "Has PID" }, "geometry": { "type": "Point", "coordinates": [ 2.121243020558178, 41.378351894724766 ] } },
{ "type": "Feature", "properties": { "CODI_PARADA": 3664, "NOM_PARADA": "St Feliu de Codines - Pau Sabater", "MARQUESINA": null, "PAL": 1.0, "PAL SOLAR": null, "PIU": null, "GEOMETRY": "POINT (2.1779790150723812 41.458621261626206)", "Type": "Bus Stop", "Evaluation": "No PID" }, "geometry": { "type": "Point", "coordinates": [ 2.177979015072381, 41.458621261626206 ] } },
{ "type": "Feature", "properties": { "CODI_PARADA": 3665, "NOM_PARADA": "St Feliu de Codines - Vilatorta", "MARQUESINA": null, "PAL": 1.0, "PAL SOLAR": null, "PIU": null, "GEOMETRY": "POINT (2.1772104671001054 41.45779325321307)", "Type": "Bus Stop", "Evaluation": "No PID" }, "geometry": { "type": "Point", "coordinates": [ 2.177210467100105, 41.457793253213069 ] } },
{ "type": "Feature", "properties": { "CODI_PARADA": 3666, "NOM_PARADA": "St Quirze de Safaja - St Feliu de Codines", "MARQUESINA": null, "PAL": 1.0, "PAL SOLAR": null, "PIU": null, "GEOMETRY": "POINT (2.1746146305349097 41.45610917590694)", "Type": "Bus Stop", "Evaluation": "No PID" }, "geometry": { "type": "Point", "coordinates": [ 2.17461463053491, 41.456109175906938 ] } },
{ "type": "Feature", "properties": { "CODI_PARADA": 3667, "NOM_PARADA": "Castellfollit - St Feliu de Codines", "MARQUESINA": null, "PAL": 1.0, "PAL SOLAR": null, "PIU": null, "GEOMETRY": "POINT (2.1749569843202554 41.45540056473904)", "Type": "Bus Stop", "Evaluation": "No PID" }, "geometry": { "type": "Point", "coordinates": [ 2.174956984320255, 41.455400564739037 ] } },
{ "type": "Feature", "properties": { "CODI_PARADA": 3668, "NOM_PARADA": "Castellfollit - Travessia Castellfollit", "MARQUESINA": null, "PAL": 1.0, "PAL SOLAR": null, "PIU": null, "GEOMETRY": "POINT (2.1760494646275728 41.455871218286866)", "Type": "Bus Stop", "Evaluation": "No PID" }, "geometry": { "type": "Point", "coordinates": [ 2.176049464627573, 41.455871218286866 ] } },
{ "type": "Feature", "properties": { "CODI_PARADA": 3669, "NOM_PARADA": "Prats de Rei - Castell d'Argençola", "MARQUESINA": null, "PAL": 1.0, "PAL SOLAR": null, "PIU": null, "GEOMETRY": "POINT (2.1742954180403817 41.45441689662621)", "Type": "Bus Stop", "Evaluation": "No PID" }, "geometry": { "type": "Point", "coordinates": [ 2.174295418040382, 41.454416896626213 ] } },
{ "type": "Feature", "properties": { "CODI_PARADA": 3670, "NOM_PARADA": "Castellví - Lliçà", "MARQUESINA": 1.0, "PAL": null, "PAL SOLAR": null, "PIU": null, "GEOMETRY": "POINT (2.1718610833320873 41.454078441406665)", "Type": "Bus Stop", "Evaluation": "No PID" }, "geometry": { "type": "Point", "coordinates": [ 2.171861083332087, 41.454078441406665 ] } },
{ "type": "Feature", "properties": { "CODI_PARADA": 3671, "NOM_PARADA": "Argençola - Lliçà", "MARQUESINA": null, "PAL": 1.0, "PAL SOLAR": null, "PIU": null, "GEOMETRY": "POINT (2.1735555295485742 41.454031621662935)", "Type": "Bus Stop", "Evaluation": "No PID" }, "geometry": { "type": "Point", "coordinates": [ 2.173555529548574, 41.454031621662935 ] } },
{ "type": "Feature", "properties": { "CODI_PARADA": 3672, "NOM_PARADA": "Pruit - Escolapi Càncer", "MARQUESINA": null, "PAL": 1.0, "PAL SOLAR": null, "PIU": null, "GEOMETRY": "POINT (2.1736917011986483 41.45297546358332)", "Type": "Bus Stop", "Evaluation": "No PID" }, "geometry": { "type": "Point", "coordinates": [ 2.173691701198648, 41.452975463583321 ] } },
{ "type": "Feature", "properties": { "CODI_PARADA": 3673, "NOM_PARADA": "Av dels Alps - Tanatori", "MARQUESINA": null, "PAL": 1.0, "PAL SOLAR": null, "PIU": null, "GEOMETRY": "POINT (2.0777918253037924 41.354931562832576)", "Type": "Bus Stop", "Evaluation": "No PID" }, "geometry": { "type": "Point", "coordinates": [ 2.077791825303792, 41.354931562832576 ] } },
{ "type": "Feature", "properties": { "CODI_PARADA": 3674, "NOM_PARADA": "Av Tibidabo - García Mariño", "MARQUESINA": 1.0, "PAL": null, "PAL SOLAR": null, "PIU": null, "GEOMETRY": "POINT (2.135741282387776 41.4121144429259)", "Type": "Bus Stop", "Evaluation": "No PID" }, "geometry": { "type": "Point", "coordinates": [ 2.135741282387776, 41.412114442925898 ] } },
{ "type": "Feature", "properties": { "CODI_PARADA": 3675, "NOM_PARADA": "Av Tibidabo - Bosch i Alsina", "MARQUESINA": 1.0, "PAL": null, "PAL SOLAR": null, "PIU": null, "GEOMETRY": "POINT (2.1343559712979 41.41371559034889)", "Type": "Bus Stop", "Evaluation": "No PID" }, "geometry": { "type": "Point", "coordinates": [ 2.1343559712979, 41.413715590348893 ] } },
{ "type": "Feature", "properties": { "CODI_PARADA": 3676, "NOM_PARADA": "Santander - Cànem", "MARQUESINA": 1.0, "PAL": null, "PAL SOLAR": null, "PIU": 1.0, "GEOMETRY": "POINT (2.204701064621093 41.43086028719309)", "Type": "Bus Stop", "Evaluation": "Has PID" }, "geometry": { "type": "Point", "coordinates": [ 2.204701064621093, 41.430860287193092 ] } },
{ "type": "Feature", "properties": { "CODI_PARADA": 3677, "NOM_PARADA": "Via Trajana - Santander", "MARQUESINA": null, "PAL": 1.0, "PAL SOLAR": null, "PIU": null, "GEOMETRY": "POINT (2.203404858671821 41.428299845090955)", "Type": "Bus Stop", "Evaluation": "No PID" }, "geometry": { "type": "Point", "coordinates": [ 2.203404858671821, 41.428299845090955 ] } },
{ "type": "Feature", "properties": { "CODI_PARADA": 3678, "NOM_PARADA": "Via Trajana - Binèfar", "MARQUESINA": null, "PAL": 1.0, "PAL SOLAR": null, "PIU": null, "GEOMETRY": "POINT (2.20631944649847 41.42691302449329)", "Type": "Bus Stop", "Evaluation": "No PID" }, "geometry": { "type": "Point", "coordinates": [ 2.20631944649847, 41.426913024493288 ] } },
{ "type": "Feature", "properties": { "CODI_PARADA": 3679, "NOM_PARADA": "Via Trajana - Guipúscoa", "MARQUESINA": null, "PAL": 1.0, "PAL SOLAR": null, "PIU": null, "GEOMETRY": "POINT (2.209065896467302 41.42567666779961)", "Type": "Bus Stop", "Evaluation": "No PID" }, "geometry": { "type": "Point", "coordinates": [ 2.209065896467302, 41.425676667799607 ] } },
{ "type": "Feature", "properties": { "CODI_PARADA": 3680, "NOM_PARADA": "Escola Túrbula", "MARQUESINA": 1.0, "PAL": null, "PAL SOLAR": null, "PIU": null, "GEOMETRY": "POINT (2.211304280578289 41.42358514619938)", "Type": "Bus Stop", "Evaluation": "No PID" }, "geometry": { "type": "Point", "coordinates": [ 2.211304280578289, 41.423585146199379 ] } },
{ "type": "Feature", "properties": { "CODI_PARADA": 3681, "NOM_PARADA": "Escola Túrbula", "MARQUESINA": 1.0, "PAL": null, "PAL SOLAR": null, "PIU": null, "GEOMETRY": "POINT (2.2113994085258213 41.423535251923745)", "Type": "Bus Stop", "Evaluation": "No PID" }, "geometry": { "type": "Point", "coordinates": [ 2.211399408525821, 41.423535251923745 ] } },
{ "type": "Feature", "properties": { "CODI_PARADA": 3682, "NOM_PARADA": "Via Trajana - Guipúscoa", "MARQUESINA": 1.0, "PAL": null, "PAL SOLAR": null, "PIU": null, "GEOMETRY": "POINT (2.208147364729184 41.426142874180485)", "Type": "Bus Stop", "Evaluation": "No PID" }, "geometry": { "type": "Point", "coordinates": [ 2.208147364729184, 41.426142874180485 ] } },
{ "type": "Feature", "properties": { "CODI_PARADA": 3683, "NOM_PARADA": "Via Trajana - Binèfar", "MARQUESINA": 1.0, "PAL": null, "PAL SOLAR": null, "PIU": null, "GEOMETRY": "POINT (2.206403860169006 41.426968097121375)", "Type": "Bus Stop", "Evaluation": "No PID" }, "geometry": { "type": "Point", "coordinates": [ 2.206403860169006, 41.426968097121375 ] } },
{ "type": "Feature", "properties": { "CODI_PARADA": 3684, "NOM_PARADA": "Via Trajana - Santander", "MARQUESINA": 1.0, "PAL": null, "PAL SOLAR": null, "PIU": null, "GEOMETRY": "POINT (2.2038983356990864 41.42815895629776)", "Type": "Bus Stop", "Evaluation": "No PID" }, "geometry": { "type": "Point", "coordinates": [ 2.203898335699086, 41.428158956297757 ] } },
{ "type": "Feature", "properties": { "CODI_PARADA": 3685, "NOM_PARADA": "Santander - Ferrocarril", "MARQUESINA": 1.0, "PAL": null, "PAL SOLAR": null, "PIU": 1.0, "GEOMETRY": "POINT (2.2053383527418764 41.43128393727571)", "Type": "Bus Stop", "Evaluation": "Has PID" }, "geometry": { "type": "Point", "coordinates": [ 2.205338352741876, 41.431283937275708 ] } },
{ "type": "Feature", "properties": { "CODI_PARADA": 3686, "NOM_PARADA": "CUAP Pura Fernández", "MARQUESINA": 1.0, "PAL": null, "PAL SOLAR": null, "PIU": null, "GEOMETRY": "POINT (2.104198247795976 41.356398796014275)", "Type": "Bus Stop", "Evaluation": "No PID" }, "geometry": { "type": "Point", "coordinates": [ 2.104198247795976, 41.356398796014275 ] } },
{ "type": "Feature", "properties": { "CODI_PARADA": 3687, "NOM_PARADA": "Rbla Marina - Ctra del Mig", "MARQUESINA": 1.0, "PAL": null, "PAL SOLAR": null, "PIU": null, "GEOMETRY": "POINT (2.105449068455764 41.353917465341695)", "Type": "Bus Stop", "Evaluation": "No PID" }, "geometry": { "type": "Point", "coordinates": [ 2.105449068455764, 41.353917465341695 ] } },
{ "type": "Feature", "properties": { "CODI_PARADA": 3688, "NOM_PARADA": "Extremadura - Guipúscoa", "MARQUESINA": 1.0, "PAL": null, "PAL SOLAR": null, "PIU": null, "GEOMETRY": "POINT (2.2092544928462874 41.42476454676752)", "Type": "Bus Stop", "Evaluation": "No PID" }, "geometry": { "type": "Point", "coordinates": [ 2.209254492846287, 41.42476454676752 ] } },
{ "type": "Feature", "properties": { "CODI_PARADA": 3689, "NOM_PARADA": "Extremadura - Guipúscoa", "MARQUESINA": null, "PAL": 1.0, "PAL SOLAR": null, "PIU": null, "GEOMETRY": "POINT (2.2094318674339823 41.42517356497147)", "Type": "Bus Stop", "Evaluation": "No PID" }, "geometry": { "type": "Point", "coordinates": [ 2.209431867433982, 41.425173564971473 ] } },
{ "type": "Feature", "properties": { "CODI_PARADA": 3690, "NOM_PARADA": "Ronda Sant Pau - Folch i Torres", "MARQUESINA": 1.0, "PAL": null, "PAL SOLAR": null, "PIU": null, "GEOMETRY": "POINT (2.1661599911320764 41.37648599264198)", "Type": "Bus Stop", "Evaluation": "No PID" }, "geometry": { "type": "Point", "coordinates": [ 2.166159991132076, 41.376485992641982 ] } },
{ "type": "Feature", "properties": { "CODI_PARADA": 3691, "NOM_PARADA": "Mecànica - Progrés", "MARQUESINA": null, "PAL": 1.0, "PAL SOLAR": null, "PIU": null, "GEOMETRY": "POINT (2.171564338788603 41.48496112391491)", "Type": "Bus Stop", "Evaluation": "No PID" }, "geometry": { "type": "Point", "coordinates": [ 2.171564338788603, 41.484961123914907 ] } },
{ "type": "Feature", "properties": { "CODI_PARADA": 3692, "NOM_PARADA": "Química - Progrés", "MARQUESINA": null, "PAL": 1.0, "PAL SOLAR": null, "PIU": null, "GEOMETRY": "POINT (2.1763155268658916 41.48384683940296)", "Type": "Bus Stop", "Evaluation": "No PID" }, "geometry": { "type": "Point", "coordinates": [ 2.176315526865892, 41.483846839402958 ] } },
{ "type": "Feature", "properties": { "CODI_PARADA": 3693, "NOM_PARADA": "Av Ferreria - Progrés", "MARQUESINA": null, "PAL": 1.0, "PAL SOLAR": null, "PIU": null, "GEOMETRY": "POINT (2.1779086973106296 41.48504015749258)", "Type": "Bus Stop", "Evaluation": "No PID" }, "geometry": { "type": "Point", "coordinates": [ 2.17790869731063, 41.485040157492577 ] } },
{ "type": "Feature", "properties": { "CODI_PARADA": 3694, "NOM_PARADA": "Vapor - Física", "MARQUESINA": null, "PAL": 1.0, "PAL SOLAR": null, "PIU": null, "GEOMETRY": "POINT (2.173623845410928 41.48732462527215)", "Type": "Bus Stop", "Evaluation": "No PID" }, "geometry": { "type": "Point", "coordinates": [ 2.173623845410928, 41.487324625272151 ] } },
{ "type": "Feature", "properties": { "CODI_PARADA": 3695, "NOM_PARADA": "Av Ferreria - Mecànica", "MARQUESINA": null, "PAL": 1.0, "PAL SOLAR": null, "PIU": null, "GEOMETRY": "POINT (2.1716089076108394 41.4860504216425)", "Type": "Bus Stop", "Evaluation": "No PID" }, "geometry": { "type": "Point", "coordinates": [ 2.171608907610839, 41.486050421642503 ] } },
{ "type": "Feature", "properties": { "CODI_PARADA": 3697, "NOM_PARADA": "Pg Sant Joan - Sant Antoni Maria Claret", "MARQUESINA": null, "PAL": 1.0, "PAL SOLAR": null, "PIU": null, "GEOMETRY": "POINT (2.1647866638885342 41.403301030508196)", "Type": "Bus Stop", "Evaluation": "No PID" }, "geometry": { "type": "Point", "coordinates": [ 2.164786663888534, 41.403301030508196 ] } },
{ "type": "Feature", "properties": { "CODI_PARADA": 3699, "NOM_PARADA": "Dante Alighieri - Estoril", "MARQUESINA": null, "PAL": null, "PAL SOLAR": 1.0, "PIU": 1.0, "GEOMETRY": "POINT (2.1619456201288476 41.42898811351933)", "Type": "Bus Stop", "Evaluation": "Has PID" }, "geometry": { "type": "Point", "coordinates": [ 2.161945620128848, 41.428988113519331 ] } },
{ "type": "Feature", "properties": { "CODI_PARADA": 3700, "NOM_PARADA": "Riera Blanca - Santa Eulàlia", "MARQUESINA": null, "PAL": 1.0, "PAL SOLAR": null, "PIU": null, "GEOMETRY": "POINT (2.1316426985475263 41.367751639101954)", "Type": "Bus Stop", "Evaluation": "No PID" }, "geometry": { "type": "Point", "coordinates": [ 2.131642698547526, 41.367751639101954 ] } },
{ "type": "Feature", "properties": { "CODI_PARADA": 3701, "NOM_PARADA": "Aprestadora - Buenos Aires", "MARQUESINA": null, "PAL": 1.0, "PAL SOLAR": null, "PIU": null, "GEOMETRY": "POINT (2.13102070039148 41.36548453596014)", "Type": "Bus Stop", "Evaluation": "No PID" }, "geometry": { "type": "Point", "coordinates": [ 2.13102070039148, 41.365484535960142 ] } },
{ "type": "Feature", "properties": { "CODI_PARADA": 3702, "NOM_PARADA": "Pl Francesc Macià", "MARQUESINA": null, "PAL": 1.0, "PAL SOLAR": null, "PIU": null, "GEOMETRY": "POINT (2.127757965492209 41.36320906304455)", "Type": "Bus Stop", "Evaluation": "No PID" }, "geometry": { "type": "Point", "coordinates": [ 2.127757965492209, 41.36320906304455 ] } },
{ "type": "Feature", "properties": { "CODI_PARADA": 3703, "NOM_PARADA": "Metro Provençana", "MARQUESINA": 1.0, "PAL": null, "PAL SOLAR": null, "PIU": null, "GEOMETRY": "POINT (2.124120497980925 41.361441556966874)", "Type": "Bus Stop", "Evaluation": "No PID" }, "geometry": { "type": "Point", "coordinates": [ 2.124120497980925, 41.361441556966874 ] } },
{ "type": "Feature", "properties": { "CODI_PARADA": 3704, "NOM_PARADA": "CAP Amadeu Torner", "MARQUESINA": 1.0, "PAL": null, "PAL SOLAR": null, "PIU": null, "GEOMETRY": "POINT (2.12301574892396 41.3604942335992)", "Type": "Bus Stop", "Evaluation": "No PID" }, "geometry": { "type": "Point", "coordinates": [ 2.12301574892396, 41.360494233599198 ] } },
{ "type": "Feature", "properties": { "CODI_PARADA": 3705, "NOM_PARADA": "Amadeu Torner - Jerusalem", "MARQUESINA": null, "PAL": 1.0, "PAL SOLAR": null, "PIU": null, "GEOMETRY": "POINT (2.1243493494744823 41.35823567330314)", "Type": "Bus Stop", "Evaluation": "No PID" }, "geometry": { "type": "Point", "coordinates": [ 2.124349349474482, 41.358235673303142 ] } },
{ "type": "Feature", "properties": { "CODI_PARADA": 3706, "NOM_PARADA": "Av Joan Carles I - Av Gran Via", "MARQUESINA": null, "PAL": 1.0, "PAL SOLAR": null, "PIU": null, "GEOMETRY": "POINT (2.1258408529939343 41.35570594361116)", "Type": "Bus Stop", "Evaluation": "No PID" }, "geometry": { "type": "Point", "coordinates": [ 2.125840852993934, 41.355705943611163 ] } },
{ "type": "Feature", "properties": { "CODI_PARADA": 3707, "NOM_PARADA": "Av Joan Carles I - Ciències", "MARQUESINA": null, "PAL": 1.0, "PAL SOLAR": null, "PIU": null, "GEOMETRY": "POINT (2.127558688377215 41.353596259520145)", "Type": "Bus Stop", "Evaluation": "No PID" }, "geometry": { "type": "Point", "coordinates": [ 2.127558688377215, 41.353596259520145 ] } },
{ "type": "Feature", "properties": { "CODI_PARADA": 3708, "NOM_PARADA": "Av Joan Carles I - Botànica", "MARQUESINA": null, "PAL": 1.0, "PAL SOLAR": null, "PIU": null, "GEOMETRY": "POINT (2.1296607782983763 41.35186575975651)", "Type": "Bus Stop", "Evaluation": "No PID" }, "geometry": { "type": "Point", "coordinates": [ 2.129660778298376, 41.351865759756507 ] } },
{ "type": "Feature", "properties": { "CODI_PARADA": 3709, "NOM_PARADA": "Pablo Iglesias - Miguel Hernández", "MARQUESINA": null, "PAL": 1.0, "PAL SOLAR": null, "PIU": null, "GEOMETRY": "POINT (2.1247227090113516 41.34635185428716)", "Type": "Bus Stop", "Evaluation": "No PID" }, "geometry": { "type": "Point", "coordinates": [ 2.124722709011352, 41.346351854287157 ] } },
{ "type": "Feature", "properties": { "CODI_PARADA": 3710, "NOM_PARADA": "Primer de maig - Botànica", "MARQUESINA": null, "PAL": 1.0, "PAL SOLAR": null, "PIU": null, "GEOMETRY": "POINT (2.122132589347098 41.34608061061286)", "Type": "Bus Stop", "Evaluation": "No PID" }, "geometry": { "type": "Point", "coordinates": [ 2.122132589347098, 41.346080610612859 ] } },
{ "type": "Feature", "properties": { "CODI_PARADA": 3711, "NOM_PARADA": "Botànica - Primer de Maig", "MARQUESINA": null, "PAL": 1.0, "PAL SOLAR": null, "PIU": null, "GEOMETRY": "POINT (2.123296534050394 41.34766770689578)", "Type": "Bus Stop", "Evaluation": "No PID" }, "geometry": { "type": "Point", "coordinates": [ 2.123296534050394, 41.347667706895777 ] } },
{ "type": "Feature", "properties": { "CODI_PARADA": 3712, "NOM_PARADA": "Av Joan Carles I - Ciències", "MARQUESINA": null, "PAL": 1.0, "PAL SOLAR": null, "PIU": null, "GEOMETRY": "POINT (2.1261363974905936 41.3556388284178)", "Type": "Bus Stop", "Evaluation": "No PID" }, "geometry": { "type": "Point", "coordinates": [ 2.126136397490594, 41.355638828417803 ] } },
{ "type": "Feature", "properties": { "CODI_PARADA": 3713, "NOM_PARADA": "Metro/FGC Europa - Fira", "MARQUESINA": null, "PAL": 1.0, "PAL SOLAR": null, "PIU": null, "GEOMETRY": "POINT (2.1248185266172395 41.357873197843645)", "Type": "Bus Stop", "Evaluation": "No PID" }, "geometry": { "type": "Point", "coordinates": [ 2.124818526617239, 41.357873197843645 ] } },
{ "type": "Feature", "properties": { "CODI_PARADA": 3714, "NOM_PARADA": "Amadeu Torner - Aprestadora", "MARQUESINA": null, "PAL": 1.0, "PAL SOLAR": null, "PIU": null, "GEOMETRY": "POINT (2.122465931922088 41.36185031288731)", "Type": "Bus Stop", "Evaluation": "No PID" }, "geometry": { "type": "Point", "coordinates": [ 2.122465931922088, 41.361850312887313 ] } },
{ "type": "Feature", "properties": { "CODI_PARADA": 3715, "NOM_PARADA": "Av Carrilet - Cooperativa", "MARQUESINA": null, "PAL": 1.0, "PAL SOLAR": null, "PIU": null, "GEOMETRY": "POINT (2.1224142011109532 41.36500028754613)", "Type": "Bus Stop", "Evaluation": "No PID" }, "geometry": { "type": "Point", "coordinates": [ 2.122414201110953, 41.365000287546131 ] } },
{ "type": "Feature", "properties": { "CODI_PARADA": 3716, "NOM_PARADA": "Av Carrilet - Comerç", "MARQUESINA": null, "PAL": 1.0, "PAL SOLAR": null, "PIU": null, "GEOMETRY": "POINT (2.12626962531156 41.364564179741485)", "Type": "Bus Stop", "Evaluation": "No PID" }, "geometry": { "type": "Point", "coordinates": [ 2.12626962531156, 41.364564179741485 ] } },
{ "type": "Feature", "properties": { "CODI_PARADA": 3718, "NOM_PARADA": "Riera Blanca - Santa Eulàlia", "MARQUESINA": null, "PAL": 1.0, "PAL SOLAR": null, "PIU": null, "GEOMETRY": "POINT (2.1316983999889456 41.3679111640638)", "Type": "Bus Stop", "Evaluation": "No PID" }, "geometry": { "type": "Point", "coordinates": [ 2.131698399988946, 41.367911164063798 ] } },
{ "type": "Feature", "properties": { "CODI_PARADA": 3719, "NOM_PARADA": "Iradier - Terré", "MARQUESINA": null, "PAL": 1.0, "PAL SOLAR": null, "PIU": null, "GEOMETRY": "POINT (2.1228884676332838 41.407100920699804)", "Type": "Bus Stop", "Evaluation": "No PID" }, "geometry": { "type": "Point", "coordinates": [ 2.122888467633284, 41.407100920699804 ] } },
{ "type": "Feature", "properties": { "CODI_PARADA": 3720, "NOM_PARADA": "Av Joan Carles I - Botànica", "MARQUESINA": null, "PAL": 1.0, "PAL SOLAR": null, "PIU": null, "GEOMETRY": "POINT (2.129859109382336 41.35201381569075)", "Type": "Bus Stop", "Evaluation": "No PID" }, "geometry": { "type": "Point", "coordinates": [ 2.129859109382336, 41.352013815690754 ] } },
{ "type": "Feature", "properties": { "CODI_PARADA": 3721, "NOM_PARADA": "Pl Maria Aurèlia Capmany", "MARQUESINA": null, "PAL": 1.0, "PAL SOLAR": null, "PIU": null, "GEOMETRY": "POINT (2.0585183203468342 41.37640787850937)", "Type": "Bus Stop", "Evaluation": "No PID" }, "geometry": { "type": "Point", "coordinates": [ 2.058518320346834, 41.376407878509369 ] } },
{ "type": "Feature", "properties": { "CODI_PARADA": 3722, "NOM_PARADA": "Meridiana - Aragó", "MARQUESINA": 1.0, "PAL": null, "PAL SOLAR": null, "PIU": 1.0, "GEOMETRY": "POINT (2.187132950498007 41.40821381185608)", "Type": "Bus Stop", "Evaluation": "Has PID" }, "geometry": { "type": "Point", "coordinates": [ 2.187132950498007, 41.408213811856079 ] } },
{ "type": "Feature", "properties": { "CODI_PARADA": 3723, "NOM_PARADA": "Sant Pau Recinte Modernista", "MARQUESINA": null, "PAL": null, "PAL SOLAR": 1.0, "PIU": null, "GEOMETRY": "POINT (2.173515489838484 41.41186608892814)", "Type": "Bus Stop", "Evaluation": "No PID" }, "geometry": { "type": "Point", "coordinates": [ 2.173515489838484, 41.411866088928143 ] } },
{ "type": "Feature", "properties": { "CODI_PARADA": 3724, "NOM_PARADA": "Hospital Sant Joan de Déu", "MARQUESINA": null, "PAL": null, "PAL SOLAR": 1.0, "PIU": 1.0, "GEOMETRY": "POINT (2.101504870303182 41.38357038766364)", "Type": "Bus Stop", "Evaluation": "Has PID" }, "geometry": { "type": "Point", "coordinates": [ 2.101504870303182, 41.383570387663639 ] } },
{ "type": "Feature", "properties": { "CODI_PARADA": 3725, "NOM_PARADA": "Av d'Ahrensburg - Av Jacint Esteva Fontanet", "MARQUESINA": 1.0, "PAL": null, "PAL SOLAR": null, "PIU": null, "GEOMETRY": "POINT (2.0979372578132556 41.38220701755252)", "Type": "Bus Stop", "Evaluation": "No PID" }, "geometry": { "type": "Point", "coordinates": [ 2.097937257813256, 41.382207017552517 ] } },
{ "type": "Feature", "properties": { "CODI_PARADA": 3727, "NOM_PARADA": "Federació Catalana de Tennis", "MARQUESINA": null, "PAL": 1.0, "PAL SOLAR": null, "PIU": null, "GEOMETRY": "POINT (2.145693697640887 41.43046679268482)", "Type": "Bus Stop", "Evaluation": "No PID" }, "geometry": { "type": "Point", "coordinates": [ 2.145693697640887, 41.430466792684818 ] } },
{ "type": "Feature", "properties": { "CODI_PARADA": 3728, "NOM_PARADA": "Plaça de les Sibil·les", "MARQUESINA": null, "PAL": 1.0, "PAL SOLAR": null, "PIU": null, "GEOMETRY": "POINT (2.1470626323592765 41.43179916740595)", "Type": "Bus Stop", "Evaluation": "No PID" }, "geometry": { "type": "Point", "coordinates": [ 2.147062632359277, 41.431799167405948 ] } },
{ "type": "Feature", "properties": { "CODI_PARADA": 3729, "NOM_PARADA": "Guàrdia Urbana Horta - Rda Guinardó", "MARQUESINA": 1.0, "PAL": null, "PAL SOLAR": null, "PIU": null, "GEOMETRY": "POINT (2.1508731355436765 41.43276417375336)", "Type": "Bus Stop", "Evaluation": "No PID" }, "geometry": { "type": "Point", "coordinates": [ 2.150873135543677, 41.432764173753363 ] } },
{ "type": "Feature", "properties": { "CODI_PARADA": 3730, "NOM_PARADA": "Plaça Joan Cornudella", "MARQUESINA": 1.0, "PAL": null, "PAL SOLAR": null, "PIU": null, "GEOMETRY": "POINT (2.148687532332934 41.43333017086472)", "Type": "Bus Stop", "Evaluation": "No PID" }, "geometry": { "type": "Point", "coordinates": [ 2.148687532332934, 41.433330170864721 ] } },
{ "type": "Feature", "properties": { "CODI_PARADA": 3732, "NOM_PARADA": "Maternitat", "MARQUESINA": null, "PAL": 1.0, "PAL SOLAR": null, "PIU": null, "GEOMETRY": "POINT (2.143205603248597 41.429520313374404)", "Type": "Bus Stop", "Evaluation": "No PID" }, "geometry": { "type": "Point", "coordinates": [ 2.143205603248597, 41.429520313374404 ] } },
{ "type": "Feature", "properties": { "CODI_PARADA": 3733, "NOM_PARADA": "Biblioteca Montbau", "MARQUESINA": null, "PAL": 1.0, "PAL SOLAR": null, "PIU": null, "GEOMETRY": "POINT (2.141994697460276 41.42962525394137)", "Type": "Bus Stop", "Evaluation": "No PID" }, "geometry": { "type": "Point", "coordinates": [ 2.141994697460276, 41.429625253941367 ] } },
{ "type": "Feature", "properties": { "CODI_PARADA": 3734, "NOM_PARADA": "Plaça de Montbau", "MARQUESINA": null, "PAL": 1.0, "PAL SOLAR": null, "PIU": null, "GEOMETRY": "POINT (2.142811688167187 41.43139002398134)", "Type": "Bus Stop", "Evaluation": "No PID" }, "geometry": { "type": "Point", "coordinates": [ 2.142811688167187, 41.431390023981344 ] } },
{ "type": "Feature", "properties": { "CODI_PARADA": 3735, "NOM_PARADA": "Pl Mossèn Ferran Palau", "MARQUESINA": null, "PAL": 1.0, "PAL SOLAR": null, "PIU": null, "GEOMETRY": "POINT (2.1451030962483157 41.433108073916515)", "Type": "Bus Stop", "Evaluation": "No PID" }, "geometry": { "type": "Point", "coordinates": [ 2.145103096248316, 41.433108073916515 ] } },
{ "type": "Feature", "properties": { "CODI_PARADA": 3736, "NOM_PARADA": "AFANOC", "MARQUESINA": null, "PAL": 1.0, "PAL SOLAR": null, "PIU": null, "GEOMETRY": "POINT (2.143288675440247 41.43447909147762)", "Type": "Bus Stop", "Evaluation": "No PID" }, "geometry": { "type": "Point", "coordinates": [ 2.143288675440247, 41.43447909147762 ] } },
{ "type": "Feature", "properties": { "CODI_PARADA": 3737, "NOM_PARADA": "CEIP Baloo", "MARQUESINA": null, "PAL": 1.0, "PAL SOLAR": null, "PIU": null, "GEOMETRY": "POINT (2.1418887777833766 41.433150207279304)", "Type": "Bus Stop", "Evaluation": "No PID" }, "geometry": { "type": "Point", "coordinates": [ 2.141888777783377, 41.433150207279304 ] } },
{ "type": "Feature", "properties": { "CODI_PARADA": 3738, "NOM_PARADA": "Parròquia de Sant Jeroni de Montbau", "MARQUESINA": null, "PAL": 1.0, "PAL SOLAR": null, "PIU": null, "GEOMETRY": "POINT (2.143466933129244 41.43273672912312)", "Type": "Bus Stop", "Evaluation": "No PID" }, "geometry": { "type": "Point", "coordinates": [ 2.143466933129244, 41.432736729123121 ] } },
{ "type": "Feature", "properties": { "CODI_PARADA": 3739, "NOM_PARADA": "Jardins de Montbau / Poesia", "MARQUESINA": null, "PAL": 1.0, "PAL SOLAR": null, "PIU": null, "GEOMETRY": "POINT (2.1419581795915086 41.43263393737466)", "Type": "Bus Stop", "Evaluation": "No PID" }, "geometry": { "type": "Point", "coordinates": [ 2.141958179591509, 41.432633937374661 ] } },
{ "type": "Feature", "properties": { "CODI_PARADA": 3740, "NOM_PARADA": "Roig i Solé - Música", "MARQUESINA": null, "PAL": 1.0, "PAL SOLAR": null, "PIU": null, "GEOMETRY": "POINT (2.1414725353685227 41.43206367615907)", "Type": "Bus Stop", "Evaluation": "No PID" }, "geometry": { "type": "Point", "coordinates": [ 2.141472535368523, 41.432063676159068 ] } },
{ "type": "Feature", "properties": { "CODI_PARADA": 3741, "NOM_PARADA": "Associació de Salut Mental Horta - Rda Guinardó", "MARQUESINA": null, "PAL": 1.0, "PAL SOLAR": null, "PIU": null, "GEOMETRY": "POINT (2.1403503606406717 41.429671883393766)", "Type": "Bus Stop", "Evaluation": "No PID" }, "geometry": { "type": "Point", "coordinates": [ 2.140350360640672, 41.429671883393766 ] } },
{ "type": "Feature", "properties": { "CODI_PARADA": 3742, "NOM_PARADA": "Pl Espanya - Fira Barcelona", "MARQUESINA": 1.0, "PAL": null, "PAL SOLAR": null, "PIU": null, "GEOMETRY": "POINT (2.1499019205044405 41.374748951321656)", "Type": "Bus Stop", "Evaluation": "No PID" }, "geometry": { "type": "Point", "coordinates": [ 2.149901920504441, 41.374748951321656 ] } },
{ "type": "Feature", "properties": { "CODI_PARADA": 3743, "NOM_PARADA": "Mühlberg - Ctra del Carmel", "MARQUESINA": null, "PAL": 1.0, "PAL SOLAR": null, "PIU": null, "GEOMETRY": "POINT (2.159045688570951 41.417995042682)", "Type": "Bus Stop", "Evaluation": "No PID" }, "geometry": { "type": "Point", "coordinates": [ 2.159045688570951, 41.417995042682001 ] } },
{ "type": "Feature", "properties": { "CODI_PARADA": 3744, "NOM_PARADA": "Mühlberg - Turó de la Rovira", "MARQUESINA": null, "PAL": 1.0, "PAL SOLAR": null, "PIU": null, "GEOMETRY": "POINT (2.159803167915418 41.41854750821627)", "Type": "Bus Stop", "Evaluation": "No PID" }, "geometry": { "type": "Point", "coordinates": [ 2.159803167915418, 41.418547508216271 ] } },
{ "type": "Feature", "properties": { "CODI_PARADA": 3746, "NOM_PARADA": "González Tablas - Cavallers", "MARQUESINA": null, "PAL": 1.0, "PAL SOLAR": null, "PIU": null, "GEOMETRY": "POINT (2.1078485628982384 41.38639438721729)", "Type": "Bus Stop", "Evaluation": "No PID" }, "geometry": { "type": "Point", "coordinates": [ 2.107848562898238, 41.386394387217287 ] } },
{ "type": "Feature", "properties": { "CODI_PARADA": 3747, "NOM_PARADA": "Les Corts - Benavent", "MARQUESINA": 1.0, "PAL": null, "PAL SOLAR": null, "PIU": 1.0, "GEOMETRY": "POINT (2.1245399146122548 41.379928830581704)", "Type": "Bus Stop", "Evaluation": "Has PID" }, "geometry": { "type": "Point", "coordinates": [ 2.124539914612255, 41.379928830581704 ] } },
{ "type": "Feature", "properties": { "CODI_PARADA": 3750, "NOM_PARADA": "Caracas - Cuzco", "MARQUESINA": 1.0, "PAL": null, "PAL SOLAR": null, "PIU": null, "GEOMETRY": "POINT (2.20350187095069 41.44065279139078)", "Type": "Bus Stop", "Evaluation": "No PID" }, "geometry": { "type": "Point", "coordinates": [ 2.20350187095069, 41.440652791390782 ] } },
{ "type": "Feature", "properties": { "CODI_PARADA": 3751, "NOM_PARADA": "Juan de la Cierva - Av Jacint Esteva Fontanet", "MARQUESINA": null, "PAL": 1.0, "PAL SOLAR": null, "PIU": null, "GEOMETRY": "POINT (2.0965382086853968 41.38297961350774)", "Type": "Bus Stop", "Evaluation": "No PID" }, "geometry": { "type": "Point", "coordinates": [ 2.096538208685397, 41.382979613507743 ] } },
{ "type": "Feature", "properties": { "CODI_PARADA": 3752, "NOM_PARADA": "Juan de la Cierva - Pau Casals", "MARQUESINA": null, "PAL": null, "PAL SOLAR": 1.0, "PIU": 1.0, "GEOMETRY": "POINT (2.0997067865214465 41.383641397945425)", "Type": "Bus Stop", "Evaluation": "Has PID" }, "geometry": { "type": "Point", "coordinates": [ 2.099706786521446, 41.383641397945425 ] } },
{ "type": "Feature", "properties": { "CODI_PARADA": 3753, "NOM_PARADA": "Hospital Sant Joan de Déu", "MARQUESINA": 1.0, "PAL": null, "PAL SOLAR": null, "PIU": null, "GEOMETRY": "POINT (2.1012375860775214 41.383606277792296)", "Type": "Bus Stop", "Evaluation": "No PID" }, "geometry": { "type": "Point", "coordinates": [ 2.101237586077521, 41.383606277792296 ] } },
{ "type": "Feature", "properties": { "CODI_PARADA": 3754, "NOM_PARADA": "Calàbria - Manso", "MARQUESINA": 1.0, "PAL": null, "PAL SOLAR": null, "PIU": null, "GEOMETRY": "POINT (2.1593367991758 41.37650225363717)", "Type": "Bus Stop", "Evaluation": "No PID" }, "geometry": { "type": "Point", "coordinates": [ 2.1593367991758, 41.37650225363717 ] } },
{ "type": "Feature", "properties": { "CODI_PARADA": 3755, "NOM_PARADA": "Jocs del 92 - INEFC", "MARQUESINA": 1.0, "PAL": null, "PAL SOLAR": null, "PIU": null, "GEOMETRY": "POINT (2.1460741018977965 41.36503147041931)", "Type": "Bus Stop", "Evaluation": "No PID" }, "geometry": { "type": "Point", "coordinates": [ 2.146074101897796, 41.365031470419311 ] } },
{ "type": "Feature", "properties": { "CODI_PARADA": 3760, "NOM_PARADA": "Carrer A - Carrer número 27", "MARQUESINA": 1.0, "PAL": null, "PAL SOLAR": null, "PIU": null, "GEOMETRY": "POINT (2.14014535443494 41.335586327788434)", "Type": "Bus Stop", "Evaluation": "No PID" }, "geometry": { "type": "Point", "coordinates": [ 2.14014535443494, 41.335586327788434 ] } },
{ "type": "Feature", "properties": { "CODI_PARADA": 3761, "NOM_PARADA": "Ciutat d'Asunción - Ferran Junoy", "MARQUESINA": 1.0, "PAL": null, "PAL SOLAR": null, "PIU": null, "GEOMETRY": "POINT (2.198484287865769 41.44597669238723)", "Type": "Bus Stop", "Evaluation": "No PID" }, "geometry": { "type": "Point", "coordinates": [ 2.198484287865769, 41.445976692387227 ] } },
{ "type": "Feature", "properties": { "CODI_PARADA": 3762, "NOM_PARADA": "València - Tarragona", "MARQUESINA": null, "PAL": 1.0, "PAL SOLAR": null, "PIU": null, "GEOMETRY": "POINT (2.145558896366476 41.37925207434066)", "Type": "Bus Stop", "Evaluation": "No PID" }, "geometry": { "type": "Point", "coordinates": [ 2.145558896366476, 41.379252074340663 ] } },
{ "type": "Feature", "properties": { "CODI_PARADA": 3763, "NOM_PARADA": "Diputació - Vilamarí", "MARQUESINA": null, "PAL": 1.0, "PAL SOLAR": null, "PIU": null, "GEOMETRY": "POINT (2.1497446214919185 41.377452927065896)", "Type": "Bus Stop", "Evaluation": "No PID" }, "geometry": { "type": "Point", "coordinates": [ 2.149744621491918, 41.377452927065896 ] } },
{ "type": "Feature", "properties": { "CODI_PARADA": 3764, "NOM_PARADA": "Diputació - Tarragona", "MARQUESINA": 1.0, "PAL": null, "PAL SOLAR": null, "PIU": null, "GEOMETRY": "POINT (2.1485694557844277 41.376571884799084)", "Type": "Bus Stop", "Evaluation": "No PID" }, "geometry": { "type": "Point", "coordinates": [ 2.148569455784428, 41.376571884799084 ] } },
{ "type": "Feature", "properties": { "CODI_PARADA": 3765, "NOM_PARADA": "Vista Bella - Infanta Isabel", "MARQUESINA": null, "PAL": 1.0, "PAL SOLAR": null, "PIU": null, "GEOMETRY": "POINT (2.1298263903019756 41.410147122684734)", "Type": "Bus Stop", "Evaluation": "No PID" }, "geometry": { "type": "Point", "coordinates": [ 2.129826390301976, 41.410147122684734 ] } },
{ "type": "Feature", "properties": { "CODI_PARADA": 3766, "NOM_PARADA": "Cavallers - González Tablas", "MARQUESINA": null, "PAL": 1.0, "PAL SOLAR": null, "PIU": null, "GEOMETRY": "POINT (2.1079257256568944 41.387455021004804)", "Type": "Bus Stop", "Evaluation": "No PID" }, "geometry": { "type": "Point", "coordinates": [ 2.107925725656894, 41.387455021004804 ] } },
{ "type": "Feature", "properties": { "CODI_PARADA": 3767, "NOM_PARADA": "Berlín - Numància", "MARQUESINA": 1.0, "PAL": null, "PAL SOLAR": null, "PIU": 1.0, "GEOMETRY": "POINT (2.1386075645722893 41.38292590772388)", "Type": "Bus Stop", "Evaluation": "Has PID" }, "geometry": { "type": "Point", "coordinates": [ 2.138607564572289, 41.38292590772388 ] } },
{ "type": "Feature", "properties": { "CODI_PARADA": 3768, "NOM_PARADA": "Carrer A - Cotxeres TB Zona Franca", "MARQUESINA": null, "PAL": 1.0, "PAL SOLAR": null, "PIU": null, "GEOMETRY": "POINT (2.1373450676922596 41.33102480158839)", "Type": "Bus Stop", "Evaluation": "No PID" }, "geometry": { "type": "Point", "coordinates": [ 2.13734506769226, 41.331024801588391 ] } },
{ "type": "Feature", "properties": { "CODI_PARADA": 3769, "NOM_PARADA": "Aiguablava - Sa Tuna", "MARQUESINA": 1.0, "PAL": null, "PAL SOLAR": null, "PIU": 1.0, "GEOMETRY": "POINT (2.1865295280951575 41.45272482936079)", "Type": "Bus Stop", "Evaluation": "Has PID" }, "geometry": { "type": "Point", "coordinates": [ 2.186529528095158, 41.45272482936079 ] } },
{ "type": "Feature", "properties": { "CODI_PARADA": 3770, "NOM_PARADA": "Aiguablava - Sa Tuna", "MARQUESINA": null, "PAL": 1.0, "PAL SOLAR": null, "PIU": null, "GEOMETRY": "POINT (2.1867004950236 41.45297768557786)", "Type": "Bus Stop", "Evaluation": "No PID" }, "geometry": { "type": "Point", "coordinates": [ 2.1867004950236, 41.452977685577856 ] } },
{ "type": "Feature", "properties": { "CODI_PARADA": 3771, "NOM_PARADA": "Pl Borràs", "MARQUESINA": null, "PAL": null, "PAL SOLAR": 1.0, "PIU": 1.0, "GEOMETRY": "POINT (2.1168370720097105 41.403938102831766)", "Type": "Bus Stop", "Evaluation": "Has PID" }, "geometry": { "type": "Point", "coordinates": [ 2.11683707200971, 41.403938102831766 ] } },
{ "type": "Feature", "properties": { "CODI_PARADA": 3774, "NOM_PARADA": "Can Valero - Doctor Font i Quer", "MARQUESINA": null, "PAL": 1.0, "PAL SOLAR": null, "PIU": null, "GEOMETRY": "POINT (2.16004465389373 41.364741017556575)", "Type": "Bus Stop", "Evaluation": "No PID" }, "geometry": { "type": "Point", "coordinates": [ 2.16004465389373, 41.364741017556575 ] } },
{ "type": "Feature", "properties": { "CODI_PARADA": 3775, "NOM_PARADA": "Sa Tuna - Palamós", "MARQUESINA": null, "PAL": 1.0, "PAL SOLAR": null, "PIU": null, "GEOMETRY": "POINT (2.18751569268135 41.45199246971373)", "Type": "Bus Stop", "Evaluation": "No PID" }, "geometry": { "type": "Point", "coordinates": [ 2.18751569268135, 41.45199246971373 ] } },
{ "type": "Feature", "properties": { "CODI_PARADA": 3776, "NOM_PARADA": "Indústria - Ctra Ripollet", "MARQUESINA": null, "PAL": 1.0, "PAL SOLAR": null, "PIU": null, "GEOMETRY": "POINT (2.1774782356663174 41.49294851141294)", "Type": "Bus Stop", "Evaluation": "No PID" }, "geometry": { "type": "Point", "coordinates": [ 2.177478235666317, 41.492948511412941 ] } },
{ "type": "Feature", "properties": { "CODI_PARADA": 3777, "NOM_PARADA": "Bach - Ctra Ripollet", "MARQUESINA": null, "PAL": 1.0, "PAL SOLAR": null, "PIU": null, "GEOMETRY": "POINT (2.17754154757096 41.49285346414851)", "Type": "Bus Stop", "Evaluation": "No PID" }, "geometry": { "type": "Point", "coordinates": [ 2.17754154757096, 41.49285346414851 ] } },
{ "type": "Feature", "properties": { "CODI_PARADA": 3778, "NOM_PARADA": "Av Europa - Victòria dels Àngels", "MARQUESINA": null, "PAL": 1.0, "PAL SOLAR": null, "PIU": null, "GEOMETRY": "POINT (2.1810428741243664 41.49921386766165)", "Type": "Bus Stop", "Evaluation": "No PID" }, "geometry": { "type": "Point", "coordinates": [ 2.181042874124366, 41.499213867661652 ] } },
{ "type": "Feature", "properties": { "CODI_PARADA": 3780, "NOM_PARADA": "Amílcar - Pl Catalana", "MARQUESINA": null, "PAL": 1.0, "PAL SOLAR": null, "PIU": null, "GEOMETRY": "POINT (2.1729902862014727 41.42128204747617)", "Type": "Bus Stop", "Evaluation": "No PID" }, "geometry": { "type": "Point", "coordinates": [ 2.172990286201473, 41.421282047476168 ] } },
{ "type": "Feature", "properties": { "CODI_PARADA": 3781, "NOM_PARADA": "Meridiana - Metro Clot", "MARQUESINA": 1.0, "PAL": null, "PAL SOLAR": null, "PIU": null, "GEOMETRY": "POINT (2.18710924938834 41.40944901347461)", "Type": "Bus Stop", "Evaluation": "No PID" }, "geometry": { "type": "Point", "coordinates": [ 2.18710924938834, 41.409449013474607 ] } },
{ "type": "Feature", "properties": { "CODI_PARADA": 3782, "NOM_PARADA": "Oristà - Pl Primer de Maig", "MARQUESINA": null, "PAL": 1.0, "PAL SOLAR": null, "PIU": null, "GEOMETRY": "POINT (2.1856864252290626 41.46540947670634)", "Type": "Bus Stop", "Evaluation": "No PID" }, "geometry": { "type": "Point", "coordinates": [ 2.185686425229063, 41.465409476706341 ] } },
{ "type": "Feature", "properties": { "CODI_PARADA": 3784, "NOM_PARADA": "Aiguablava - Llosa", "MARQUESINA": null, "PAL": 1.0, "PAL SOLAR": null, "PIU": null, "GEOMETRY": "POINT (2.1857490436558105 41.45067185215894)", "Type": "Bus Stop", "Evaluation": "No PID" }, "geometry": { "type": "Point", "coordinates": [ 2.18574904365581, 41.450671852158941 ] } },
{ "type": "Feature", "properties": { "CODI_PARADA": 3785, "NOM_PARADA": "Torre Vella - Oristà", "MARQUESINA": null, "PAL": 1.0, "PAL SOLAR": null, "PIU": null, "GEOMETRY": "POINT (2.1843177953223347 41.46306526569658)", "Type": "Bus Stop", "Evaluation": "No PID" }, "geometry": { "type": "Point", "coordinates": [ 2.184317795322335, 41.463065265696578 ] } },
{ "type": "Feature", "properties": { "CODI_PARADA": 3787, "NOM_PARADA": "Rodrigo Caro - Turó de les Roquetes", "MARQUESINA": null, "PAL": 1.0, "PAL SOLAR": null, "PIU": null, "GEOMETRY": "POINT (2.1725441358404014 41.44767894779513)", "Type": "Bus Stop", "Evaluation": "No PID" }, "geometry": { "type": "Point", "coordinates": [ 2.172544135840401, 41.447678947795133 ] } },
{ "type": "Feature", "properties": { "CODI_PARADA": 3788, "NOM_PARADA": "Cantera - Baixada del Pedregar", "MARQUESINA": null, "PAL": 1.0, "PAL SOLAR": null, "PIU": null, "GEOMETRY": "POINT (2.1748859948298023 41.44894877888938)", "Type": "Bus Stop", "Evaluation": "No PID" }, "geometry": { "type": "Point", "coordinates": [ 2.174885994829802, 41.448948778889381 ] } },
{ "type": "Feature", "properties": { "CODI_PARADA": 3790, "NOM_PARADA": "Pg Valldaura - Metro Valldaura", "MARQUESINA": null, "PAL": 1.0, "PAL SOLAR": null, "PIU": null, "GEOMETRY": "POINT (2.155977273471974 41.43747837128855)", "Type": "Bus Stop", "Evaluation": "No PID" }, "geometry": { "type": "Point", "coordinates": [ 2.155977273471974, 41.437478371288549 ] } },
{ "type": "Feature", "properties": { "CODI_PARADA": 3792, "NOM_PARADA": "Congrés - Porrera", "MARQUESINA": null, "PAL": 1.0, "PAL SOLAR": null, "PIU": null, "GEOMETRY": "POINT (2.1592730149142234 41.43789754059935)", "Type": "Bus Stop", "Evaluation": "No PID" }, "geometry": { "type": "Point", "coordinates": [ 2.159273014914223, 41.437897540599351 ] } },
{ "type": "Feature", "properties": { "CODI_PARADA": 3793, "NOM_PARADA": "Fira Barcelona", "MARQUESINA": null, "PAL": 1.0, "PAL SOLAR": null, "PIU": null, "GEOMETRY": "POINT (2.150248158410776 41.373611785398175)", "Type": "Bus Stop", "Evaluation": "No PID" }, "geometry": { "type": "Point", "coordinates": [ 2.150248158410776, 41.373611785398175 ] } },
{ "type": "Feature", "properties": { "CODI_PARADA": 3797, "NOM_PARADA": "Metro Ernest Lluch", "MARQUESINA": 1.0, "PAL": null, "PAL SOLAR": null, "PIU": null, "GEOMETRY": "POINT (2.11187323785874 41.37661479979032)", "Type": "Bus Stop", "Evaluation": "No PID" }, "geometry": { "type": "Point", "coordinates": [ 2.11187323785874, 41.376614799790318 ] } },
{ "type": "Feature", "properties": { "CODI_PARADA": 3799, "NOM_PARADA": "Aragó - Pg de Sant Joan", "MARQUESINA": null, "PAL": null, "PAL SOLAR": 1.0, "PIU": 1.0, "GEOMETRY": "POINT (2.171526067958417 41.39729255150075)", "Type": "Bus Stop", "Evaluation": "Has PID" }, "geometry": { "type": "Point", "coordinates": [ 2.171526067958417, 41.397292551500747 ] } },
{ "type": "Feature", "properties": { "CODI_PARADA": 3800, "NOM_PARADA": "Aragó - Pg de Gràcia", "MARQUESINA": null, "PAL": null, "PAL SOLAR": 1.0, "PIU": 1.0, "GEOMETRY": "POINT (2.1642984886385017 41.39185213722168)", "Type": "Bus Stop", "Evaluation": "Has PID" }, "geometry": { "type": "Point", "coordinates": [ 2.164298488638502, 41.391852137221683 ] } },
{ "type": "Feature", "properties": { "CODI_PARADA": 3801, "NOM_PARADA": "Aragó - Muntaner", "MARQUESINA": null, "PAL": null, "PAL SOLAR": 1.0, "PIU": 1.0, "GEOMETRY": "POINT (2.1589299295509017 41.387814189225715)", "Type": "Bus Stop", "Evaluation": "Has PID" }, "geometry": { "type": "Point", "coordinates": [ 2.158929929550902, 41.387814189225715 ] } },
{ "type": "Feature", "properties": { "CODI_PARADA": 3802, "NOM_PARADA": "Diagonal - Pl Francesc Macià", "MARQUESINA": 1.0, "PAL": null, "PAL SOLAR": null, "PIU": null, "GEOMETRY": "POINT (2.1436083023206502 41.392357982058456)", "Type": "Bus Stop", "Evaluation": "No PID" }, "geometry": { "type": "Point", "coordinates": [ 2.14360830232065, 41.392357982058456 ] } },
{ "type": "Feature", "properties": { "CODI_PARADA": 3803, "NOM_PARADA": "Casp - Pg de Sant Joan", "MARQUESINA": 1.0, "PAL": null, "PAL SOLAR": null, "PIU": null, "GEOMETRY": "POINT (2.1772655828160197 41.394213195524394)", "Type": "Bus Stop", "Evaluation": "No PID" }, "geometry": { "type": "Point", "coordinates": [ 2.17726558281602, 41.394213195524394 ] } },
{ "type": "Feature", "properties": { "CODI_PARADA": 3804, "NOM_PARADA": "Casp - Girona", "MARQUESINA": 1.0, "PAL": null, "PAL SOLAR": null, "PIU": null, "GEOMETRY": "POINT (2.174908155560908 41.392438300365065)", "Type": "Bus Stop", "Evaluation": "No PID" }, "geometry": { "type": "Point", "coordinates": [ 2.174908155560908, 41.392438300365065 ] } },
{ "type": "Feature", "properties": { "CODI_PARADA": 3805, "NOM_PARADA": "Casp - Pau Claris", "MARQUESINA": 1.0, "PAL": null, "PAL SOLAR": null, "PIU": null, "GEOMETRY": "POINT (2.1706593874882816 41.38924779138895)", "Type": "Bus Stop", "Evaluation": "No PID" }, "geometry": { "type": "Point", "coordinates": [ 2.170659387488282, 41.389247791388946 ] } },
{ "type": "Feature", "properties": { "CODI_PARADA": 3806, "NOM_PARADA": "Aragó - Lepant", "MARQUESINA": 1.0, "PAL": null, "PAL SOLAR": null, "PIU": 1.0, "GEOMETRY": "POINT (2.1785079144731463 41.402487931783305)", "Type": "Bus Stop", "Evaluation": "Has PID" }, "geometry": { "type": "Point", "coordinates": [ 2.178507914473146, 41.402487931783305 ] } },
{ "type": "Feature", "properties": { "CODI_PARADA": 3807, "NOM_PARADA": "Independència - Meridiana", "MARQUESINA": null, "PAL": 1.0, "PAL SOLAR": null, "PIU": null, "GEOMETRY": "POINT (2.186249739871363 41.40567590868913)", "Type": "Bus Stop", "Evaluation": "No PID" }, "geometry": { "type": "Point", "coordinates": [ 2.186249739871363, 41.405675908689133 ] } },
{ "type": "Feature", "properties": { "CODI_PARADA": 3809, "NOM_PARADA": "Pl Roja - Vallcivera", "MARQUESINA": null, "PAL": 1.0, "PAL SOLAR": null, "PIU": null, "GEOMETRY": "POINT (2.1792899372965278 41.461118836046346)", "Type": "Bus Stop", "Evaluation": "No PID" }, "geometry": { "type": "Point", "coordinates": [ 2.179289937296528, 41.461118836046346 ] } },
{ "type": "Feature", "properties": { "CODI_PARADA": 3810, "NOM_PARADA": "La Campana", "MARQUESINA": null, "PAL": 1.0, "PAL SOLAR": null, "PIU": null, "GEOMETRY": "POINT (2.139020364447429 41.367623577277605)", "Type": "Bus Stop", "Evaluation": "No PID" }, "geometry": { "type": "Point", "coordinates": [ 2.139020364447429, 41.367623577277605 ] } },
{ "type": "Feature", "properties": { "CODI_PARADA": 3812, "NOM_PARADA": "Arc de Triomf - Barcelona Nord", "MARQUESINA": null, "PAL": null, "PAL SOLAR": 1.0, "PIU": null, "GEOMETRY": "POINT (2.1820193152075307 41.394540148277414)", "Type": "Bus Stop", "Evaluation": "No PID" }, "geometry": { "type": "Point", "coordinates": [ 2.182019315207531, 41.394540148277414 ] } },
{ "type": "Feature", "properties": { "CODI_PARADA": 3813, "NOM_PARADA": "Meridiana - Navas de Tolosa", "MARQUESINA": 1.0, "PAL": null, "PAL SOLAR": null, "PIU": null, "GEOMETRY": "POINT (2.187067491619881 41.41431293072346)", "Type": "Bus Stop", "Evaluation": "No PID" }, "geometry": { "type": "Point", "coordinates": [ 2.187067491619881, 41.414312930723462 ] } },
{ "type": "Feature", "properties": { "CODI_PARADA": 3814, "NOM_PARADA": "Via Favència - Pablo Iglesias", "MARQUESINA": null, "PAL": 1.0, "PAL SOLAR": null, "PIU": null, "GEOMETRY": "POINT (2.1823633258967283 41.44630849502044)", "Type": "Bus Stop", "Evaluation": "No PID" }, "geometry": { "type": "Point", "coordinates": [ 2.182363325896728, 41.446308495020439 ] } },
{ "type": "Feature", "properties": { "CODI_PARADA": 3815, "NOM_PARADA": "St Feliu de Codines - Metro Torre Baró/Vallbona", "MARQUESINA": null, "PAL": 1.0, "PAL SOLAR": null, "PIU": null, "GEOMETRY": "POINT (2.1803179536310977 41.46023392170292)", "Type": "Bus Stop", "Evaluation": "No PID" }, "geometry": { "type": "Point", "coordinates": [ 2.180317953631098, 41.460233921702923 ] } },
{ "type": "Feature", "properties": { "CODI_PARADA": 3816, "NOM_PARADA": "Llerona - Avinyonet", "MARQUESINA": null, "PAL": 1.0, "PAL SOLAR": null, "PIU": null, "GEOMETRY": "POINT (2.1805262126400353 41.456066347449436)", "Type": "Bus Stop", "Evaluation": "No PID" }, "geometry": { "type": "Point", "coordinates": [ 2.180526212640035, 41.456066347449436 ] } },
{ "type": "Feature", "properties": { "CODI_PARADA": 3817, "NOM_PARADA": "Hospital El Pilar", "MARQUESINA": null, "PAL": 1.0, "PAL SOLAR": null, "PIU": null, "GEOMETRY": "POINT (2.1486906643748136 41.400056404366815)", "Type": "Bus Stop", "Evaluation": "No PID" }, "geometry": { "type": "Point", "coordinates": [ 2.148690664374814, 41.400056404366815 ] } },
{ "type": "Feature", "properties": { "CODI_PARADA": 3818, "NOM_PARADA": "Madrazo - Aribau", "MARQUESINA": null, "PAL": 1.0, "PAL SOLAR": null, "PIU": null, "GEOMETRY": "POINT (2.1473802507543223 41.39900731755003)", "Type": "Bus Stop", "Evaluation": "No PID" }, "geometry": { "type": "Point", "coordinates": [ 2.147380250754322, 41.39900731755003 ] } },
{ "type": "Feature", "properties": { "CODI_PARADA": 3819, "NOM_PARADA": "Mercat de Galvany", "MARQUESINA": null, "PAL": 1.0, "PAL SOLAR": null, "PIU": null, "GEOMETRY": "POINT (2.1432202478231734 41.39595577828466)", "Type": "Bus Stop", "Evaluation": "No PID" }, "geometry": { "type": "Point", "coordinates": [ 2.143220247823173, 41.395955778284659 ] } },
{ "type": "Feature", "properties": { "CODI_PARADA": 3820, "NOM_PARADA": "Turó Park", "MARQUESINA": null, "PAL": 1.0, "PAL SOLAR": null, "PIU": null, "GEOMETRY": "POINT (2.1430634626199145 41.394236451930304)", "Type": "Bus Stop", "Evaluation": "No PID" }, "geometry": { "type": "Point", "coordinates": [ 2.143063462619915, 41.394236451930304 ] } },
{ "type": "Feature", "properties": { "CODI_PARADA": 3821, "NOM_PARADA": "Bori i Fontestà- Ganduxer", "MARQUESINA": null, "PAL": 1.0, "PAL SOLAR": null, "PIU": null, "GEOMETRY": "POINT (2.1381646147000604 41.39297903275849)", "Type": "Bus Stop", "Evaluation": "No PID" }, "geometry": { "type": "Point", "coordinates": [ 2.13816461470006, 41.39297903275849 ] } },
{ "type": "Feature", "properties": { "CODI_PARADA": 3822, "NOM_PARADA": "Dr Fleming - Bori i Fontestà", "MARQUESINA": null, "PAL": 1.0, "PAL SOLAR": null, "PIU": null, "GEOMETRY": "POINT (2.135463491735732 41.39325864309608)", "Type": "Bus Stop", "Evaluation": "No PID" }, "geometry": { "type": "Point", "coordinates": [ 2.135463491735732, 41.393258643096082 ] } },
{ "type": "Feature", "properties": { "CODI_PARADA": 3823, "NOM_PARADA": "Modolell - Ganduxer", "MARQUESINA": null, "PAL": 1.0, "PAL SOLAR": null, "PIU": null, "GEOMETRY": "POINT (2.1375575009418757 41.3950806563239)", "Type": "Bus Stop", "Evaluation": "No PID" }, "geometry": { "type": "Point", "coordinates": [ 2.137557500941876, 41.395080656323898 ] } },
{ "type": "Feature", "properties": { "CODI_PARADA": 3824, "NOM_PARADA": "Modolell - Via Augusta", "MARQUESINA": null, "PAL": 1.0, "PAL SOLAR": null, "PIU": null, "GEOMETRY": "POINT (2.1374524251807308 41.39809047884405)", "Type": "Bus Stop", "Evaluation": "No PID" }, "geometry": { "type": "Point", "coordinates": [ 2.137452425180731, 41.398090478844047 ] } },
{ "type": "Feature", "properties": { "CODI_PARADA": 3825, "NOM_PARADA": "CAP Adrià", "MARQUESINA": null, "PAL": 1.0, "PAL SOLAR": null, "PIU": null, "GEOMETRY": "POINT (2.138666150184618 41.40032781518059)", "Type": "Bus Stop", "Evaluation": "No PID" }, "geometry": { "type": "Point", "coordinates": [ 2.138666150184618, 41.400327815180589 ] } },
{ "type": "Feature", "properties": { "CODI_PARADA": 3826, "NOM_PARADA": "Plaça de Castelló", "MARQUESINA": null, "PAL": 1.0, "PAL SOLAR": null, "PIU": null, "GEOMETRY": "POINT (2.1411453969936254 41.398933839623396)", "Type": "Bus Stop", "Evaluation": "No PID" }, "geometry": { "type": "Point", "coordinates": [ 2.141145396993625, 41.398933839623396 ] } },
{ "type": "Feature", "properties": { "CODI_PARADA": 3827, "NOM_PARADA": "Hospital Plató", "MARQUESINA": null, "PAL": 1.0, "PAL SOLAR": null, "PIU": null, "GEOMETRY": "POINT (2.1421209541641835 41.40156960623122)", "Type": "Bus Stop", "Evaluation": "No PID" }, "geometry": { "type": "Point", "coordinates": [ 2.142120954164183, 41.40156960623122 ] } },
{ "type": "Feature", "properties": { "CODI_PARADA": 3828, "NOM_PARADA": "Parròquia Santa Agnès", "MARQUESINA": null, "PAL": 1.0, "PAL SOLAR": null, "PIU": null, "GEOMETRY": "POINT (2.1449001166750223 41.401364744021514)", "Type": "Bus Stop", "Evaluation": "No PID" }, "geometry": { "type": "Point", "coordinates": [ 2.144900116675022, 41.401364744021514 ] } },
{ "type": "Feature", "properties": { "CODI_PARADA": 3830, "NOM_PARADA": "Av de la Fama - Pg dels Ferrocarrils Catalans", "MARQUESINA": 1.0, "PAL": null, "PAL SOLAR": null, "PIU": null, "GEOMETRY": "POINT (2.081549695488714 41.35299656559533)", "Type": "Bus Stop", "Evaluation": "No PID" }, "geometry": { "type": "Point", "coordinates": [ 2.081549695488714, 41.352996565595333 ] } },
{ "type": "Feature", "properties": { "CODI_PARADA": 3831, "NOM_PARADA": "Av de la Fama - Pg dels Ferrocarrils Catalans", "MARQUESINA": null, "PAL": 1.0, "PAL SOLAR": null, "PIU": null, "GEOMETRY": "POINT (2.081416772345426 41.35319724053105)", "Type": "Bus Stop", "Evaluation": "No PID" }, "geometry": { "type": "Point", "coordinates": [ 2.081416772345426, 41.353197240531053 ] } },
{ "type": "Feature", "properties": { "CODI_PARADA": 3832, "NOM_PARADA": "Ctra del Prat - Ctra de l'Hospitalet", "MARQUESINA": 1.0, "PAL": null, "PAL SOLAR": null, "PIU": 1.0, "GEOMETRY": "POINT (2.076700594183675 41.352779828133805)", "Type": "Bus Stop", "Evaluation": "Has PID" }, "geometry": { "type": "Point", "coordinates": [ 2.076700594183675, 41.352779828133805 ] } },
{ "type": "Feature", "properties": { "CODI_PARADA": 3833, "NOM_PARADA": "Pl de la Llibertat", "MARQUESINA": 1.0, "PAL": null, "PAL SOLAR": null, "PIU": null, "GEOMETRY": "POINT (2.0758475885670147 41.352815512907455)", "Type": "Bus Stop", "Evaluation": "No PID" }, "geometry": { "type": "Point", "coordinates": [ 2.075847588567015, 41.352815512907455 ] } },
{ "type": "Feature", "properties": { "CODI_PARADA": 3834, "NOM_PARADA": "Vico - Ronda General Mitre", "MARQUESINA": null, "PAL": 1.0, "PAL SOLAR": null, "PIU": null, "GEOMETRY": "POINT (2.1360072072248966 41.40041912689385)", "Type": "Bus Stop", "Evaluation": "No PID" }, "geometry": { "type": "Point", "coordinates": [ 2.136007207224897, 41.400419126893851 ] } },
{ "type": "Feature", "properties": { "CODI_PARADA": 3835, "NOM_PARADA": "Freixa - Vallmajor", "MARQUESINA": null, "PAL": 1.0, "PAL SOLAR": null, "PIU": null, "GEOMETRY": "POINT (2.138364718642101 41.39923885384091)", "Type": "Bus Stop", "Evaluation": "No PID" }, "geometry": { "type": "Point", "coordinates": [ 2.138364718642101, 41.399238853840913 ] } },
{ "type": "Feature", "properties": { "CODI_PARADA": 3836, "NOM_PARADA": "Jocs del 92 - Pierre de Coubertin", "MARQUESINA": null, "PAL": 1.0, "PAL SOLAR": null, "PIU": null, "GEOMETRY": "POINT (2.146700180309376 41.36294305960587)", "Type": "Bus Stop", "Evaluation": "No PID" }, "geometry": { "type": "Point", "coordinates": [ 2.146700180309376, 41.362943059605868 ] } },
{ "type": "Feature", "properties": { "CODI_PARADA": 3837, "NOM_PARADA": "Jocs del 92 - Pedrera del Mussol", "MARQUESINA": null, "PAL": 1.0, "PAL SOLAR": null, "PIU": null, "GEOMETRY": "POINT (2.1470872052308465 41.36264381554769)", "Type": "Bus Stop", "Evaluation": "No PID" }, "geometry": { "type": "Point", "coordinates": [ 2.147087205230847, 41.362643815547692 ] } },
{ "type": "Feature", "properties": { "CODI_PARADA": 3838, "NOM_PARADA": "Pl Rosa dels Vents", "MARQUESINA": 1.0, "PAL": null, "PAL SOLAR": null, "PIU": null, "GEOMETRY": "POINT (2.187328731836034 41.367966728437)", "Type": "Bus Stop", "Evaluation": "No PID" }, "geometry": { "type": "Point", "coordinates": [ 2.187328731836034, 41.367966728436997 ] } },
{ "type": "Feature", "properties": { "CODI_PARADA": 3839, "NOM_PARADA": "Escola Mitja Costa", "MARQUESINA": null, "PAL": 1.0, "PAL SOLAR": null, "PIU": null, "GEOMETRY": "POINT (2.17458317516644 41.482672587723684)", "Type": "Bus Stop", "Evaluation": "No PID" }, "geometry": { "type": "Point", "coordinates": [ 2.17458317516644, 41.482672587723684 ] } },
{ "type": "Feature", "properties": { "CODI_PARADA": 3840, "NOM_PARADA": "Antoni Pujades - Parc de Ca n'Oller", "MARQUESINA": null, "PAL": 1.0, "PAL SOLAR": null, "PIU": null, "GEOMETRY": "POINT (2.1717199258895534 41.481694233771734)", "Type": "Bus Stop", "Evaluation": "No PID" }, "geometry": { "type": "Point", "coordinates": [ 2.171719925889553, 41.481694233771734 ] } },
{ "type": "Feature", "properties": { "CODI_PARADA": 3841, "NOM_PARADA": "Estació Rodalies Montcada i Reixac - Santa Maria", "MARQUESINA": null, "PAL": 1.0, "PAL SOLAR": null, "PIU": null, "GEOMETRY": "POINT (2.1669892430303603 41.48092290155782)", "Type": "Bus Stop", "Evaluation": "No PID" }, "geometry": { "type": "Point", "coordinates": [ 2.16698924303036, 41.480922901557818 ] } },
{ "type": "Feature", "properties": { "CODI_PARADA": 3842, "NOM_PARADA": "Ctra Nacional 150 - La Molina", "MARQUESINA": null, "PAL": 1.0, "PAL SOLAR": null, "PIU": null, "GEOMETRY": "POINT (2.1652924017957917 41.48085237080383)", "Type": "Bus Stop", "Evaluation": "No PID" }, "geometry": { "type": "Point", "coordinates": [ 2.165292401795792, 41.480852370803831 ] } },
{ "type": "Feature", "properties": { "CODI_PARADA": 3843, "NOM_PARADA": "Av Terra Nostra - Alzina", "MARQUESINA": null, "PAL": 1.0, "PAL SOLAR": null, "PIU": null, "GEOMETRY": "POINT (2.1673506854056384 41.481821023042414)", "Type": "Bus Stop", "Evaluation": "No PID" }, "geometry": { "type": "Point", "coordinates": [ 2.167350685405638, 41.481821023042414 ] } },
{ "type": "Feature", "properties": { "CODI_PARADA": 3844, "NOM_PARADA": "Av Terra Nostra - Llorer", "MARQUESINA": null, "PAL": 1.0, "PAL SOLAR": null, "PIU": null, "GEOMETRY": "POINT (2.171074112330224 41.48242638305595)", "Type": "Bus Stop", "Evaluation": "No PID" }, "geometry": { "type": "Point", "coordinates": [ 2.171074112330224, 41.482426383055952 ] } },
{ "type": "Feature", "properties": { "CODI_PARADA": 3845, "NOM_PARADA": "Parc del Mitja Costa", "MARQUESINA": null, "PAL": 1.0, "PAL SOLAR": null, "PIU": null, "GEOMETRY": "POINT (2.17465574617966 41.482604842159226)", "Type": "Bus Stop", "Evaluation": "No PID" }, "geometry": { "type": "Point", "coordinates": [ 2.17465574617966, 41.482604842159226 ] } },
{ "type": "Feature", "properties": { "CODI_PARADA": 3846, "NOM_PARADA": "Santander - Ca N'Oliva", "MARQUESINA": 1.0, "PAL": null, "PAL SOLAR": null, "PIU": 1.0, "GEOMETRY": "POINT (2.2020911454655856 41.42753032946885)", "Type": "Bus Stop", "Evaluation": "Has PID" }, "geometry": { "type": "Point", "coordinates": [ 2.202091145465586, 41.427530329468851 ] } },
{ "type": "Feature", "properties": { "CODI_PARADA": 3848, "NOM_PARADA": "Centre Cívic Can Castelló", "MARQUESINA": null, "PAL": 1.0, "PAL SOLAR": null, "PIU": null, "GEOMETRY": "POINT (2.1398704852269557 41.3992546485231)", "Type": "Bus Stop", "Evaluation": "No PID" }, "geometry": { "type": "Point", "coordinates": [ 2.139870485226956, 41.399254648523097 ] } },
{ "type": "Feature", "properties": { "CODI_PARADA": 3850, "NOM_PARADA": "Roc Boronat - Tànger", "MARQUESINA": null, "PAL": 1.0, "PAL SOLAR": null, "PIU": null, "GEOMETRY": "POINT (2.1929756038962167 41.40388474400877)", "Type": "Bus Stop", "Evaluation": "No PID" }, "geometry": { "type": "Point", "coordinates": [ 2.192975603896217, 41.403884744008771 ] } },
{ "type": "Feature", "properties": { "CODI_PARADA": 3856, "NOM_PARADA": "Adrià Margarit - Av Tibidabo", "MARQUESINA": null, "PAL": 1.0, "PAL SOLAR": null, "PIU": null, "GEOMETRY": "POINT (2.1322519940794566 41.41476776093405)", "Type": "Bus Stop", "Evaluation": "No PID" }, "geometry": { "type": "Point", "coordinates": [ 2.132251994079457, 41.414767760934048 ] } },
{ "type": "Feature", "properties": { "CODI_PARADA": 3859, "NOM_PARADA": "Pg Zona Franca - Metro Foc", "MARQUESINA": null, "PAL": 1.0, "PAL SOLAR": null, "PIU": null, "GEOMETRY": "POINT (2.1421399121692652 41.35561311400633)", "Type": "Bus Stop", "Evaluation": "No PID" }, "geometry": { "type": "Point", "coordinates": [ 2.142139912169265, 41.355613114006331 ] } },
{ "type": "Feature", "properties": { "CODI_PARADA": 3860, "NOM_PARADA": "Estació Fabra i Puig", "MARQUESINA": null, "PAL": null, "PAL SOLAR": 1.0, "PIU": 1.0, "GEOMETRY": "POINT (2.18334982983965 41.43159854479258)", "Type": "Bus Stop", "Evaluation": "Has PID" }, "geometry": { "type": "Point", "coordinates": [ 2.18334982983965, 41.431598544792578 ] } },
{ "type": "Feature", "properties": { "CODI_PARADA": 3861, "NOM_PARADA": "Ferran Junoy - Ciutat d'Asunción", "MARQUESINA": null, "PAL": 1.0, "PAL SOLAR": null, "PIU": null, "GEOMETRY": "POINT (2.1979722513771898 41.44594303777342)", "Type": "Bus Stop", "Evaluation": "No PID" }, "geometry": { "type": "Point", "coordinates": [ 2.19797225137719, 41.445943037773418 ] } },
{ "type": "Feature", "properties": { "CODI_PARADA": 3862, "NOM_PARADA": "Clariana - Clarà", "MARQUESINA": null, "PAL": 1.0, "PAL SOLAR": null, "PIU": null, "GEOMETRY": "POINT (2.1997457003261007 41.44694952934153)", "Type": "Bus Stop", "Evaluation": "No PID" }, "geometry": { "type": "Point", "coordinates": [ 2.199745700326101, 41.446949529341531 ] } },
{ "type": "Feature", "properties": { "CODI_PARADA": 3863, "NOM_PARADA": "Campins - Pl del Baró de Viver", "MARQUESINA": null, "PAL": null, "PAL SOLAR": 1.0, "PIU": 1.0, "GEOMETRY": "POINT (2.1996026874013355 41.4474429822552)", "Type": "Bus Stop", "Evaluation": "Has PID" }, "geometry": { "type": "Point", "coordinates": [ 2.199602687401335, 41.447442982255197 ] } },
{ "type": "Feature", "properties": { "CODI_PARADA": 3865, "NOM_PARADA": "Palomar - Fernando Pessoa", "MARQUESINA": null, "PAL": 1.0, "PAL SOLAR": null, "PIU": null, "GEOMETRY": "POINT (2.192623153245131 41.442210372741826)", "Type": "Bus Stop", "Evaluation": "No PID" }, "geometry": { "type": "Point", "coordinates": [ 2.192623153245131, 41.442210372741826 ] } },
{ "type": "Feature", "properties": { "CODI_PARADA": 3866, "NOM_PARADA": "Parc de la Maquinista", "MARQUESINA": null, "PAL": null, "PAL SOLAR": 1.0, "PIU": 1.0, "GEOMETRY": "POINT (2.1962043728039657 41.43540776049108)", "Type": "Bus Stop", "Evaluation": "Has PID" }, "geometry": { "type": "Point", "coordinates": [ 2.196204372803966, 41.435407760491081 ] } },
{ "type": "Feature", "properties": { "CODI_PARADA": 3867, "NOM_PARADA": "Parc Esportiu Can Dragó", "MARQUESINA": null, "PAL": 1.0, "PAL SOLAR": null, "PIU": null, "GEOMETRY": "POINT (2.1828469576546934 41.43668017518413)", "Type": "Bus Stop", "Evaluation": "No PID" }, "geometry": { "type": "Point", "coordinates": [ 2.182846957654693, 41.436680175184129 ] } },
{ "type": "Feature", "properties": { "CODI_PARADA": 3868, "NOM_PARADA": "Saldes - Baldomer Girona", "MARQUESINA": null, "PAL": 1.0, "PAL SOLAR": null, "PIU": null, "GEOMETRY": "POINT (2.136654764267506 41.42857338168182)", "Type": "Bus Stop", "Evaluation": "No PID" }, "geometry": { "type": "Point", "coordinates": [ 2.136654764267506, 41.428573381681822 ] } },
{ "type": "Feature", "properties": { "CODI_PARADA": 3869, "NOM_PARADA": "Ctra Bordeta - Gran Via", "MARQUESINA": null, "PAL": 1.0, "PAL SOLAR": null, "PIU": null, "GEOMETRY": "POINT (2.1470927559484276 41.3739897518654)", "Type": "Bus Stop", "Evaluation": "No PID" }, "geometry": { "type": "Point", "coordinates": [ 2.147092755948428, 41.373989751865402 ] } },
{ "type": "Feature", "properties": { "CODI_PARADA": 3870, "NOM_PARADA": "Francesc Macià", "MARQUESINA": null, "PAL": null, "PAL SOLAR": 1.0, "PIU": null, "GEOMETRY": "POINT (2.143885546646735 41.391999816928504)", "Type": "Bus Stop", "Evaluation": "No PID" }, "geometry": { "type": "Point", "coordinates": [ 2.143885546646735, 41.391999816928504 ] } },
{ "type": "Feature", "properties": { "CODI_PARADA": 3871, "NOM_PARADA": "Av Verge de Montserrat - Penedès", "MARQUESINA": null, "PAL": 1.0, "PAL SOLAR": null, "PIU": null, "GEOMETRY": "POINT (2.092214369441255 41.32453712579398)", "Type": "Bus Stop", "Evaluation": "No PID" }, "geometry": { "type": "Point", "coordinates": [ 2.092214369441255, 41.324537125793981 ] } },
{ "type": "Feature", "properties": { "CODI_PARADA": 3872, "NOM_PARADA": "Av Verge de Montserrat - Av del Canal", "MARQUESINA": null, "PAL": 1.0, "PAL SOLAR": null, "PIU": null, "GEOMETRY": "POINT (2.0921358145846813 41.324716568625824)", "Type": "Bus Stop", "Evaluation": "No PID" }, "geometry": { "type": "Point", "coordinates": [ 2.092135814584681, 41.324716568625824 ] } },
{ "type": "Feature", "properties": { "CODI_PARADA": 3874, "NOM_PARADA": "Diagonal - Bruc", "MARQUESINA": null, "PAL": 1.0, "PAL SOLAR": null, "PIU": null, "GEOMETRY": "POINT (2.165620784121577 41.397849433650755)", "Type": "Bus Stop", "Evaluation": "No PID" }, "geometry": { "type": "Point", "coordinates": [ 2.165620784121577, 41.397849433650755 ] } },
{ "type": "Feature", "properties": { "CODI_PARADA": 3875, "NOM_PARADA": "Tarragona - Mallorca", "MARQUESINA": null, "PAL": 1.0, "PAL SOLAR": null, "PIU": null, "GEOMETRY": "POINT (2.143389402300477 41.37974128558887)", "Type": "Bus Stop", "Evaluation": "No PID" }, "geometry": { "type": "Point", "coordinates": [ 2.143389402300477, 41.379741285588871 ] } },
{ "type": "Feature", "properties": { "CODI_PARADA": 3876, "NOM_PARADA": "Estació de Sants - Pl Joan Peiró", "MARQUESINA": 1.0, "PAL": null, "PAL SOLAR": null, "PIU": 1.0, "GEOMETRY": "POINT (2.139024991762139 41.37838338418849)", "Type": "Bus Stop", "Evaluation": "Has PID" }, "geometry": { "type": "Point", "coordinates": [ 2.139024991762139, 41.378383384188488 ] } },
{ "type": "Feature", "properties": { "CODI_PARADA": 3877, "NOM_PARADA": "Pl Joan Peiró - Estació de Sants", "MARQUESINA": 1.0, "PAL": null, "PAL SOLAR": null, "PIU": null, "GEOMETRY": "POINT (2.1393325007972654 41.37811789566617)", "Type": "Bus Stop", "Evaluation": "No PID" }, "geometry": { "type": "Point", "coordinates": [ 2.139332500797265, 41.378117895666172 ] } },
{ "type": "Feature", "properties": { "CODI_PARADA": 3878, "NOM_PARADA": "Pg Sant Antoni - Parc de l'Espanya Industrial", "MARQUESINA": 1.0, "PAL": null, "PAL SOLAR": null, "PIU": null, "GEOMETRY": "POINT (2.1407669585924194 41.37832905835584)", "Type": "Bus Stop", "Evaluation": "No PID" }, "geometry": { "type": "Point", "coordinates": [ 2.140766958592419, 41.378329058355838 ] } },
{ "type": "Feature", "properties": { "CODI_PARADA": 3880, "NOM_PARADA": "Av Remolar - Lleida", "MARQUESINA": null, "PAL": 1.0, "PAL SOLAR": null, "PIU": null, "GEOMETRY": "POINT (2.0898124342007227 41.32062517894453)", "Type": "Bus Stop", "Evaluation": "No PID" }, "geometry": { "type": "Point", "coordinates": [ 2.089812434200723, 41.320625178944532 ] } },
{ "type": "Feature", "properties": { "CODI_PARADA": 3881, "NOM_PARADA": "Pallars - Selva de Mar", "MARQUESINA": 1.0, "PAL": null, "PAL SOLAR": null, "PIU": null, "GEOMETRY": "POINT (2.2092038219677166 41.40969057973704)", "Type": "Bus Stop", "Evaluation": "No PID" }, "geometry": { "type": "Point", "coordinates": [ 2.209203821967717, 41.409690579737038 ] } },
{ "type": "Feature", "properties": { "CODI_PARADA": 3882, "NOM_PARADA": "Pallars - Josep Pla", "MARQUESINA": 1.0, "PAL": null, "PAL SOLAR": null, "PIU": null, "GEOMETRY": "POINT (2.212739718912366 41.41235657204675)", "Type": "Bus Stop", "Evaluation": "No PID" }, "geometry": { "type": "Point", "coordinates": [ 2.212739718912366, 41.412356572046747 ] } },
{ "type": "Feature", "properties": { "CODI_PARADA": 3883, "NOM_PARADA": "Pont del Treball Digne - Berenguer de Palou", "MARQUESINA": null, "PAL": 1.0, "PAL SOLAR": null, "PIU": null, "GEOMETRY": "POINT (2.1921493351049697 41.42398339034662)", "Type": "Bus Stop", "Evaluation": "No PID" }, "geometry": { "type": "Point", "coordinates": [ 2.19214933510497, 41.423983390346621 ] } },
{ "type": "Feature", "properties": { "CODI_PARADA": 3884, "NOM_PARADA": "Rambla Prim - Llull", "MARQUESINA": null, "PAL": 1.0, "PAL SOLAR": null, "PIU": null, "GEOMETRY": "POINT (2.2177647544400734 41.412155434727545)", "Type": "Bus Stop", "Evaluation": "No PID" }, "geometry": { "type": "Point", "coordinates": [ 2.217764754440073, 41.412155434727545 ] } },
{ "type": "Feature", "properties": { "CODI_PARADA": 3886, "NOM_PARADA": "Cantàbria - Puigcerdà", "MARQUESINA": 1.0, "PAL": null, "PAL SOLAR": null, "PIU": 1.0, "GEOMETRY": "POINT (2.1991941313917374 41.42384090263657)", "Type": "Bus Stop", "Evaluation": "Has PID" }, "geometry": { "type": "Point", "coordinates": [ 2.199194131391737, 41.42384090263657 ] } },
{ "type": "Feature", "properties": { "CODI_PARADA": 3887, "NOM_PARADA": "Cantàbria - Ptge Ferradura", "MARQUESINA": null, "PAL": null, "PAL SOLAR": 1.0, "PIU": 1.0, "GEOMETRY": "POINT (2.1983507601814356 41.423287289523884)", "Type": "Bus Stop", "Evaluation": "Has PID" }, "geometry": { "type": "Point", "coordinates": [ 2.198350760181436, 41.423287289523884 ] } },
{ "type": "Feature", "properties": { "CODI_PARADA": 3888, "NOM_PARADA": "Rambla Prim - Pere IV", "MARQUESINA": 1.0, "PAL": null, "PAL SOLAR": null, "PIU": 1.0, "GEOMETRY": "POINT (2.2094767884504645 41.418375444964454)", "Type": "Bus Stop", "Evaluation": "Has PID" }, "geometry": { "type": "Point", "coordinates": [ 2.209476788450464, 41.418375444964454 ] } },
{ "type": "Feature", "properties": { "CODI_PARADA": 3889, "NOM_PARADA": "Rambla Prim - Gran Via", "MARQUESINA": 1.0, "PAL": null, "PAL SOLAR": null, "PIU": 1.0, "GEOMETRY": "POINT (2.209442840951163 41.419204085921436)", "Type": "Bus Stop", "Evaluation": "Has PID" }, "geometry": { "type": "Point", "coordinates": [ 2.209442840951163, 41.419204085921436 ] } },
{ "type": "Feature", "properties": { "CODI_PARADA": 3891, "NOM_PARADA": "Diagonal - Estació Verdaguer", "MARQUESINA": 1.0, "PAL": null, "PAL SOLAR": null, "PIU": 1.0, "GEOMETRY": "POINT (2.1668714449146678 41.39845290451771)", "Type": "Bus Stop", "Evaluation": "Has PID" }, "geometry": { "type": "Point", "coordinates": [ 2.166871444914668, 41.398452904517711 ] } },
{ "type": "Feature", "properties": { "CODI_PARADA": 3892, "NOM_PARADA": "Parc Salvador Allende", "MARQUESINA": null, "PAL": 1.0, "PAL SOLAR": null, "PIU": null, "GEOMETRY": "POINT (2.187311958635471 41.489403585377005)", "Type": "Bus Stop", "Evaluation": "No PID" }, "geometry": { "type": "Point", "coordinates": [ 2.187311958635471, 41.489403585377005 ] } },
{ "type": "Feature", "properties": { "CODI_PARADA": 3893, "NOM_PARADA": "Girona - Francesc Layret", "MARQUESINA": null, "PAL": 1.0, "PAL SOLAR": null, "PIU": null, "GEOMETRY": "POINT (2.1881728090686927 41.490357700378325)", "Type": "Bus Stop", "Evaluation": "No PID" }, "geometry": { "type": "Point", "coordinates": [ 2.188172809068693, 41.490357700378325 ] } },
{ "type": "Feature", "properties": { "CODI_PARADA": 3895, "NOM_PARADA": "ZAL Port (Prat)", "MARQUESINA": null, "PAL": 1.0, "PAL SOLAR": null, "PIU": null, "GEOMETRY": "POINT (2.1297665902787557 41.3183628691587)", "Type": "Bus Stop", "Evaluation": "No PID" }, "geometry": { "type": "Point", "coordinates": [ 2.129766590278756, 41.318362869158697 ] } },
{ "type": "Feature", "properties": { "CODI_PARADA": 3898, "NOM_PARADA": "Eixample", "MARQUESINA": null, "PAL": null, "PAL SOLAR": 1.0, "PIU": null, "GEOMETRY": "POINT (2.1447514449075777 41.38134756967316)", "Type": "Bus Stop", "Evaluation": "No PID" }, "geometry": { "type": "Point", "coordinates": [ 2.144751444907578, 41.38134756967316 ] } },
{ "type": "Feature", "properties": { "CODI_PARADA": 3899, "NOM_PARADA": "Eixample", "MARQUESINA": null, "PAL": null, "PAL SOLAR": 1.0, "PIU": 1.0, "GEOMETRY": "POINT (2.1449784967680885 41.38105530678798)", "Type": "Bus Stop", "Evaluation": "Has PID" }, "geometry": { "type": "Point", "coordinates": [ 2.144978496768088, 41.381055306787978 ] } },
{ "type": "Feature", "properties": { "CODI_PARADA": 3900, "NOM_PARADA": "Sant Antoni", "MARQUESINA": null, "PAL": null, "PAL SOLAR": 1.0, "PIU": null, "GEOMETRY": "POINT (2.1571547261504116 41.38095942090541)", "Type": "Bus Stop", "Evaluation": "No PID" }, "geometry": { "type": "Point", "coordinates": [ 2.157154726150412, 41.380959420905413 ] } },
{ "type": "Feature", "properties": { "CODI_PARADA": 3901, "NOM_PARADA": "Platja Nova Mar Bella", "MARQUESINA": null, "PAL": null, "PAL SOLAR": 1.0, "PIU": null, "GEOMETRY": "POINT (2.212074100961308 41.40095420597429)", "Type": "Bus Stop", "Evaluation": "No PID" }, "geometry": { "type": "Point", "coordinates": [ 2.212074100961308, 41.400954205974287 ] } },
{ "type": "Feature", "properties": { "CODI_PARADA": 3902, "NOM_PARADA": "Poblenou", "MARQUESINA": null, "PAL": null, "PAL SOLAR": 1.0, "PIU": null, "GEOMETRY": "POINT (2.1990855392984074 41.401053529368866)", "Type": "Bus Stop", "Evaluation": "No PID" }, "geometry": { "type": "Point", "coordinates": [ 2.199085539298407, 41.401053529368866 ] } },
{ "type": "Feature", "properties": { "CODI_PARADA": 3903, "NOM_PARADA": "Via Làctia - Menta", "MARQUESINA": null, "PAL": 1.0, "PAL SOLAR": null, "PIU": null, "GEOMETRY": "POINT (2.0981228335632083 41.42874945550467)", "Type": "Bus Stop", "Evaluation": "No PID" }, "geometry": { "type": "Point", "coordinates": [ 2.098122833563208, 41.428749455504672 ] } },
{ "type": "Feature", "properties": { "CODI_PARADA": 3904, "NOM_PARADA": "Casal Can Rectoret", "MARQUESINA": null, "PAL": 1.0, "PAL SOLAR": null, "PIU": null, "GEOMETRY": "POINT (2.098427174585107 41.42894736583175)", "Type": "Bus Stop", "Evaluation": "No PID" }, "geometry": { "type": "Point", "coordinates": [ 2.098427174585107, 41.428947365831753 ] } },
{ "type": "Feature", "properties": { "CODI_PARADA": 3906, "NOM_PARADA": "Carrer número 4 - Carrer A", "MARQUESINA": null, "PAL": 1.0, "PAL SOLAR": null, "PIU": null, "GEOMETRY": "POINT (2.1367844745567997 41.32842016231706)", "Type": "Bus Stop", "Evaluation": "No PID" }, "geometry": { "type": "Point", "coordinates": [ 2.1367844745568, 41.328420162317059 ] } },
{ "type": "Feature", "properties": { "CODI_PARADA": 3907, "NOM_PARADA": "Indústria - Grassot", "MARQUESINA": 1.0, "PAL": null, "PAL SOLAR": null, "PIU": null, "GEOMETRY": "POINT (2.166857789976374 41.40379693820065)", "Type": "Bus Stop", "Evaluation": "No PID" }, "geometry": { "type": "Point", "coordinates": [ 2.166857789976374, 41.403796938200649 ] } },
{ "type": "Feature", "properties": { "CODI_PARADA": 3908, "NOM_PARADA": "Pg de Sant Joan - Rosselló", "MARQUESINA": null, "PAL": null, "PAL SOLAR": 1.0, "PIU": null, "GEOMETRY": "POINT (2.1679269729055823 41.40035191874398)", "Type": "Bus Stop", "Evaluation": "No PID" }, "geometry": { "type": "Point", "coordinates": [ 2.167926972905582, 41.400351918743979 ] } },
{ "type": "Feature", "properties": { "CODI_PARADA": 3909, "NOM_PARADA": "Pg de Sant Joan - Provença", "MARQUESINA": null, "PAL": null, "PAL SOLAR": 1.0, "PIU": null, "GEOMETRY": "POINT (2.1682744286784565 41.40066791097824)", "Type": "Bus Stop", "Evaluation": "No PID" }, "geometry": { "type": "Point", "coordinates": [ 2.168274428678457, 41.400667910978243 ] } },
{ "type": "Feature", "properties": { "CODI_PARADA": 3910, "NOM_PARADA": "Ronda Sant Pau - Aldana", "MARQUESINA": 1.0, "PAL": null, "PAL SOLAR": null, "PIU": null, "GEOMETRY": "POINT (2.1666096773558965 41.37615082580978)", "Type": "Bus Stop", "Evaluation": "No PID" }, "geometry": { "type": "Point", "coordinates": [ 2.166609677355896, 41.376150825809781 ] } },
{ "type": "Feature", "properties": { "CODI_PARADA": 3911, "NOM_PARADA": "Escorial - Metro Joanic", "MARQUESINA": null, "PAL": 1.0, "PAL SOLAR": null, "PIU": null, "GEOMETRY": "POINT (2.162195059566844 41.40645266584406)", "Type": "Bus Stop", "Evaluation": "No PID" }, "geometry": { "type": "Point", "coordinates": [ 2.162195059566844, 41.406452665844057 ] } },
{ "type": "Feature", "properties": { "CODI_PARADA": 3912, "NOM_PARADA": "Foc - Estany", "MARQUESINA": 1.0, "PAL": null, "PAL SOLAR": null, "PIU": null, "GEOMETRY": "POINT (2.1409128887213313 41.355881906779466)", "Type": "Bus Stop", "Evaluation": "No PID" }, "geometry": { "type": "Point", "coordinates": [ 2.140912888721331, 41.355881906779466 ] } },
{ "type": "Feature", "properties": { "CODI_PARADA": 3913, "NOM_PARADA": "Foc - Pg Zona Franca", "MARQUESINA": 1.0, "PAL": null, "PAL SOLAR": null, "PIU": null, "GEOMETRY": "POINT (2.14119268650619 41.35616310168706)", "Type": "Bus Stop", "Evaluation": "No PID" }, "geometry": { "type": "Point", "coordinates": [ 2.14119268650619, 41.356163101687059 ] } },
{ "type": "Feature", "properties": { "CODI_PARADA": 3914, "NOM_PARADA": "Foc - Fira de Barcelona", "MARQUESINA": 1.0, "PAL": null, "PAL SOLAR": null, "PIU": null, "GEOMETRY": "POINT (2.134840906128393 41.35360876990328)", "Type": "Bus Stop", "Evaluation": "No PID" }, "geometry": { "type": "Point", "coordinates": [ 2.134840906128393, 41.353608769903282 ] } },
{ "type": "Feature", "properties": { "CODI_PARADA": 3915, "NOM_PARADA": "Foc - Metro Fira", "MARQUESINA": null, "PAL": 1.0, "PAL SOLAR": null, "PIU": null, "GEOMETRY": "POINT (2.1308108287473715 41.35190957863138)", "Type": "Bus Stop", "Evaluation": "No PID" }, "geometry": { "type": "Point", "coordinates": [ 2.130810828747371, 41.351909578631378 ] } },
{ "type": "Feature", "properties": { "CODI_PARADA": 3916, "NOM_PARADA": "Montseny - Travessia de Sant Antoni", "MARQUESINA": null, "PAL": 1.0, "PAL SOLAR": null, "PIU": null, "GEOMETRY": "POINT (2.1554211036122255 41.40229084809641)", "Type": "Bus Stop", "Evaluation": "No PID" }, "geometry": { "type": "Point", "coordinates": [ 2.155421103612225, 41.402290848096413 ] } },
{ "type": "Feature", "properties": { "CODI_PARADA": 3931, "NOM_PARADA": "Mercat de Montserrat", "MARQUESINA": 1.0, "PAL": null, "PAL SOLAR": null, "PIU": null, "GEOMETRY": "POINT (2.1806070302311684 41.447523320728834)", "Type": "Bus Stop", "Evaluation": "No PID" }, "geometry": { "type": "Point", "coordinates": [ 2.180607030231168, 41.447523320728834 ] } },
{ "type": "Feature", "properties": { "CODI_PARADA": 3932, "NOM_PARADA": "Pg Manuel Girona - Benet Mateu", "MARQUESINA": 1.0, "PAL": null, "PAL SOLAR": null, "PIU": null, "GEOMETRY": "POINT (2.1258952260616 41.391574573119264)", "Type": "Bus Stop", "Evaluation": "No PID" }, "geometry": { "type": "Point", "coordinates": [ 2.1258952260616, 41.391574573119264 ] } },
{ "type": "Feature", "properties": { "CODI_PARADA": 3933, "NOM_PARADA": "Capità Arenas - Francesc Carbonell", "MARQUESINA": null, "PAL": 1.0, "PAL SOLAR": null, "PIU": null, "GEOMETRY": "POINT (2.125242780703752 41.391972092979785)", "Type": "Bus Stop", "Evaluation": "No PID" }, "geometry": { "type": "Point", "coordinates": [ 2.125242780703752, 41.391972092979785 ] } },
{ "type": "Feature", "properties": { "CODI_PARADA": 3935, "NOM_PARADA": "Paral·lel - Pl Espanya", "MARQUESINA": null, "PAL": 1.0, "PAL SOLAR": null, "PIU": null, "GEOMETRY": "POINT (2.1509563893928423 41.37490525208799)", "Type": "Bus Stop", "Evaluation": "No PID" }, "geometry": { "type": "Point", "coordinates": [ 2.150956389392842, 41.374905252087991 ] } },
{ "type": "Feature", "properties": { "CODI_PARADA": 3937, "NOM_PARADA": "Castell d'Argençola - Castellví", "MARQUESINA": null, "PAL": 1.0, "PAL SOLAR": null, "PIU": null, "GEOMETRY": "POINT (2.173531993107331 41.45411912336884)", "Type": "Bus Stop", "Evaluation": "No PID" }, "geometry": { "type": "Point", "coordinates": [ 2.173531993107331, 41.454119123368841 ] } },
{ "type": "Feature", "properties": { "CODI_PARADA": 3938, "NOM_PARADA": "Ciutat de la Justícia", "MARQUESINA": null, "PAL": 1.0, "PAL SOLAR": null, "PIU": null, "GEOMETRY": "POINT (2.132277611070598 41.36527856024141)", "Type": "Bus Stop", "Evaluation": "No PID" }, "geometry": { "type": "Point", "coordinates": [ 2.132277611070598, 41.365278560241407 ] } },
{ "type": "Feature", "properties": { "CODI_PARADA": 7002, "NOM_PARADA": "Alternativa per Fires - Pl Espanya", "MARQUESINA": null, "PAL": 1.0, "PAL SOLAR": null, "PIU": null, "GEOMETRY": "POINT (2.1499805724038974 41.373505955062186)", "Type": "Bus Stop", "Evaluation": "No PID" }, "geometry": { "type": "Point", "coordinates": [ 2.149980572403897, 41.373505955062186 ] } },
{ "type": "Feature", "properties": { "CODI_PARADA": 7007, "NOM_PARADA": "Aparcament C", "MARQUESINA": null, "PAL": 1.0, "PAL SOLAR": null, "PIU": null, "GEOMETRY": "POINT (2.1311716777122505 41.35206534453083)", "Type": "Bus Stop", "Evaluation": "No PID" }, "geometry": { "type": "Point", "coordinates": [ 2.13117167771225, 41.352065344530828 ] } },
{ "type": "Feature", "properties": { "CODI_PARADA": 7010, "NOM_PARADA": "Alternativa BBT", "MARQUESINA": null, "PAL": null, "PAL SOLAR": 1.0, "PIU": null, "GEOMETRY": "POINT (2.1777753210181428 41.37293930341618)", "Type": "Bus Stop", "Evaluation": "No PID" }, "geometry": { "type": "Point", "coordinates": [ 2.177775321018143, 41.372939303416182 ] } },
{ "type": "Feature", "properties": { "CODI_PARADA": 7012, "NOM_PARADA": "Especial Verdaguer", "MARQUESINA": null, "PAL": 1.0, "PAL SOLAR": null, "PIU": null, "GEOMETRY": "POINT (2.1228152707826817 41.38353276031471)", "Type": "Bus Stop", "Evaluation": "No PID" }, "geometry": { "type": "Point", "coordinates": [ 2.122815270782682, 41.383532760314708 ] } },
{ "type": "Feature", "properties": { "CODI_PARADA": 7013, "NOM_PARADA": "Especial Pl Catalunya", "MARQUESINA": null, "PAL": 1.0, "PAL SOLAR": null, "PIU": null, "GEOMETRY": "POINT (2.122779605305234 41.38407251608886)", "Type": "Bus Stop", "Evaluation": "No PID" }, "geometry": { "type": "Point", "coordinates": [ 2.122779605305234, 41.384072516088857 ] } },
{ "type": "Feature", "properties": { "CODI_PARADA": 7015, "NOM_PARADA": "Alternativa per Fires", "MARQUESINA": null, "PAL": 1.0, "PAL SOLAR": null, "PIU": null, "GEOMETRY": "POINT (2.1548721557215345 41.36225046358893)", "Type": "Bus Stop", "Evaluation": "No PID" }, "geometry": { "type": "Point", "coordinates": [ 2.154872155721534, 41.362250463588929 ] } },
{ "type": "Feature", "properties": { "CODI_PARADA": 7031, "NOM_PARADA": "Bus Llançadora CON Triangle", "MARQUESINA": null, "PAL": 1.0, "PAL SOLAR": null, "PIU": null, "GEOMETRY": "POINT (2.1998252235665565 41.43027127705704)", "Type": "Bus Stop", "Evaluation": "No PID" }, "geometry": { "type": "Point", "coordinates": [ 2.199825223566557, 41.430271277057038 ] } },
{ "type": "Feature", "properties": { "CODI_PARADA": 8233, "NOM_PARADA": "Paral·lel - Nou de La Rambla", "MARQUESINA": null, "PAL": 1.0, "PAL SOLAR": null, "PIU": null, "GEOMETRY": "POINT (2.1695569818653957 41.37484827917987)", "Type": "Bus Stop", "Evaluation": "No PID" }, "geometry": { "type": "Point", "coordinates": [ 2.169556981865396, 41.374848279179872 ] } },
{ "type": "Feature", "properties": { "CODI_PARADA": 8285, "NOM_PARADA": "Sant Ildefons, s/n", "MARQUESINA": null, "PAL": 1.0, "PAL SOLAR": null, "PIU": null, "GEOMETRY": "POINT (2.080837082979856 41.367098633892766)", "Type": "Bus Stop", "Evaluation": "No PID" }, "geometry": { "type": "Point", "coordinates": [ 2.080837082979856, 41.367098633892766 ] } },
{ "type": "Feature", "properties": { "CODI_PARADA": 8373, "NOM_PARADA": "Gran Via Corts Catalanes", "MARQUESINA": null, "PAL": 1.0, "PAL SOLAR": null, "PIU": null, "GEOMETRY": "POINT (2.1480902861842828 41.373975192692065)", "Type": "Bus Stop", "Evaluation": "No PID" }, "geometry": { "type": "Point", "coordinates": [ 2.148090286184283, 41.373975192692065 ] } },
{ "type": "Feature", "properties": { "CODI_PARADA": 8535, "NOM_PARADA": "Travessera de les Corts, 73-129", "MARQUESINA": null, "PAL": 1.0, "PAL SOLAR": null, "PIU": null, "GEOMETRY": "POINT (2.1228537673360517 41.37899735926921)", "Type": "Bus Stop", "Evaluation": "No PID" }, "geometry": { "type": "Point", "coordinates": [ 2.122853767336052, 41.378997359269214 ] } },
{ "type": "Feature", "properties": { "CODI_PARADA": 8672, "NOM_PARADA": "Ganduxer, 132", "MARQUESINA": null, "PAL": 1.0, "PAL SOLAR": null, "PIU": null, "GEOMETRY": "POINT (2.131002946462905 41.40350608162034)", "Type": "Bus Stop", "Evaluation": "No PID" }, "geometry": { "type": "Point", "coordinates": [ 2.131002946462905, 41.403506081620343 ] } },
{ "type": "Feature", "properties": { "CODI_PARADA": 8756, "NOM_PARADA": "Santuari, 7", "MARQUESINA": null, "PAL": 1.0, "PAL SOLAR": null, "PIU": null, "GEOMETRY": "POINT (2.1498208306948783 41.42036672589557)", "Type": "Bus Stop", "Evaluation": "No PID" }, "geometry": { "type": "Point", "coordinates": [ 2.149820830694878, 41.420366725895569 ] } },
{ "type": "Feature", "properties": { "CODI_PARADA": 8778, "NOM_PARADA": "Santuari, 9", "MARQUESINA": null, "PAL": 1.0, "PAL SOLAR": null, "PIU": null, "GEOMETRY": "POINT (2.1499711966074764 41.420291368571476)", "Type": "Bus Stop", "Evaluation": "No PID" }, "geometry": { "type": "Point", "coordinates": [ 2.149971196607476, 41.420291368571476 ] } },
{ "type": "Feature", "properties": { "CODI_PARADA": 8933, "NOM_PARADA": "Estadi, 24-28", "MARQUESINA": null, "PAL": 1.0, "PAL SOLAR": null, "PIU": null, "GEOMETRY": "POINT (2.149349740142611 41.366185411444576)", "Type": "Bus Stop", "Evaluation": "No PID" }, "geometry": { "type": "Point", "coordinates": [ 2.149349740142611, 41.366185411444576 ] } },
{ "type": "Feature", "properties": { "CODI_PARADA": 9101, "NOM_PARADA": "Marroc 33-30", "MARQUESINA": null, "PAL": 1.0, "PAL SOLAR": null, "PIU": null, "GEOMETRY": "POINT (2.199255890016118 41.40743219899238)", "Type": "Bus Stop", "Evaluation": "No PID" }, "geometry": { "type": "Point", "coordinates": [ 2.199255890016118, 41.407432198992382 ] } },
{ "type": "Feature", "properties": { "CODI_PARADA": 9189, "NOM_PARADA": "Pere IV, 315", "MARQUESINA": null, "PAL": 1.0, "PAL SOLAR": null, "PIU": null, "GEOMETRY": "POINT (2.203140622070842 41.41016588796427)", "Type": "Bus Stop", "Evaluation": "No PID" }, "geometry": { "type": "Point", "coordinates": [ 2.203140622070842, 41.410165887964268 ] } },
{ "type": "Feature", "properties": { "CODI_PARADA": 9191, "NOM_PARADA": "via Augusta, 107", "MARQUESINA": null, "PAL": 1.0, "PAL SOLAR": null, "PIU": null, "GEOMETRY": "POINT (2.148103217264179 41.401308643024066)", "Type": "Bus Stop", "Evaluation": "No PID" }, "geometry": { "type": "Point", "coordinates": [ 2.148103217264179, 41.401308643024066 ] } },
{ "type": "Feature", "properties": { "CODI_PARADA": 9194, "NOM_PARADA": "Rambla Badal, 29-31", "MARQUESINA": null, "PAL": 1.0, "PAL SOLAR": null, "PIU": null, "GEOMETRY": "POINT (2.1657656954702795 41.42980789288454)", "Type": "Bus Stop", "Evaluation": "No PID" }, "geometry": { "type": "Point", "coordinates": [ 2.16576569547028, 41.42980789288454 ] } },
{ "type": "Feature", "properties": { "CODI_PARADA": 9301, "NOM_PARADA": "Cartellà, 167", "MARQUESINA": null, "PAL": 1.0, "PAL SOLAR": null, "PIU": null, "GEOMETRY": "POINT (2.1867601778863426 41.422389585366076)", "Type": "Bus Stop", "Evaluation": "No PID" }, "geometry": { "type": "Point", "coordinates": [ 2.186760177886343, 41.422389585366076 ] } },
{ "type": "Feature", "properties": { "CODI_PARADA": 9392, "NOM_PARADA": "Av. Meridiana, 277", "MARQUESINA": null, "PAL": 1.0, "PAL SOLAR": null, "PIU": null, "GEOMETRY": "POINT (2.1647730927910356 41.36900894383959)", "Type": "Bus Stop", "Evaluation": "No PID" }, "geometry": { "type": "Point", "coordinates": [ 2.164773092791036, 41.369008943839589 ] } },
{ "type": "Feature", "properties": { "CODI_PARADA": 9411, "NOM_PARADA": "Miramar 17 - 29", "MARQUESINA": null, "PAL": 1.0, "PAL SOLAR": null, "PIU": null, "GEOMETRY": "POINT (2.203755179492364 41.43911579787885)", "Type": "Bus Stop", "Evaluation": "No PID" }, "geometry": { "type": "Point", "coordinates": [ 2.203755179492364, 41.439115797878848 ] } },
{ "type": "Feature", "properties": { "CODI_PARADA": 9457, "NOM_PARADA": "Sas/Lima", "MARQUESINA": null, "PAL": 1.0, "PAL SOLAR": null, "PIU": null, "GEOMETRY": "POINT (2.120678579820185 41.4022570459655)", "Type": "Bus Stop", "Evaluation": "No PID" }, "geometry": { "type": "Point", "coordinates": [ 2.120678579820185, 41.402257045965499 ] } },
{ "type": "Feature", "properties": { "CODI_PARADA": 9491, "NOM_PARADA": "Puigxuriguer, 42", "MARQUESINA": null, "PAL": 1.0, "PAL SOLAR": null, "PIU": null, "GEOMETRY": "POINT (2.1729946970446683 41.372715726677114)", "Type": "Bus Stop", "Evaluation": "No PID" }, "geometry": { "type": "Point", "coordinates": [ 2.172994697044668, 41.372715726677114 ] } },
{ "type": "Feature", "properties": { "CODI_PARADA": 9543, "NOM_PARADA": "Ganduxer, 110", "MARQUESINA": null, "PAL": 1.0, "PAL SOLAR": null, "PIU": null, "GEOMETRY": "POINT (2.1328070429025696 41.40117416891581)", "Type": "Bus Stop", "Evaluation": "No PID" }, "geometry": { "type": "Point", "coordinates": [ 2.13280704290257, 41.401174168915809 ] } },
{ "type": "Feature", "properties": { "CODI_PARADA": 9599, "NOM_PARADA": "Massens, 55", "MARQUESINA": null, "PAL": 1.0, "PAL SOLAR": null, "PIU": null, "GEOMETRY": "POINT (2.1564873732805157 41.40835571436818)", "Type": "Bus Stop", "Evaluation": "No PID" }, "geometry": { "type": "Point", "coordinates": [ 2.156487373280516, 41.408355714368177 ] } },
{ "type": "Feature", "properties": { "CODI_PARADA": 9621, "NOM_PARADA": "Plom 5 - 7", "MARQUESINA": null, "PAL": 1.0, "PAL SOLAR": null, "PIU": null, "GEOMETRY": "POINT (2.1360744124181603 41.351921624812164)", "Type": "Bus Stop", "Evaluation": "No PID" }, "geometry": { "type": "Point", "coordinates": [ 2.13607441241816, 41.351921624812164 ] } },
{ "type": "Feature", "properties": { "CODI_PARADA": 9633, "NOM_PARADA": "Pg Vall d'Hebron 115", "MARQUESINA": null, "PAL": 1.0, "PAL SOLAR": null, "PIU": null, "GEOMETRY": "POINT (2.14143350786352 41.42263436338534)", "Type": "Bus Stop", "Evaluation": "No PID" }, "geometry": { "type": "Point", "coordinates": [ 2.14143350786352, 41.422634363385342 ] } },
{ "type": "Feature", "properties": { "CODI_PARADA": 9650, "NOM_PARADA": "Fabra i Puig", "MARQUESINA": null, "PAL": 1.0, "PAL SOLAR": null, "PIU": null, "GEOMETRY": "POINT (2.184608611659054 41.4282740634984)", "Type": "Bus Stop", "Evaluation": "No PID" }, "geometry": { "type": "Point", "coordinates": [ 2.184608611659054, 41.428274063498399 ] } },
{ "type": "Feature", "properties": { "CODI_PARADA": 9757, "NOM_PARADA": "Tirso, 47", "MARQUESINA": null, "PAL": 1.0, "PAL SOLAR": null, "PIU": null, "GEOMETRY": "POINT (2.1512336985832388 41.4192956766206)", "Type": "Bus Stop", "Evaluation": "No PID" }, "geometry": { "type": "Point", "coordinates": [ 2.151233698583239, 41.4192956766206 ] } },
{ "type": "Feature", "properties": { "CODI_PARADA": 9933, "NOM_PARADA": "Balmes, 359", "MARQUESINA": null, "PAL": 1.0, "PAL SOLAR": null, "PIU": null, "GEOMETRY": "POINT (2.1415353129887498 41.40403407613569)", "Type": "Bus Stop", "Evaluation": "No PID" }, "geometry": { "type": "Point", "coordinates": [ 2.14153531298875, 41.404034076135687 ] } },
{ "type": "Feature", "properties": { "CODI_PARADA": 9942, "NOM_PARADA": "Llobregós, 102", "MARQUESINA": null, "PAL": 1.0, "PAL SOLAR": null, "PIU": null, "GEOMETRY": "POINT (2.1570089696813115 41.424847454984906)", "Type": "Bus Stop", "Evaluation": "No PID" }, "geometry": { "type": "Point", "coordinates": [ 2.157008969681312, 41.424847454984906 ] } },
{ "type": "Feature", "properties": { "CODI_PARADA": 9951, "NOM_PARADA": "Pg. Sant Antoni, 53-55", "MARQUESINA": null, "PAL": 1.0, "PAL SOLAR": null, "PIU": null, "GEOMETRY": "POINT (2.1416324791119012 41.379149486011165)", "Type": "Bus Stop", "Evaluation": "No PID" }, "geometry": { "type": "Point", "coordinates": [ 2.141632479111901, 41.379149486011165 ] } },
{ "type": "Feature", "properties": { "CODI_PARADA": 9961, "NOM_PARADA": "Pg. Maragall, 421", "MARQUESINA": null, "PAL": 1.0, "PAL SOLAR": null, "PIU": null, "GEOMETRY": "POINT (2.1622835112466317 41.42923030836786)", "Type": "Bus Stop", "Evaluation": "No PID" }, "geometry": { "type": "Point", "coordinates": [ 2.162283511246632, 41.429230308367863 ] } },
{ "type": "Feature", "properties": { "CODI_PARADA": 9962, "NOM_PARADA": "Porto, 12", "MARQUESINA": null, "PAL": 1.0, "PAL SOLAR": null, "PIU": null, "GEOMETRY": "POINT (2.157349696925759 41.429608172738135)", "Type": "Bus Stop", "Evaluation": "No PID" }, "geometry": { "type": "Point", "coordinates": [ 2.157349696925759, 41.429608172738135 ] } },
{ "type": "Feature", "properties": { "CODI_PARADA": 9968, "NOM_PARADA": "Juan de Garay, 116", "MARQUESINA": null, "PAL": 1.0, "PAL SOLAR": null, "PIU": null, "GEOMETRY": "POINT (2.185744016595412 41.42260324702177)", "Type": "Bus Stop", "Evaluation": "No PID" }, "geometry": { "type": "Point", "coordinates": [ 2.185744016595412, 41.422603247021769 ] } },
{ "type": "Feature", "properties": { "CODI_PARADA": 9969, "NOM_PARADA": "Juan de Garay, 114", "MARQUESINA": null, "PAL": 1.0, "PAL SOLAR": null, "PIU": null, "GEOMETRY": "POINT (2.1857450850519875 41.422358597289055)", "Type": "Bus Stop", "Evaluation": "No PID" }, "geometry": { "type": "Point", "coordinates": [ 2.185745085051988, 41.422358597289055 ] } },
{ "type": "Feature", "properties": { "CODI_PARADA": 9970, "NOM_PARADA": "Concepción Arenal, 188-192", "MARQUESINA": null, "PAL": 1.0, "PAL SOLAR": null, "PIU": null, "GEOMETRY": "POINT (2.1845874913796997 41.42915208248932)", "Type": "Bus Stop", "Evaluation": "No PID" }, "geometry": { "type": "Point", "coordinates": [ 2.1845874913797, 41.429152082489317 ] } },
{ "type": "Feature", "properties": { "CODI_PARADA": 9977, "NOM_PARADA": "Meridiana, 367", "MARQUESINA": null, "PAL": 1.0, "PAL SOLAR": null, "PIU": null, "GEOMETRY": "POINT (2.183869323952732 41.428827310753725)", "Type": "Bus Stop", "Evaluation": "No PID" }, "geometry": { "type": "Point", "coordinates": [ 2.183869323952732, 41.428827310753725 ] } },
{ "type": "Feature", "properties": { "CODI_PARADA": 9978, "NOM_PARADA": "Meridiana, 323", "MARQUESINA": null, "PAL": 1.0, "PAL SOLAR": null, "PIU": null, "GEOMETRY": "POINT (2.1858888852196974 41.42576270344519)", "Type": "Bus Stop", "Evaluation": "No PID" }, "geometry": { "type": "Point", "coordinates": [ 2.185888885219697, 41.425762703445187 ] } },
{ "type": "Feature", "properties": { "CODI_PARADA": 9979, "NOM_PARADA": "Meridiana, 298", "MARQUESINA": null, "PAL": 1.0, "PAL SOLAR": null, "PIU": null, "GEOMETRY": "POINT (2.187097395049452 41.422660783311656)", "Type": "Bus Stop", "Evaluation": "No PID" }, "geometry": { "type": "Point", "coordinates": [ 2.187097395049452, 41.422660783311656 ] } },
{ "type": "Feature", "properties": { "CODI_PARADA": 9980, "NOM_PARADA": "Meridiana, 320", "MARQUESINA": null, "PAL": 1.0, "PAL SOLAR": null, "PIU": null, "GEOMETRY": "POINT (2.186799293066517 41.42480293840556)", "Type": "Bus Stop", "Evaluation": "No PID" }, "geometry": { "type": "Point", "coordinates": [ 2.186799293066517, 41.424802938405563 ] } },
{ "type": "Feature", "properties": { "CODI_PARADA": 9981, "NOM_PARADA": "Concepción Arenal, 103-105", "MARQUESINA": null, "PAL": 1.0, "PAL SOLAR": null, "PIU": null, "GEOMETRY": "POINT (2.183991072253359 41.423851728542076)", "Type": "Bus Stop", "Evaluation": "No PID" }, "geometry": { "type": "Point", "coordinates": [ 2.183991072253359, 41.423851728542076 ] } },
{ "type": "Feature", "properties": { "CODI_PARADA": 9994, "NOM_PARADA": "Torrent de la Perera, 23", "MARQUESINA": null, "PAL": 1.0, "PAL SOLAR": null, "PIU": null, "GEOMETRY": "POINT (2.191756717286087 41.45492377473801)", "Type": "Bus Stop", "Evaluation": "No PID" }, "geometry": { "type": "Point", "coordinates": [ 2.191756717286087, 41.454923774738013 ] } },
{ "type": "Feature", "properties": { "CODI_PARADA": 9999, "NOM_PARADA": "Madrazo, 104", "MARQUESINA": null, "PAL": 1.0, "PAL SOLAR": null, "PIU": null, "GEOMETRY": "POINT (2.1445105896426857 41.396887560025455)", "Type": "Bus Stop", "Evaluation": "No PID" }, "geometry": { "type": "Point", "coordinates": [ 2.144510589642686, 41.396887560025455 ] } }
]
}
